Country_Code,Country,Year,Literacy_Rate_Adult_Pct,Life_Expectancy_Years,Access_to_Electricity_Pct,Renewable_Energy_Pct,Internet_Users_Pct,Infant_Mortality_Rate,GDP_Per_Capita_USD
ABW,Aruba,2005,,73.415,100.0,0.2,25.4,,24171.8371325422
ABW,Aruba,2006,,73.498,100.0,0.2,28.0,,24845.65848362
ABW,Aruba,2007,,73.642,100.0,0.2,30.9,,26736.3089444046
ABW,Aruba,2008,,73.783,100.0,0.2,52.0,,28171.9094008501
ABW,Aruba,2009,,73.974,100.0,0.3,58.0,,25134.7712303589
ABW,Aruba,2010,96.8199996948242,74.297,93.4,5.5,62.0,,24093.1401510626
ABW,Aruba,2011,,74.578,100.0,5.7,69.0,,25712.3843015186
ABW,Aruba,2012,,74.841,100.0,6.9,74.0,,25119.6655449838
ABW,Aruba,2013,,75.072,100.0,6.9,78.9,,25813.5714408438
ABW,Aruba,2014,,75.261,100.0,6.9,83.78,,26129.8390617693
ABW,Aruba,2015,,75.405,100.0,6.7,88.661226932496,,27458.2201537506
ABW,Aruba,2016,,75.54,100.0,7.0,93.542453865048,,27441.5502144601
ABW,Aruba,2017,,75.62,100.0,6.8,97.17,,28440.0416881491
ABW,Aruba,2018,,75.88,100.0,8.6,,,30082.1584226798
ABW,Aruba,2019,,76.019,100.0,8.3,,,30654.4851235397
ABW,Aruba,2020,,75.406,100.0,9.1,,,22664.3709949437
ABW,Aruba,2021,,73.655,100.0,8.8,,,26827.3447869986
ABW,Aruba,2022,,76.226,99.9,8.8,,,31000.5713798732
ABW,Aruba,2023,,76.353,100.0,,,,34897.6183932009
AFE,Africa Eastern and Southern,2005,63.939998626709,54.8076807136336,23.449539355606,63.1090982683818,1.8,106.324608181285,1126.29920363201
AFE,Africa Eastern and Southern,2006,61.9500007629395,55.6935152578453,25.1724823105969,62.7381235737246,1.9,99.9110205751859,1235.17087902029
AFE,Africa Eastern and Southern,2007,62.9700012207031,56.4843531784534,26.7951445862147,61.5051686589556,2.7,94.6953490064832,1381.4452514345
AFE,Africa Eastern and Southern,2008,63.2299995422363,57.2401063228798,25.9088451344457,61.9080266133138,3.0,89.6062041509218,1447.42777531825
AFE,Africa Eastern and Southern,2009,63.9599990844727,58.0955271436463,26.1878464781111,61.3046006287143,3.5,85.0921790428166,1408.61565890435
AFE,Africa Eastern and Southern,2010,64.7099990844727,58.8272792062821,27.414953756332,62.8763868126774,5.3,81.9293217658242,1628.76857300184
AFE,Africa Eastern and Southern,2011,66.8300018310547,59.2000040300701,28.909756234127,62.8052791594478,6.8,83.5500388786075,1761.83829586572
AFE,Africa Eastern and Southern,2012,68.5199966430664,60.2495123598467,31.6734274619175,61.4099642987411,8.4,75.1809855113981,1731.86909640114
AFE,Africa Eastern and Southern,2013,69.370002746582,60.895739752772,31.7235735731483,60.8017990466951,10.0,71.3718833965859,1705.83900348854
AFE,Africa Eastern and Southern,2014,69.8300018310547,61.251436015671,31.8719561283579,61.2358816947099,12.1,70.8075544059449,1689.98238051624
AFE,Africa Eastern and Southern,2015,70.2399978637695,61.713030523495,33.9222756622758,61.6702780479896,14.3,69.7257641113397,1498.71597073834
AFE,Africa Eastern and Southern,2016,70.9599990844727,62.1679813169199,38.8595976583714,61.8228841937413,16.3,68.3630285644492,1335.7431649955
AFE,Africa Eastern and Southern,2017,70.879997253418,62.5912750961501,40.2237441730368,61.4269497576408,17.3,67.7377996223608,1529.92307995549
AFE,Africa Eastern and Southern,2018,71.6699981689453,63.3306913582336,43.0350733507835,61.5875298317964,19.6,63.4229471071232,1553.61794421394
AFE,Africa Eastern and Southern,2019,72.8000030517578,63.8572612837043,44.3908605333639,62.6907096127666,21.6,61.4916357499261,1508.0315245887
AFE,Africa Eastern and Southern,2020,72.9800033569336,63.7664840026943,46.2823709455637,65.7823798017466,23.5,60.6228105603126,1351.50316694933
AFE,Africa Eastern and Southern,2021,72.7200012207031,62.9799991857494,48.1272110400485,,25.0,63.1054754572995,1560.89462580275
AFE,Africa Eastern and Southern,2022,73.0599975585938,64.4871517904367,48.7420429375177,,26.8,63.2067883145526,1675.90252377611
AFE,Africa Eastern and Southern,2023,73.370002746582,65.1462279163724,50.6675157944854,,27.8,59.3756488709871,1571.13270407815
AFG,Afghanistan,2005,,58.247,28.7,33.9,1.22414808372471,109.3,254.184249149336
AFG,Afghanistan,2006,,58.553,33.5,31.9,2.10712364546412,104.8,274.218553561575
AFG,Afghanistan,2007,,58.956,38.4,28.8,1.899999976,100.4,376.223152003876
AFG,Afghanistan,2008,,59.708,42.4,21.2,1.84,96.1,381.73323802844
AFG,Afghanistan,2009,,60.248,48.3,16.5,3.55,91.9,452.053705477043
AFG,Afghanistan,2010,,60.702,42.7,15.2,4.0,88.0,560.621505463146
AFG,Afghanistan,2011,31.4500007629394,61.25,43.2,12.6,5.0,84.3,606.694676337726
AFG,Afghanistan,2012,,61.735,69.1,15.4,5.454500198,80.8,651.417134470046
AFG,Afghanistan,2013,,62.188,68.0,16.9,5.900000095,77.6,637.087099117099
AFG,Afghanistan,2014,,62.26,89.5,19.1,7.0,74.6,625.054941813938
AFG,Afghanistan,2015,33.75,62.27,71.5,17.7,8.260000229,71.9,565.569730408751
AFG,Afghanistan,2016,,62.646,97.7,20.2,11.0,69.4,522.082215583898
AFG,Afghanistan,2017,,62.406,97.7,19.5,13.5,67.1,525.469770891619
AFG,Afghanistan,2018,,62.443,93.4,18.3,16.79999924,64.8,491.337221382603
AFG,Afghanistan,2019,,62.941,97.7,18.9,17.60000038,62.7,496.6025042585
AFG,Afghanistan,2020,36.0149650316607,61.454,97.7,18.2,17.04850006,60.7,510.787063366811
AFG,Afghanistan,2021,37.2700004577637,60.417,97.7,20.0,16.51429939,58.7,356.496214115892
AFG,Afghanistan,2022,,65.617,85.3,20.0,15.86629963,56.8,357.261152798144
AFG,Afghanistan,2023,,66.035,85.3,,15.92840004,54.9,413.757894705303
AFW,Africa Western and Central,2005,51.6100006103516,52.5514240106227,37.9445063873223,80.9340336358309,2.3,138.055291695204,1001.134464675
AFW,Africa Western and Central,2006,52.2999992370605,52.9746257663093,39.969425653794,81.8733098332193,3.4,133.167260085583,1236.31604057497
AFW,Africa Western and Central,2007,50.2999992370605,53.4788420646953,40.8791483784919,82.3300149481968,4.3,128.649851237291,1407.72881703262
AFW,Africa Western and Central,2008,50.75,53.9130304683259,41.8786697808203,81.2111702741465,5.0,124.411471397873,1668.61565308526
AFW,Africa Western and Central,2009,50.8499984741211,53.8488138665276,42.0123595500348,82.3902132632194,5.8,125.445488444603,1455.22391926317
AFW,Africa Western and Central,2010,51.3899993896484,54.6006466175842,41.9644553034197,80.6878062215966,7.3,117.476014195508,1664.49204549878
AFW,Africa Western and Central,2011,52.439998626709,54.961240165203,46.0690344248595,79.282287064176,8.7,114.067745131608,1846.10292552744
AFW,Africa Western and Central,2012,53.0,55.2898561158278,44.1924075401795,78.4812300030604,10.3,111.214049041921,1943.37255535786
AFW,Africa Western and Central,2013,53.8400001525879,55.5516641369456,47.2021234922582,76.7014987422216,12.6,108.913498765347,2134.24752369303
AFW,Africa Western and Central,2014,54.5400009155273,55.691576869905,47.7700807261544,75.7410088804396,15.0,107.620975614798,2224.32958643376
AFW,Africa Western and Central,2015,55.4099998474121,56.0339962553159,46.865482628436,76.181670524591,18.6,104.792583996923,1863.40151301991
AFW,Africa Western and Central,2016,55.8699989318848,56.3875627997136,51.0516355535304,75.7968398295924,20.9,103.14513535298,1632.42497788744
AFW,Africa Western and Central,2017,56.8800010681152,56.6207642286762,48.902227563243,76.1016805879549,23.8,102.05803690267,1577.20349674013
AFW,Africa Western and Central,2018,60.3499984741211,57.0307711269764,51.3381985112771,75.4765777368905,25.7,100.218415291562,1723.11446346681
AFW,Africa Western and Central,2019,60.1399993896484,57.1428268060515,51.2893740480215,75.0787881678252,28.5,100.836050788105,2219.41255534667
AFW,Africa Western and Central,2020,60.25,57.3577091392887,51.8518662109613,75.846980103796,31.5,97.6133123185047,2034.43793971923
AFW,Africa Western and Central,2021,60.5099983215332,57.3550150454372,54.3660120999023,,34.7,97.2224382375747,2116.9382941844
AFW,Africa Western and Central,2022,60.7799987792969,57.9789954665232,55.5855936928306,,37.5,99.2832976933984,2143.07209365676
AFW,Africa Western and Central,2023,61.0299987792969,58.8474833840405,57.0647374680747,,38.5,93.1384625037946,1846.24681069313
AGO,Angola,2005,,52.13,29.4,68.9,1.143399954,131.5,2145.88621098663
AGO,Angola,2006,,52.965,30.5,62.6,1.5,119.8,2930.44428606516
AGO,Angola,2007,,54.2,37.5,58.9,1.700000048,109.0,3515.05678985496
AGO,Angola,2008,,55.281,38.5,55.4,1.899999976,99.2,4578.15526451058
AGO,Angola,2009,,56.225,33.8,53.0,2.299999952,90.7,3645.14846565169
AGO,Angola,2010,,57.242,35.0,53.1,2.799999952,83.4,4101.63715564669
AGO,Angola,2011,,58.093,34.6,51.7,4.699999809,77.2,5184.15269151846
AGO,Angola,2012,,58.916,37.3,49.0,7.699999809,72.0,5702.45306277434
AGO,Angola,2013,,59.705,38.4,46.8,13.0,67.9,5688.57916213471
AGO,Angola,2014,66.0299987792969,60.396,32.0,47.5,21.3623407584103,64.5,5649.68762467535
AGO,Angola,2015,66.2399978637695,61.042,42.0,47.1,22.0,61.8,3641.72893920253
AGO,Angola,2016,,61.619,41.8,48.1,23.20000076,59.6,2082.37343594705
AGO,Angola,2017,,62.122,42.9,52.5,26.0,57.9,2832.14997950512
AGO,Angola,2018,,62.622,45.3,52.5,29.0,56.5,2891.83032378747
AGO,Angola,2019,,63.051,45.6,51.0,32.12939835,55.3,2507.86807213642
AGO,Angola,2020,,63.116,47.0,60.1,33.32089996,54.2,1749.1794838482
AGO,Angola,2021,,62.958,48.2,52.9,34.55649948,53.2,2266.96834861584
AGO,Angola,2022,,64.246,48.5,,35.83800125,51.9,3598.53669077341
AGO,Angola,2023,68.1800003051758,64.617,51.1,,37.88589859,50.5,2885.51349130806
ALB,Albania,2005,,76.427,99.4,36.8,6.04389086404814,20.0,2741.72136549578
ALB,Albania,2006,,76.994,99.4,31.6,9.609999657,18.5,3057.77257038113
ALB,Albania,2007,,77.691,99.4,32.0,15.03610039,17.1,3743.05529896187
ALB,Albania,2008,95.9400024414062,78.248,100.0,35.8,23.86,15.8,4498.50486763601
ALB,Albania,2009,,78.509,99.6,37.1,41.2,14.5,4213.65007574693
ALB,Albania,2010,,78.414,99.6,37.0,45.0,13.3,4149.14469936847
ALB,Albania,2011,96.8499984741211,78.303,99.7,35.8,47.0,12.2,4465.70914328865
ALB,Albania,2012,97.25,78.084,99.9,39.9,49.40000153,11.2,4280.93316338873
ALB,Albania,2013,,77.995,99.9,41.1,51.79999924,10.5,4542.92903556739
ALB,Albania,2014,,78.029,100.0,38.6,54.29999924,9.9,4793.59751131525
ALB,Albania,2015,,78.358,100.0,38.5,56.90000153,9.6,4199.53912925398
ALB,Albania,2016,,78.643,99.9,39.4,59.59999847,9.4,4457.63412207495
ALB,Albania,2017,98.8099975585938,78.9,99.9,36.9,62.40000153,9.3,5006.36012951959
ALB,Albania,2018,,79.238,100.0,37.8,65.40000153,9.3,5897.65452588774
ALB,Albania,2019,,79.467,100.0,40.1,68.5503911218006,9.4,6069.43903131027
ALB,Albania,2020,,77.824,100.0,44.4,72.23767711,9.4,6027.91350716348
ALB,Albania,2021,,76.844,100.0,41.9,79.32371752,9.5,7242.45513146613
ALB,Albania,2022,,78.769,100.0,,82.61367544,9.4,7756.96188744253
ALB,Albania,2023,97.6800003051758,79.602,100.0,,83.13559161,9.4,9740.7023414631
AND,Andorra,2005,,83.086,100.0,16.6,37.6057662174867,5.9,40829.801878928
AND,Andorra,2006,,83.374,100.0,17.6,48.9368469989479,5.6,43467.210990395
AND,Andorra,2007,,83.632,100.0,16.6,70.87,5.3,48336.2283340364
AND,Andorra,2008,,83.855,100.0,17.0,70.04,5.0,49132.5157047203
AND,Andorra,2009,,84.1,100.0,17.1,78.53,4.8,43975.0183658196
AND,Andorra,2010,,84.197,100.0,18.7,81.0,4.5,42746.830952263
AND,Andorra,2011,,84.296,100.0,18.6,81.0,4.3,46657.1561204071
AND,Andorra,2012,,84.334,100.0,18.8,82.69999695,4.1,41500.5435782722
AND,Andorra,2013,,84.406,100.0,19.1,84.40000153,3.9,42470.3161158563
AND,Andorra,2014,,84.485,100.0,19.4,86.09999847,3.7,44369.6596894579
AND,Andorra,2015,,84.532,100.0,19.0,87.90000153,3.5,38654.9347217207
AND,Andorra,2016,,84.489,100.0,18.9,89.69999695,3.4,40129.8192026671
AND,Andorra,2017,,84.359,100.0,18.0,91.5674670273926,3.2,40672.9943362327
AND,Andorra,2018,,84.242,100.0,17.6,93.5,3.1,42819.774579353
AND,Andorra,2019,,84.098,100.0,17.2,90.71869659,3.0,41257.8045861543
AND,Andorra,2020,,79.418,100.0,20.9,93.20570374,2.9,37361.090067211
AND,Andorra,2021,,82.331,100.0,18.4,93.89749908,2.8,42425.6996761083
AND,Andorra,2022,,84.016,100.0,18.7,94.05169678,2.7,42414.0590111349
AND,Andorra,2023,,84.041,100.0,,94.21499634,2.6,46812.448450114
ARB,Arab World,2005,71.4300003051758,68.0405024136348,83.07676744851,6.40448670890967,,53.7749415860122,3750.69817199291
ARB,Arab World,2006,69.2099990844727,68.4912652387812,85.2843937164942,6.19564709639159,,50.2836850846917,4355.05761532494
ARB,Arab World,2007,70.0400009155273,68.8792264386993,83.6267638046023,5.60004577861799,,48.3025318536282,4940.70153714799
ARB,Arab World,2008,70.9000015258789,69.2581327561764,83.2755641606337,5.13130870182265,,46.471239953465,6100.53937632387
ARB,Arab World,2009,71.9499969482422,69.7069035410593,84.1597287073639,5.05522238152558,,44.8441745490491,5142.65633137166
ARB,Arab World,2010,72.5599975585938,69.8073221012027,86.921502593511,4.83562159152557,,44.917359877498,5957.50539498481
ARB,Arab World,2011,74.2900009155273,69.3633376859826,87.1726942320297,4.65946283874801,,53.8937199604241,6924.20289420703
ARB,Arab World,2012,75.1699981689453,69.842316602094,86.8478669651407,4.44428218260031,,43.2379757279856,7392.55638357541
ARB,Arab World,2013,76.2200012207031,70.1921058451273,88.9616299190749,4.48323739439238,,40.0651107724651,7384.79221541888
ARB,Arab World,2014,76.3099975585938,70.5350666310281,88.4067767085653,4.35137245136187,,38.966473325527,7347.6211570264
ARB,Arab World,2015,77.1500015258789,70.6580123695192,88.6616431398725,4.21496941236506,,38.3264086280594,6299.87807685552
ARB,Arab World,2016,75.9199981689453,70.8964881164428,89.1861710572825,4.29077756155343,,37.4469516814555,6051.26103619544
ARB,Arab World,2017,76.5899963378906,71.1128560080647,90.3510669396465,4.3581617981618,,38.7097264210473,6105.92161804571
ARB,Arab World,2018,76.9100036621094,71.4312997859137,88.6898406472267,4.50425823426351,,37.4834560622083,6708.53121256784
ARB,Arab World,2019,77.1500015258789,71.8398932674972,89.9289963083413,4.70633158020559,,35.8477618830257,6683.67016877686
ARB,Arab World,2020,77.5599975585938,70.7265588103862,90.2417769685806,5.17060073389405,,34.9116184492469,5749.75163256627
ARB,Arab World,2021,77.870002746582,70.4041144889903,90.4340947732985,,,34.347184058652,6708.20761928893
ARB,Arab World,2022,78.2699966430664,71.8760955992222,90.6545179070033,,,36.0409343939478,7960.81158770821
ARB,Arab World,2023,78.620002746582,72.4446783578531,91.6454299444509,,,35.0658387461088,7504.35637695627
ARE,United Arab Emirates,2005,90.0299987792969,80.779,100.0,0.1,40.0,9.8,38719.3138285388
ARE,United Arab Emirates,2006,,81.155,100.0,0.1,52.0,9.6,44342.603055045
ARE,United Arab Emirates,2007,,81.438,100.0,0.1,61.0,9.4,45854.7352436978
ARE,United Arab Emirates,2008,,81.591,100.0,0.1,63.0,9.2,50054.1700685968
ARE,United Arab Emirates,2009,,81.679,100.0,0.1,64.0,9.0,37803.0663737818
ARE,United Arab Emirates,2010,,81.886,100.0,0.1,68.0,8.8,44795.2846234991
ARE,United Arab Emirates,2011,,81.898,100.0,0.1,78.0,8.6,51921.8890746408
ARE,United Arab Emirates,2012,,81.913,100.0,0.1,84.9999915049492,8.4,53141.6251661086
ARE,United Arab Emirates,2013,,81.95,100.0,0.1,88.0,8.2,53247.2278745159
ARE,United Arab Emirates,2014,,81.99,100.0,0.1,90.4000107121939,7.9,52725.2307981936
ARE,United Arab Emirates,2015,,82.076,100.0,0.1,90.5,7.6,44910.3458860776
ARE,United Arab Emirates,2016,,82.195,100.0,0.1,90.6000073180483,7.3,42721.1136110991
ARE,United Arab Emirates,2017,,82.388,100.0,0.2,94.8199225383446,7.0,43733.6242018215
ARE,United Arab Emirates,2018,,82.449,100.0,0.3,98.4500017817194,6.7,47135.3478795605
ARE,United Arab Emirates,2019,97.7799987792969,82.596,100.0,0.7,99.1499979561243,6.3,45938.6084572227
ARE,United Arab Emirates,2020,,81.936,100.0,0.9,100.0,5.9,37991.738387966
ARE,United Arab Emirates,2021,98.129997253418,79.083,100.0,1.0,100.0,5.6,44118.4936214315
ARE,United Arab Emirates,2022,98.2900009155273,80.487,100.0,,100.0,5.3,50759.7590190204
ARE,United Arab Emirates,2023,98.0599975585938,82.909,100.0,,100.0,5.0,49850.6945082084
ARG,Argentina,2005,,75.231,96.7,9.6,17.7205833696065,16.7,5067.65342293276
ARG,Argentina,2006,,75.279,97.0,9.2,20.9272021035896,16.2,5869.38028970204
ARG,Argentina,2007,,74.783,97.2,7.7,25.9466329403819,15.8,7185.25155147027
ARG,Argentina,2008,,75.428,97.5,7.7,28.1126234799907,15.4,8944.1102657357
ARG,Argentina,2009,,75.577,97.8,8.6,34.0,15.0,8150.23527028221
ARG,Argentina,2010,,75.68,98.8,8.8,45.0,14.4,10260.1313108254
ARG,Argentina,2011,,76.1,99.0,8.8,51.0,13.9,12704.2831819684
ARG,Argentina,2012,,75.802,99.1,8.6,55.79999924,13.3,12949.717486654
ARG,Argentina,2013,,75.829,99.3,8.9,59.90000153,12.7,12963.675773326
ARG,Argentina,2014,,76.268,100.0,9.8,64.69999695,12.2,12233.1444119186
ARG,Argentina,2015,,76.6,99.7,9.4,68.0430641088122,11.7,13679.6264980954
ARG,Argentina,2016,,76.105,99.9,9.4,70.9689808206024,11.4,12699.9623137756
ARG,Argentina,2017,,76.543,100.0,10.4,74.2949068657957,11.0,14532.5009308511
ARG,Argentina,2018,,76.77,100.0,10.5,77.7,10.7,11752.7998922979
ARG,Argentina,2019,,76.847,100.0,10.7,79.9469520347551,10.5,9955.97478680428
ARG,Argentina,2020,99.1399993896484,75.878,100.0,9.8,85.51438646,10.3,8535.59938004389
ARG,Argentina,2021,,73.948,100.0,9.2,87.15070683,10.1,10738.0179223384
ARG,Argentina,2022,,75.806,100.0,,88.37535691,9.9,13962.1894087223
ARG,Argentina,2023,,77.395,100.0,,89.22897166,9.7,14261.8465667948
ARM,Armenia,2005,,73.0756097560976,99.8,6.5,5.252999783,23.9,1557.48458908655
ARM,Armenia,2006,,72.8243902439025,99.1,7.7,5.631800175,22.7,2041.65267068997
ARM,Armenia,2007,,72.8731707317073,99.2,7.0,6.021299839,21.6,2962.70234594569
ARM,Armenia,2008,,73.0731707317073,99.2,6.4,6.21,20.6,3777.66859313767
ARM,Armenia,2009,,73.0731707317073,99.3,7.8,15.30000019,19.6,2820.5926553347
ARM,Armenia,2010,,73.1731707317073,99.8,9.4,25.0,18.7,3041.34450723339
ARM,Armenia,2011,99.7399978637695,73.8170731707317,99.5,8.0,32.0,17.8,3349.55309771906
ARM,Armenia,2012,,74.119512195122,99.5,6.6,37.5,16.9,3511.56399687426
ARM,Armenia,2013,,74.6219512195122,99.4,6.8,41.9,16.1,3680.16692158886
ARM,Armenia,2014,,74.8731707317073,99.7,7.1,54.6228058583362,15.4,3852.11800610384
ARM,Armenia,2015,,74.8707317073171,100.0,10.7,59.1008337674937,14.7,3512.39350276709
ARM,Armenia,2016,99.7399978637695,74.8682926829268,99.8,13.2,64.3460297653742,14.0,3524.42476874707
ARM,Armenia,2017,99.7399978637695,75.2170731707317,99.7,12.6,64.7448843250726,13.3,3869.05373867752
ARM,Armenia,2018,100.0,75.619512195122,99.9,11.1,68.2450522610271,12.7,4196.00562301769
ARM,Armenia,2019,100.0,76.2219512195122,100.0,10.3,66.5439496866159,12.1,4597.22887399548
ARM,Armenia,2020,99.7900009155273,73.3756097560976,100.0,8.4,76.50770055,11.6,4268.68093304583
ARM,Armenia,2021,,72.2780487804878,100.0,9.1,78.61225758,11.0,4685.17997128509
ARM,Armenia,2022,99.8199996948242,74.7658536585366,100.0,,77.02767465,10.5,6571.97445545099
ARM,Armenia,2023,99.8399963378906,77.4658536585366,100.0,,79.99663036,10.0,8159.08720967996
ASM,American Samoa,2005,,72.382,,0.0,,,8831.26975996609
ASM,American Samoa,2006,,72.397,,0.0,,,8745.16621137404
ASM,American Samoa,2007,,72.365,,0.0,,,9231.37240924563
ASM,American Samoa,2008,,72.43,,0.0,,,10030.8089130902
ASM,American Samoa,2009,,70.839,,0.0,,,12156.0293905777
ASM,American Samoa,2010,,72.587,,0.0,,,10375.1720141957
ASM,American Samoa,2011,,72.662,,0.0,,,10383.459331451
ASM,American Samoa,2012,,72.709,,0.1,,,11745.4899153958
ASM,American Samoa,2013,,72.769,,0.2,,,11813.5022034589
ASM,American Samoa,2014,,72.687,,0.2,,,12026.3344929488
ASM,American Samoa,2015,,72.654,,0.2,,,12727.4102651386
ASM,American Samoa,2016,,72.64,,0.2,,,12843.3342903627
ASM,American Samoa,2017,,72.801,,0.3,,,11863.6839452565
ASM,American Samoa,2018,,72.794,,0.3,,,12552.0546868861
ASM,American Samoa,2019,,72.751,,0.4,,,12886.1359517218
ASM,American Samoa,2020,,72.672,,0.4,,,14489.2586563775
ASM,American Samoa,2021,,72.708,,0.4,,,15236.1604875571
ASM,American Samoa,2022,,72.752,,0.4,,,18017.4589383973
ASM,American Samoa,2023,,72.852,,,,,
ATG,Antigua and Barbuda,2005,,75.364,92.2,0.0,27.0,13.3,14368.5708796058
ATG,Antigua and Barbuda,2006,,75.506,100.0,0.0,30.0,13.0,16173.8136329968
ATG,Antigua and Barbuda,2007,,75.72,100.0,0.0,34.0,12.7,18204.5124043068
ATG,Antigua and Barbuda,2008,,76.075,100.0,0.0,38.0,12.5,18786.6743142216
ATG,Antigua and Barbuda,2009,,76.386,98.5,0.0,42.0,12.2,16472.2478528568
ATG,Antigua and Barbuda,2010,,76.701,98.7,0.0,47.0,12.0,15217.3950790922
ATG,Antigua and Barbuda,2011,,77.023,94.6,0.1,52.0,11.8,14911.7275084471
ATG,Antigua and Barbuda,2012,,77.1,100.0,0.1,58.0,11.6,15639.8078114787
ATG,Antigua and Barbuda,2013,,77.05,100.0,0.1,63.40000153,11.4,15051.5113587425
ATG,Antigua and Barbuda,2014,,76.912,100.0,0.1,67.77999878,11.2,15532.1062063584
ATG,Antigua and Barbuda,2015,,76.892,100.0,0.4,70.0,11.0,16077.6340769406
ATG,Antigua and Barbuda,2016,,76.968,100.0,0.4,70.27159882,10.8,16556.8551801588
ATG,Antigua and Barbuda,2017,,77.03,100.0,0.4,70.54419708,10.7,16965.7288273816
ATG,Antigua and Barbuda,2018,,77.132,100.0,0.7,70.81790161,10.5,18273.4270684912
ATG,Antigua and Barbuda,2019,,77.168,100.0,0.7,71.09259796,10.3,18896.3721832248
ATG,Antigua and Barbuda,2020,,77.161,100.0,0.9,71.36840057,10.1,15369.6082250401
ATG,Antigua and Barbuda,2021,,77.197,100.0,0.9,71.64530182,9.8,17348.6006987182
ATG,Antigua and Barbuda,2022,,77.483,100.0,0.9,71.9233017,9.6,20003.3909394099
ATG,Antigua and Barbuda,2023,,77.598,100.0,,72.12409973,9.3,22012.2625947994
AUS,Australia,2005,,80.8414634146341,100.0,6.7,63.0,5.7,34535.20727091
AUS,Australia,2006,,81.0414634146342,100.0,6.8,66.0,5.6,36658.8243476122
AUS,Australia,2007,,81.2926829268293,100.0,7.0,69.45,5.4,41128.2476618402
AUS,Australia,2008,,81.3951219512195,100.0,6.8,71.67,5.2,49811.2067218988
AUS,Australia,2009,,81.5439024390244,100.0,7.1,74.25,5.0,42954.8494884573
AUS,Australia,2010,,81.6951219512195,100.0,8.2,76.0,4.8,52313.8939041213
AUS,Australia,2011,,81.8951219512195,100.0,8.3,79.4876977139029,4.5,62799.3895017032
AUS,Australia,2012,,82.0463414634146,100.0,8.3,79.0,4.3,68301.4402512587
AUS,Australia,2013,,82.1487804878049,100.0,9.2,83.453497167,4.1,68476.6788496118
AUS,Australia,2014,,82.3,100.0,9.3,84.0,4.0,62817.2061751737
AUS,Australia,2015,,82.4,100.0,9.4,84.5605149091408,3.9,56970.3613028094
AUS,Australia,2016,,82.4487804878049,100.0,9.6,86.54000092,3.8,50084.4440606385
AUS,Australia,2017,,82.5,100.0,9.9,86.5450488476768,3.8,54117.547718609
AUS,Australia,2018,,82.7487804878049,100.0,9.8,90.0082016,3.8,57410.1737346009
AUS,Australia,2019,,82.9,100.0,10.3,93.60990143,3.8,55194.7585097428
AUS,Australia,2020,,83.2,100.0,11.2,94.6934967,3.8,51983.4523666382
AUS,Australia,2021,,83.3,100.0,12.3,96.97219849,3.7,60758.9044397144
AUS,Australia,2022,,83.2,100.0,,96.11940002,3.7,65169.5191118657
AUS,Australia,2023,,83.0512195121951,100.0,,96.1160965,3.7,65058.3773146674
AUT,Austria,2005,,79.3317073170732,100.0,24.4,58.0,4.9,38157.37022862
AUT,Austria,2006,,79.8804878048781,100.0,26.6,63.6,4.8,40382.2078298575
AUT,Austria,2007,,80.1804878048781,100.0,29.0,69.37,4.6,46622.9622913635
AUT,Austria,2008,,80.4317073170732,100.0,29.7,72.87,4.5,51581.3982361071
AUT,Austria,2009,,80.3317073170732,100.0,31.3,73.45,4.4,47857.4446635266
AUT,Austria,2010,,80.5804878048781,100.0,31.1,75.17,4.3,46611.1393420232
AUT,Austria,2011,,80.9829268292683,100.0,31.6,78.7399930986888,4.2,51116.8953522042
AUT,Austria,2012,,80.9365853658537,100.0,34.4,80.0299939169903,4.0,48250.4059142637
AUT,Austria,2013,,81.1365853658537,100.0,34.6,80.6188,3.9,50305.3545774973
AUT,Austria,2014,,81.490243902439,100.0,35.7,80.9958249574764,3.8,51314.9722616322
AUT,Austria,2015,,81.190243902439,100.0,34.8,83.9401419315026,3.7,43915.228020857
AUT,Austria,2016,,81.6414634146342,100.0,34.6,84.3237425711653,3.6,45061.4993920192
AUT,Austria,2017,,81.6439024390244,100.0,34.0,87.9355865856062,3.6,47163.7425775142
AUT,Austria,2018,,81.6926829268293,100.0,34.1,87.4791372262556,3.5,51194.0749841299
AUT,Austria,2019,,81.8951219512195,100.0,34.0,87.7522047870069,3.5,49885.9947355204
AUT,Austria,2020,,81.1926829268293,100.0,35.8,87.52942813,3.4,48716.4098900349
AUT,Austria,2021,,81.190243902439,100.0,36.0,92.52915104,3.4,53648.6437976214
AUT,Austria,2022,,81.2951219512195,100.0,,93.61409139,3.3,52336.7725223758
AUT,Austria,2023,,81.7926829268293,100.0,,95.33467117,3.3,56579.504175468
AZE,Azerbaijan,2005,,67.71,99.1,3.4,8.030400276,52.1,1578.36733030667
AZE,Azerbaijan,2006,,68.489,99.5,2.9,11.9921999,48.7,2472.95725732287
AZE,Azerbaijan,2007,99.5899963378906,68.659,99.5,3.8,14.53999996,45.7,3851.33015175141
AZE,Azerbaijan,2008,,69.355,99.7,3.1,17.08,42.9,5574.46810432575
AZE,Azerbaijan,2009,99.7600021362305,69.874,99.9,3.3,27.4,40.2,4950.39949009423
AZE,Azerbaijan,2010,99.7699966430664,70.309,99.9,4.4,46.0,37.8,5843.5337683582
AZE,Azerbaijan,2011,99.7799987792969,70.565,99.9,3.5,50.0,35.5,7189.81869211976
AZE,Azerbaijan,2012,99.7799987792969,71.08,100.0,2.8,54.20000076,33.4,7495.86527658099
AZE,Azerbaijan,2013,99.7900009155273,71.485,100.0,2.5,73.000001372,31.4,7875.34536661549
AZE,Azerbaijan,2014,99.7900009155273,71.93,100.0,2.1,75.0000156363396,29.6,7890.84028062087
AZE,Azerbaijan,2015,99.7900009155273,72.349,100.0,2.3,77.0,27.9,5500.50364628486
AZE,Azerbaijan,2016,99.7900009155273,72.568,100.0,1.9,78.2,26.5,3880.6852276838
AZE,Azerbaijan,2017,99.7900009155273,72.694,100.0,1.9,79.0,25.1,4147.1981423222
AZE,Azerbaijan,2018,,73.016,100.0,1.9,79.7999954887896,23.8,4739.7943123408
AZE,Azerbaijan,2019,99.8000030517578,73.29,100.0,1.7,81.0999990651547,22.7,4805.75371765917
AZE,Azerbaijan,2020,,70.312,100.0,1.3,84.59999573,21.5,4229.91064904503
AZE,Azerbaijan,2021,,70.999,100.0,1.3,85.99998954,20.5,5408.04535175023
AZE,Azerbaijan,2022,,74.125,100.0,,88.0,19.6,7770.594223351
AZE,Azerbaijan,2023,99.7799987792969,74.429,100.0,,89.0,18.7,7133.02838048328
BDI,Burundi,2005,,53.053,3.2,96.0,0.542100012,123.7,147.234619294225
BDI,Burundi,2006,,53.962,2.7,95.3,0.657599986,116.6,161.892755640319
BDI,Burundi,2007,,54.832,4.7,95.3,0.7,109.5,166.162744906755
BDI,Burundi,2008,48.0800018310547,55.581,4.8,95.0,0.81,102.6,189.502074570768
BDI,Burundi,2009,,56.422,5.4,94.6,0.899999976,96.1,198.431524048225
BDI,Burundi,2010,,57.088,5.3,93.2,1.0,90.2,216.727705301976
BDI,Burundi,2011,,57.804,6.2,92.1,1.110000014,84.7,230.069761381132
BDI,Burundi,2012,,58.501,6.5,91.7,1.220000029,79.6,231.098787811507
BDI,Burundi,2013,,59.179,6.9,90.8,1.2642181112,74.9,234.844770150871
BDI,Burundi,2014,61.2900009155273,59.764,7.0,91.3,1.04239212643994,70.6,250.544492155185
BDI,Burundi,2015,,60.107,7.9,91.2,2.0,66.9,254.402585226788
BDI,Burundi,2016,65.6900024414062,60.789,8.5,89.6,2.200000048,63.7,232.937812100153
BDI,Burundi,2017,68.379997253418,61.345,9.3,88.2,2.6607485347534,60.9,246.060725714184
BDI,Burundi,2018,,61.806,9.5,85.7,4.019499779,58.5,245.661678332009
BDI,Burundi,2019,,62.18,9.8,84.8,6.072199821,56.2,234.31061590725
BDI,Burundi,2020,71.3374789737041,62.569,9.1,83.4,6.430099964,54.3,252.702452750006
BDI,Burundi,2021,,62.101,10.2,83.1,6.777999878,52.3,264.172844085398
BDI,Burundi,2022,,62.882,10.3,83.0,7.144800186,50.3,301.832255755105
BDI,Burundi,2023,,63.651,11.6,,7.172299862,48.7,249.795164039029
BEL,Belgium,2005,,78.9804878048781,100.0,2.5,55.81999969,5.0,36809.7013403619
BEL,Belgium,2006,,79.380487804878,100.0,2.9,61.9818700222023,4.9,38705.1067959147
BEL,Belgium,2007,,79.7829268292683,100.0,3.4,66.7604202433135,4.8,44319.165448813
BEL,Belgium,2008,,79.6804878048781,100.0,4.0,68.8573221425131,4.7,48303.397956286
BEL,Belgium,2009,,80.0341463414634,100.0,4.9,74.5441455527336,4.6,44923.3400135081
BEL,Belgium,2010,,80.1829268292683,100.0,6.2,77.6397855126946,4.5,44197.393671162
BEL,Belgium,2011,,80.5853658536585,100.0,6.7,81.6099959955952,4.4,47760.8298776546
BEL,Belgium,2012,,80.3853658536585,100.0,7.7,80.7199905482042,4.3,44874.1709182123
BEL,Belgium,2013,,80.5878048780488,100.0,8.3,82.1702,4.2,46964.5946777056
BEL,Belgium,2014,,81.2878048780488,100.0,9.1,85.0012379539925,4.1,47995.7786961339
BEL,Belgium,2015,,80.9926829268293,100.0,9.4,85.0529417508701,4.1,40893.804537772
BEL,Belgium,2016,,81.4390243902439,100.0,9.2,86.5164766644457,4.1,41854.5498296444
BEL,Belgium,2017,,81.4926829268293,100.0,9.7,87.6796808175598,4.0,44035.3239358548
BEL,Belgium,2018,,81.5951219512195,100.0,10.7,88.6473429951691,4.0,47487.2100392561
BEL,Belgium,2019,,81.9951219512195,100.0,10.2,90.275428012141,3.9,46716.6227467964
BEL,Belgium,2020,,80.6951219512195,100.0,12.3,91.52641629,3.9,45906.2875805246
BEL,Belgium,2021,,81.790243902439,100.0,11.7,92.78867618,3.8,51658.238294958
BEL,Belgium,2022,,81.7487804878049,100.0,,94.00783071,3.8,50639.0264882739
BEL,Belgium,2023,,82.4,100.0,,94.62625074,3.7,55244.68145811
BEN,Benin,2005,,57.738,26.1,59.2,1.271000028,119.7,779.437777753268
BEN,Benin,2006,,57.966,27.9,57.3,1.537899971,117.0,809.147072506221
BEN,Benin,2007,,58.249,28.0,54.5,1.79,114.4,912.338247188342
BEN,Benin,2008,,58.099,29.0,54.8,1.85,112.0,1060.60254502099
BEN,Benin,2009,,58.258,30.0,52.8,2.24,109.7,1024.10277858112
BEN,Benin,2010,,58.387,34.2,47.2,3.13,107.4,973.244254931526
BEN,Benin,2011,44.6881229256471,58.462,36.9,48.7,4.14832306562512,105.1,1059.41358852588
BEN,Benin,2012,,58.559,38.4,50.3,4.5,102.9,1071.5258366283
BEN,Benin,2013,45.0800018310547,58.863,34.7,52.0,4.900000095,100.6,1168.92699279226
BEN,Benin,2014,,59.008,34.1,51.0,6.0,98.4,1204.39918670094
BEN,Benin,2015,,59.123,29.6,49.9,11.25500011,96.1,1002.41886879614
BEN,Benin,2016,,59.283,37.0,45.4,14.5,94.0,1010.5338961993
BEN,Benin,2017,38.8699989318848,59.528,34.5,45.4,18.7,91.8,1054.97408066814
BEN,Benin,2018,,59.71,39.0,44.0,19.0,89.4,1151.7409703472
BEN,Benin,2019,49.0,59.888,40.0,46.5,20.50099945,87.0,1130.82135339795
BEN,Benin,2020,,60.154,41.0,46.2,22.12059975,84.6,1200.19426557789
BEN,Benin,2021,43.8300018310547,59.61,42.0,54.5,28.20470047,82.2,1318.65158075198
BEN,Benin,2022,51.3800010681152,60.475,56.5,,30.53730011,79.6,1266.42711031904
BEN,Benin,2023,,60.774,57.0,,32.39400101,77.2,1394.17784721831
BFA,Burkina Faso,2005,23.5200004577637,53.271,11.1,85.4,0.469900012,150.8,441.164148016012
BFA,Burkina Faso,2006,22.4699993133545,53.784,11.6,84.8,0.632700026,144.4,455.513655620024
BFA,Burkina Faso,2007,27.8799991607666,54.377,12.0,82.9,0.75,138.1,514.684451177238
BFA,Burkina Faso,2008,,55.199,12.5,83.5,0.920000017,132.1,619.437533256264
BFA,Burkina Faso,2009,,55.791,12.6,83.3,1.129999995,126.5,601.569520671859
BFA,Burkina Faso,2010,,56.343,13.1,82.1,2.400000095,121.3,624.957252224766
BFA,Burkina Faso,2011,,57.001,14.8,81.4,3.0,116.6,725.024767725475
BFA,Burkina Faso,2012,,57.457,15.1,79.2,3.724999905,112.3,731.470138867833
BFA,Burkina Faso,2013,,57.903,15.4,78.7,5.0,108.2,759.762065168498
BFA,Burkina Faso,2014,34.5999984741211,58.331,19.2,78.9,6.0,104.3,764.861675106225
BFA,Burkina Faso,2015,,58.778,16.2,78.8,6.545700073,100.8,630.124750752312
BFA,Burkina Faso,2016,,59.173,16.6,77.1,7.140999794,97.4,663.742364842886
BFA,Burkina Faso,2017,,59.578,17.0,74.6,7.790400028,94.1,709.091535894695
BFA,Burkina Faso,2018,39.3499984741211,59.972,14.4,73.7,8.498900414,91.0,777.465618514048
BFA,Burkina Faso,2019,29.6599998474121,60.184,17.6,72.7,9.27180600953186,88.1,764.853077774946
BFA,Burkina Faso,2020,,60.454,18.5,73.1,12.97319984,85.1,825.237038782475
BFA,Burkina Faso,2021,36.9700012207031,60.046,19.0,71.2,18.1522007,82.4,895.535288442991
BFA,Burkina Faso,2022,40.9199981689453,60.7,19.5,71.4,25.3987999,79.8,827.330843486661
BFA,Burkina Faso,2023,41.5670909952631,61.092,21.7,,25.36120033,77.4,873.198061670247
BGD,Bangladesh,2005,,65.509,44.2,50.6,0.241600007,63.0,480.08585075452
BGD,Bangladesh,2006,,66.048,50.5,48.6,1.0,59.6,490.388026533289
BGD,Bangladesh,2007,,66.458,46.5,47.2,1.799999952,56.5,537.955492792911
BGD,Bangladesh,2008,,67.047,54.3,45.2,2.5,53.6,613.06204104124
BGD,Bangladesh,2009,,67.527,57.1,43.1,3.099999905,51.1,679.211477428056
BGD,Bangladesh,2010,,68.009,55.3,40.3,3.700000048,48.7,757.385280361508
BGD,Bangladesh,2011,58.7700004577637,68.499,59.6,38.4,4.5,46.5,837.336944695647
BGD,Bangladesh,2012,57.8600006103516,68.989,65.5,37.3,5.0,44.4,859.680536375497
BGD,Bangladesh,2013,61.0200004577637,69.487,61.5,37.0,6.63,42.4,958.262989798283
BGD,Bangladesh,2014,61.0900001525879,70.016,62.4,35.4,9.052900314,40.5,1094.46199702838
BGD,Bangladesh,2015,65.1399993896484,70.543,74.0,33.1,12.36880016,38.5,1224.38647668165
BGD,Bangladesh,2016,72.7600021362305,71.075,75.9,30.2,16.89909935,36.7,1649.28380858601
BGD,Bangladesh,2017,72.8899993896484,71.606,88.0,28.1,21.5,35.0,1811.08221668646
BGD,Bangladesh,2018,73.9100036621094,72.122,86.9,27.0,25.56509972,33.5,1965.24372731467
BGD,Bangladesh,2019,74.6800003051758,72.625,92.2,26.1,30.38310051,32.3,2129.79896954606
BGD,Bangladesh,2020,74.9100036621094,71.421,96.2,27.2,36.10910034,31.4,2248.85078828233
BGD,Bangladesh,2021,76.3600006103516,71.103,99.0,25.0,38.91744466,30.9,2482.84917843357
BGD,Bangladesh,2022,79.0,74.265,99.4,,41.61650085,30.7,2716.48592780431
BGD,Bangladesh,2023,,74.672,99.5,,44.50274195,30.6,2551.01773827307
BGR,Bulgaria,2005,,72.5609756097561,90.6,9.8,19.97,13.3,3900.02501966492
BGR,Bulgaria,2006,,72.6121951219512,91.2,10.0,27.09,12.5,4523.37797301782
BGR,Bulgaria,2007,,72.6634146341463,91.7,8.8,33.64,11.9,5888.87094585161
BGR,Bulgaria,2008,,72.9634146341463,92.3,9.9,39.67,11.4,7271.67443724077
BGR,Bulgaria,2009,,73.4121951219512,92.9,11.6,45.0,11.1,6988.63048446496
BGR,Bulgaria,2010,,73.5121951219512,93.5,14.3,46.23,10.9,6854.2987837778
BGR,Bulgaria,2011,98.3499984741211,74.1634146341463,94.1,13.2,47.9799930506026,10.4,7849.98219737366
BGR,Bulgaria,2012,,74.3146341463415,94.7,15.6,51.8999876658503,9.9,7432.33753378983
BGR,Bulgaria,2013,,74.8609756097561,95.3,18.2,53.0615,9.3,7796.37945241455
BGR,Bulgaria,2014,,74.4658536585366,95.9,17.1,55.4903766299262,8.7,8070.01289303544
BGR,Bulgaria,2015,,74.6146341463415,96.6,17.9,56.6562516053086,8.2,7269.02586513711
BGR,Bulgaria,2016,,74.8121951219512,97.3,17.7,59.825547661014,7.7,7822.89886431732
BGR,Bulgaria,2017,,74.8146341463415,98.1,17.1,63.4101013837926,7.3,8697.13373333715
BGR,Bulgaria,2018,,74.9634146341464,98.7,19.6,64.78201069118,7.0,9849.88769989118
BGR,Bulgaria,2019,,75.1121951219512,99.2,19.3,67.9469809417603,6.7,10354.2500414088
BGR,Bulgaria,2020,,73.3560975609756,99.7,21.1,70.16248359,6.5,10760.7616180234
BGR,Bulgaria,2021,,71.2121951219512,99.8,20.4,75.27144583,6.3,12966.8085197381
BGR,Bulgaria,2022,,74.1609756097561,100.0,,79.12686326,6.1,13999.9113358453
BGR,Bulgaria,2023,,75.7560975609756,100.0,,80.38956462,5.9,15854.0192893772
BHR,Bahrain,2005,,76.125,100.0,0.0,21.30369949,10.6,17966.1657837625
BHR,Bahrain,2006,,76.51,100.0,0.0,28.24399948,10.3,19267.282615072
BHR,Bahrain,2007,,76.952,100.0,0.0,32.91,9.8,20908.4042548073
BHR,Bahrain,2008,,77.457,100.0,0.0,51.95,9.4,23299.4992780392
BHR,Bahrain,2009,,78.016,100.0,0.0,53.0,9.0,19465.3140745038
BHR,Bahrain,2010,,78.593,100.0,0.0,55.0,8.6,21819.3291098099
BHR,Bahrain,2011,,79.141,100.0,0.0,76.9999665032303,8.3,25032.7867743333
BHR,Bahrain,2012,,79.622,100.0,0.0,88.0,8.1,26438.6733230428
BHR,Bahrain,2013,,79.998,100.0,0.0,90.0000397,7.9,26989.7601148469
BHR,Bahrain,2014,,80.214,100.0,0.0,90.5031334814656,7.8,26451.7965647453
BHR,Bahrain,2015,,80.338,100.0,0.0,93.4783007986129,7.7,23734.0551143019
BHR,Bahrain,2016,,80.407,100.0,0.0,97.9999807024146,7.6,23800.001440631
BHR,Bahrain,2017,,80.407,100.0,0.0,95.8781357543453,7.7,24784.7693514607
BHR,Bahrain,2018,,80.412,100.0,0.0,98.6446725799886,7.7,26324.4066549559
BHR,Bahrain,2019,,80.471,100.0,0.0,99.7015043807778,7.8,27259.7438599327
BHR,Bahrain,2020,,78.683,100.0,0.0,99.67103159,8.0,24342.8444554718
BHR,Bahrain,2021,,78.083,100.0,0.0,100.0,8.2,27147.8083882286
BHR,Bahrain,2022,97.870002746582,80.992,100.0,,100.0,8.4,30470.5219276023
BHR,Bahrain,2023,97.8499984741211,81.284,100.0,,100.0,8.6,29290.1284215098
BHS,"Bahamas, The",2005,,73.413,100.0,1.7,25.0,16.9,28602.4181869995
BHS,"Bahamas, The",2006,,73.456,100.0,2.0,26.0,16.8,29184.7865087908
BHS,"Bahamas, The",2007,,73.463,100.0,3.5,27.0,16.5,30051.8489587756
BHS,"Bahamas, The",2008,,73.445,100.0,2.0,31.54,16.2,29392.3824416397
BHS,"Bahamas, The",2009,,73.455,100.0,1.5,33.88,15.8,27512.9130950084
BHS,"Bahamas, The",2010,,73.449,100.0,1.3,43.0,15.4,27473.100430502
BHS,"Bahamas, The",2011,,73.571,100.0,1.4,65.0,15.1,27090.8376801379
BHS,"Bahamas, The",2012,,73.707,100.0,1.4,71.74819946,14.7,28552.0242683151
BHS,"Bahamas, The",2013,,73.93,100.0,1.4,72.0,14.4,27642.7419759179
BHS,"Bahamas, The",2014,,74.029,100.0,1.4,76.91999817,14.2,29137.2175632622
BHS,"Bahamas, The",2015,,73.805,100.0,1.4,78.0,14.0,30719.405417469
BHS,"Bahamas, The",2016,,74.042,100.0,1.2,80.0,13.8,30616.5363157284
BHS,"Bahamas, The",2017,,74.031,100.0,1.1,80.59999847,13.7,31875.4881749619
BHS,"Bahamas, The",2018,,74.062,100.0,1.1,83.0,13.5,32642.3353203452
BHS,"Bahamas, The",2019,,71.408,100.0,1.1,90.69329834,24.3,33640.3369861278
BHS,"Bahamas, The",2020,,72.994,100.0,1.4,92.4437027,13.3,26178.7537607708
BHS,"Bahamas, The",2021,,70.752,100.0,1.1,92.34980011,13.1,30367.8605757708
BHS,"Bahamas, The",2022,,74.491,100.0,1.1,92.2559967,12.9,34957.1613279737
BHS,"Bahamas, The",2023,,74.552,100.0,,92.38729858,12.7,38231.774484278
BIH,Bosnia and Herzegovina,2005,,76.424,99.1,19.7,21.3267010007738,7.4,2739.61076866057
BIH,Bosnia and Herzegovina,2006,,76.028,99.4,18.1,25.1223856852117,7.2,3166.12865344833
BIH,Bosnia and Herzegovina,2007,,76.162,99.7,14.8,27.92,7.1,3931.48948737505
BIH,Bosnia and Herzegovina,2008,,76.3,99.3,14.3,34.66,7.0,4841.69311934649
BIH,Bosnia and Herzegovina,2009,,76.701,99.4,17.4,37.74,6.9,4539.91863774968
BIH,Bosnia and Herzegovina,2010,,76.827,99.5,19.6,42.75,6.8,4506.47828548389
BIH,Bosnia and Herzegovina,2011,,76.963,99.7,14.2,43.88769913,6.8,4982.69375768263
BIH,Bosnia and Herzegovina,2012,,77.037,99.7,15.3,45.0644989,6.7,4693.78899115381
BIH,Bosnia and Herzegovina,2013,96.9899978637695,77.129,99.5,19.5,48.52130127,6.7,5034.56634817068
BIH,Bosnia and Herzegovina,2014,,77.089,99.9,23.6,49.91770172,6.7,5206.06573475132
BIH,Bosnia and Herzegovina,2015,,77.073,99.7,25.2,52.59999847,6.7,4662.25869219448
BIH,Bosnia and Herzegovina,2016,,77.124,100.0,23.0,60.2565354318987,6.8,4928.5665903114
BIH,Bosnia and Herzegovina,2017,,77.385,100.0,18.5,64.8920205128383,6.8,5345.01978766473
BIH,Bosnia and Herzegovina,2018,,77.942,100.0,35.4,70.1201350394885,6.8,6047.84707207392
BIH,Bosnia and Herzegovina,2019,,77.394,100.0,36.8,69.9463476317266,6.7,6122.37541352353
BIH,Bosnia and Herzegovina,2020,,76.04,100.0,37.7,73.21175294,6.6,6130.31187968266
BIH,Bosnia and Herzegovina,2021,,74.567,100.0,36.6,75.67620138,6.4,7295.34378682258
BIH,Bosnia and Herzegovina,2022,,76.777,100.0,,78.8455371,6.2,7655.59421024383
BIH,Bosnia and Herzegovina,2023,,77.85,100.0,,83.3771539,6.0,8663.02326458629
BLR,Belarus,2005,,68.8512195121951,91.5,6.8,,8.7,3126.07176665248
BLR,Belarus,2006,,69.4048780487805,92.1,7.2,16.2,8.0,3848.22350300163
BLR,Belarus,2007,,70.2073170731707,92.6,7.3,19.7,7.3,4735.48107556066
BLR,Belarus,2008,,70.4560975609756,93.2,7.1,23.0,6.6,6376.17569162063
BLR,Belarus,2009,99.620002746582,70.4073170731707,93.8,7.4,27.43,6.1,5352.48809190697
BLR,Belarus,2010,,70.4048780487805,94.4,7.3,31.8,5.6,6034.67885177216
BLR,Belarus,2011,,70.5536585365854,95.0,7.5,39.6488956598961,5.2,6527.6593428786
BLR,Belarus,2012,,71.9658536585366,95.6,7.2,46.91,4.9,6953.21591683101
BLR,Belarus,2013,,72.4707317073171,96.2,7.0,54.17,4.6,7998.0802045456
BLR,Belarus,2014,,72.9707317073171,96.8,6.7,59.0163187101542,4.3,8341.31809294883
BLR,Belarus,2015,,73.6243902439025,97.4,6.8,62.230360906803,4.1,5967.05595058777
BLR,Belarus,2016,,73.8268292682927,98.0,6.7,71.1130457603832,3.9,5039.77560949445
BLR,Belarus,2017,,74.1292682926829,98.7,7.3,74.4364454136036,3.6,5785.54491935194
BLR,Belarus,2018,,74.1756097560976,99.3,7.2,79.1298866919307,3.4,6360.037502312
BLR,Belarus,2019,99.870002746582,74.2268292682927,100.0,7.8,82.7891520910901,3.1,6837.77339645635
BLR,Belarus,2020,,72.1385609756098,100.0,8.4,85.08791245,2.9,6542.85579976768
BLR,Belarus,2021,,72.0714634146342,100.0,8.2,86.88841196,2.7,7489.71894713888
BLR,Belarus,2022,,74.1033658536585,100.0,,89.50733148,2.6,7994.64806074889
BLR,Belarus,2023,,74.1837804878049,100.0,,91.51249979,2.4,7896.75388295584
BLZ,Belize,2005,,70.335,83.5,25.6,17.0,21.0,5270.41479135312
BLZ,Belize,2006,,70.535,91.0,32.7,24.0,20.6,5524.78167834986
BLZ,Belize,2007,,70.652,85.2,28.0,24.60000038,20.2,5762.21023302938
BLZ,Belize,2008,,70.665,86.1,29.8,26.29999924,19.7,5711.81458859709
BLZ,Belize,2009,,70.806,86.9,25.1,27.20000076,19.3,5399.67100001919
BLZ,Belize,2010,,70.875,89.9,29.4,28.2,18.8,5461.40735999001
BLZ,Belize,2011,,70.975,91.7,42.2,30.70000076,18.3,5596.05222152289
BLZ,Belize,2012,,71.134,90.9,47.9,31.0,17.7,5732.66519942347
BLZ,Belize,2013,,71.276,91.1,38.0,33.59999847,17.0,5957.34953619006
BLZ,Belize,2014,,71.437,91.5,37.4,38.70000076,16.3,6128.12053089077
BLZ,Belize,2015,90.9199981689453,71.647,91.8,30.3,41.59000015,15.6,6154.62264230369
BLZ,Belize,2016,,71.843,93.3,33.3,44.57569885,15.0,6140.86713919469
BLZ,Belize,2017,,72.062,94.2,37.2,48.8771019,14.4,6071.85451846453
BLZ,Belize,2018,,72.322,91.7,35.5,53.59360123,13.9,6011.99036888587
BLZ,Belize,2019,,72.577,92.7,30.4,58.76520157,13.5,6171.61449761423
BLZ,Belize,2020,,71.58,96.8,31.4,64.43589783,13.2,5238.54078175696
BLZ,Belize,2021,,70.917,97.7,26.6,70.65370178,13.0,6142.98930557031
BLZ,Belize,2022,87.879997253418,72.19,98.6,30.8,69.98329926,12.8,7068.21728043145
BLZ,Belize,2023,,73.566,99.6,,70.18720245,12.8,7424.75821321022
BMU,Bermuda,2005,,78.874,100.0,0.5,65.4470657898838,,77628.103522508
BMU,Bermuda,2006,,78.87,100.0,0.4,69.8996551617012,,97781.4558996721
BMU,Bermuda,2007,,79.006,100.0,0.5,74.3505940302669,,107395.651483891
BMU,Bermuda,2008,,79.101,100.0,0.5,82.3,,110268.562401264
BMU,Bermuda,2009,,79.229,100.0,0.4,83.25,,104711.712420357
BMU,Bermuda,2010,,79.414,100.0,0.4,84.21,,104111.824244802
BMU,Bermuda,2011,,79.651,100.0,0.4,88.336,,99049.0169927667
BMU,Bermuda,2012,,79.847,100.0,0.4,91.2993045243401,,100213.493385287
BMU,Bermuda,2013,,80.016,100.0,1.5,95.3,,101704.40746217
BMU,Bermuda,2014,,80.199,100.0,0.4,96.8,,100961.576602811
BMU,Bermuda,2015,,80.338,100.0,0.6,98.3236096537251,,104855.366822135
BMU,Bermuda,2016,,80.476,100.0,1.1,98.0,,108747.356144305
BMU,Bermuda,2017,,80.686,100.0,0.6,98.37,,112339.425587467
BMU,Bermuda,2018,,80.986,100.0,0.7,,,113204.82210838
BMU,Bermuda,2019,,81.251,100.0,0.8,,,115798.040775578
BMU,Bermuda,2020,,81.456,100.0,0.9,,,106976.546239632
BMU,Bermuda,2021,,81.745,100.0,0.9,,,112765.08167306
BMU,Bermuda,2022,,82.062,100.0,0.9,,,119969.173269085
BMU,Bermuda,2023,,82.309,100.0,,,,132961.760796315
BOL,Bolivia,2005,,64.182,68.3,24.6,5.22758395663196,51.0,1020.12326200737
BOL,Bolivia,2006,,64.529,76.2,23.7,6.20067125473576,47.7,1202.71150446327
BOL,Bolivia,2007,90.2900009155273,64.939,80.2,22.1,10.49919987,44.7,1354.54905949929
BOL,Bolivia,2008,90.6999969482422,65.299,84.7,21.3,12.5,41.8,1692.67248455876
BOL,Bolivia,2009,91.1699981689453,65.656,86.8,20.6,16.79999924,39.1,1731.18172112209
BOL,Bolivia,2010,,66.003,88.0,19.9,22.39999962,36.7,1929.78373077158
BOL,Bolivia,2011,92.2300033569336,66.282,88.3,18.1,30.0,34.4,2315.52121930607
BOL,Bolivia,2012,94.4599990844727,66.586,90.4,17.4,35.34,32.3,2575.59857098084
BOL,Bolivia,2013,,66.777,89.5,16.0,36.99,30.3,2870.02377000756
BOL,Bolivia,2014,,66.97,90.0,15.0,34.6016202324676,28.4,3041.43503162408
BOL,Bolivia,2015,92.4599990844727,67.205,91.5,14.2,37.4868176324391,26.7,2996.01289811344
BOL,Bolivia,2016,,67.392,91.8,13.6,39.69749832,25.0,3035.87347732132
BOL,Bolivia,2017,,67.536,91.8,14.3,43.83229828,23.4,4048.40119739839
BOL,Bolivia,2018,,67.699,92.8,14.3,44.2861422024283,22.0,4206.8552936661
BOL,Bolivia,2019,,67.82,95.1,13.5,47.4748191121692,20.6,4203.15492855788
BOL,Bolivia,2020,93.8499984741211,62.906,97.2,16.9,59.94010155,19.3,3580.96761778303
BOL,Bolivia,2021,,61.427,98.6,12.8,65.9773785,18.2,4010.76053686204
BOL,Bolivia,2022,,67.434,99.9,,72.62270355,17.3,4219.46113742445
BOL,Bolivia,2023,95.5500030517578,68.581,99.8,,77.30039978,16.4,4274.70820547613
BRA,Brazil,2005,,71.832,97.1,46.1,21.022747248827,24.6,4827.78173074714
BRA,Brazil,2006,89.620002746582,72.296,97.6,46.7,28.17840004,23.1,5934.14470924968
BRA,Brazil,2007,90.0100021362305,72.73,98.1,47.2,30.87999916,21.7,7409.69130673473
BRA,Brazil,2008,90.0400009155273,73.111,98.5,47.0,33.83,20.5,8908.33176538648
BRA,Brazil,2009,90.3000030517578,73.457,98.9,48.9,39.22,19.5,8678.6592244676
BRA,Brazil,2010,90.379997253418,73.779,98.6,46.8,40.65,18.6,11403.2821278747
BRA,Brazil,2011,91.4100036621094,74.047,99.3,45.2,45.69,17.9,13396.6243562986
BRA,Brazil,2012,91.3399963378906,74.335,99.5,43.5,48.56,17.2,12521.7213519966
BRA,Brazil,2013,91.4800033569336,74.609,99.6,42.3,51.04,16.7,12458.8912138813
BRA,Brazil,2014,91.7300033569336,74.823,99.7,41.7,54.5510018796392,16.3,12274.9939689363
BRA,Brazil,2015,92.0500030517578,75.106,99.7,43.7,58.3279517340924,16.0,8936.19661712113
BRA,Brazil,2016,92.8099975585938,75.081,99.7,45.4,60.8725400681261,16.8,8836.28652735657
BRA,Brazil,2017,93.0800018310547,75.383,99.8,45.3,67.4712845236305,15.4,10080.5092819305
BRA,Brazil,2018,93.2300033569336,75.633,99.7,46.9,70.4342825404361,15.2,9300.66164923219
BRA,Brazil,2019,93.8926266999537,75.809,99.8,47.5,73.9124399133589,15.0,9029.83326681073
BRA,Brazil,2020,94.7444114331042,74.506,99.7,50.0,81.34269353,14.9,7074.19378337644
BRA,Brazil,2021,94.7726170886975,73.038,99.5,46.5,80.68989314,14.7,7972.5366498646
BRA,Brazil,2022,94.376866160108,74.872,100.0,,80.52775094,14.6,9281.33334441234
BRA,Brazil,2023,94.5725490635077,75.848,99.8,,84.15060238,14.4,10377.5892792557
BRB,Barbados,2005,,74.96,99.9,8.7,52.5,14.8,14214.4202213572
BRB,Barbados,2006,,75.049,100.0,8.8,55.29999924,14.7,15619.6005955511
BRB,Barbados,2007,,75.263,100.0,8.6,58.20000076,14.5,17235.4396434785
BRB,Barbados,2008,,75.3,100.0,7.6,61.40000153,14.3,17565.6929970592
BRB,Barbados,2009,,75.458,100.0,8.5,64.69999695,14.1,16294.9099491834
BRB,Barbados,2010,,75.488,100.0,8.2,65.09999847,13.9,19723.2381931602
BRB,Barbados,2011,,75.599,100.0,4.1,66.5,13.7,20146.2381264508
BRB,Barbados,2012,,75.737,100.0,3.8,71.19999695,13.5,19811.2953079751
BRB,Barbados,2013,,75.816,100.0,3.1,71.80000305,13.3,20384.4910233555
BRB,Barbados,2014,,75.926,100.0,3.0,71.92459869,13.1,20423.7177921163
BRB,Barbados,2015,,76.055,100.0,3.0,72.04940033,12.8,20429.4747123553
BRB,Barbados,2016,,76.168,100.0,2.8,71.57299805,12.4,20311.4094163764
BRB,Barbados,2017,,76.237,100.0,4.3,71.14849854,12.1,20870.7596432179
BRB,Barbados,2018,,76.378,100.0,4.9,70.72650146,11.8,21378.2201267496
BRB,Barbados,2019,,76.495,100.0,3.4,70.30709839,11.4,21929.435611489
BRB,Barbados,2020,,76.647,100.0,4.7,69.89009857,11.1,19180.9915228365
BRB,Barbados,2021,,76.58,100.0,5.5,69.4756012,10.7,21084.4013935998
BRB,Barbados,2022,,75.676,100.0,5.5,69.06359863,10.4,24393.2193483944
BRB,Barbados,2023,,76.178,100.0,,69.67510223,10.1,25583.8722302505
BRN,Brunei Darussalam,2005,,74.683,100.0,0.0,36.4663919475782,9.5,29386.2703822862
BRN,Brunei Darussalam,2006,,74.753,100.0,0.0,42.1863491609307,9.5,34674.7995236452
BRN,Brunei Darussalam,2007,,74.793,100.0,0.0,44.68,9.6,36217.3290706015
BRN,Brunei Darussalam,2008,,74.814,100.0,0.0,46.0,9.6,42156.5685838672
BRN,Brunei Darussalam,2009,,74.814,100.0,0.0,49.0,9.7,30946.4673773828
BRN,Brunei Darussalam,2010,,74.82,100.0,0.0,53.0,9.9,34937.5555357155
BRN,Brunei Darussalam,2011,96.0899963378906,74.835,100.0,0.0,56.0,10.0,46382.8274255349
BRN,Brunei Darussalam,2012,,74.843,100.0,0.0,60.27310181,10.2,46968.5971164922
BRN,Brunei Darussalam,2013,,74.854,100.0,0.0,64.5,10.4,44003.0644273461
BRN,Brunei Darussalam,2014,,74.862,100.0,0.0,68.76999664,10.6,41026.5084247957
BRN,Brunei Darussalam,2015,,74.88,100.0,0.0,71.19999695,10.7,30625.1287744656
BRN,Brunei Darussalam,2016,,74.905,100.0,0.0,90.0,10.7,26663.2972950602
BRN,Brunei Darussalam,2017,,74.943,100.0,0.0,94.86669922,10.7,28024.3824580252
BRN,Brunei Darussalam,2018,,74.992,100.0,0.0,95.0,10.6,30988.1190267227
BRN,Brunei Darussalam,2019,,75.049,100.0,0.0,95.0,10.5,30426.5730656528
BRN,Brunei Darussalam,2020,,75.114,100.0,0.0,96.30549622,10.4,26834.3592233943
BRN,Brunei Darussalam,2021,,74.869,100.0,0.0,97.62879944,10.3,31006.9636289785
BRN,Brunei Darussalam,2022,,72.917,100.0,,98.97042579,10.2,36632.9280952155
BRN,Brunei Darussalam,2023,,75.327,100.0,,98.97039795,10.1,32890.5491812019
BTN,Bhutan,2005,52.810001373291,65.875,59.8,88.7,3.847100019,56.7,1299.94938578359
BTN,Bhutan,2006,,66.499,59.7,91.6,4.518300056,52.9,1405.6071618158
BTN,Bhutan,2007,,67.152,71.8,92.0,5.92,49.5,1850.41570433398
BTN,Bhutan,2008,,67.733,67.6,87.8,6.55,46.2,1919.59774896395
BTN,Bhutan,2009,,68.156,71.5,87.8,7.17,43.3,1918.39599211093
BTN,Bhutan,2010,,68.765,73.3,84.8,13.6,40.5,2435.5798056672
BTN,Bhutan,2011,,69.28,81.8,84.9,14.39999962,37.9,2787.97967608562
BTN,Bhutan,2012,55.3199996948242,69.759,91.5,82.8,15.60000038,35.5,2751.2128864294
BTN,Bhutan,2013,,70.161,87.4,81.7,22.39999962,33.2,2679.95217201538
BTN,Bhutan,2014,,70.504,91.4,82.1,30.29999924,31.2,2849.49998647303
BTN,Bhutan,2015,,70.797,95.4,81.6,39.79999924,29.2,2954.04081911097
BTN,Bhutan,2016,,71.119,99.3,80.8,46.50320053,27.4,3152.30905106786
BTN,Bhutan,2017,66.5599975585938,71.413,97.7,79.7,54.33549881,25.8,3435.28804735662
BTN,Bhutan,2018,,71.711,100.0,80.0,63.48680115,24.2,3400.20417245342
BTN,Bhutan,2019,,72.005,100.0,81.0,74.17939758,22.7,3576.87987100503
BTN,Bhutan,2020,,72.253,100.0,83.9,76.85079956,21.3,3191.66906999331
BTN,Bhutan,2021,,72.448,100.0,81.8,85.63688389,20.0,3570.61257980872
BTN,Bhutan,2022,64.9100036621094,72.754,100.0,82.5,88.35620117,19.0,3711.32767981591
BTN,Bhutan,2023,,72.975,100.0,,90.02140045,18.0,3831.32535564326
BWA,Botswana,2005,,54.386,37.5,33.0,3.262599945,70.8,5391.07076619634
BWA,Botswana,2006,,55.112,39.7,31.8,4.28993297515968,66.0,5291.58379144849
BWA,Botswana,2007,,56.735,41.9,29.0,5.28,64.3,5529.12574632532
BWA,Botswana,2008,,57.661,44.5,27.8,6.25,63.7,5503.07395314313
BWA,Botswana,2009,,58.297,43.4,28.9,6.150000095,60.6,5082.93388332404
BWA,Botswana,2010,,59.137,52.0,29.9,6.0,58.4,6215.73216077919
BWA,Botswana,2011,,59.715,53.2,28.9,9.0,58.8,7287.38295334919
BWA,Botswana,2012,,60.384,56.0,27.8,16.0,53.9,6595.53845015424
BWA,Botswana,2013,,61.217,58.0,26.7,30.0,50.3,6666.91219583487
BWA,Botswana,2014,,62.167,60.0,25.8,36.74474744423,49.0,7122.36423421503
BWA,Botswana,2015,,63.215,62.1,26.1,38.89379883,46.7,6141.20394726616
BWA,Botswana,2016,,64.32,64.2,26.7,41.16859818,45.1,6749.05994339013
BWA,Botswana,2017,,65.42,67.4,26.7,43.57640076,42.1,7104.96401088027
BWA,Botswana,2018,,66.371,68.3,25.6,46.12509918,41.2,7407.95940141786
BWA,Botswana,2019,,67.167,70.1,26.2,48.82279968,40.0,7172.08956480028
BWA,Botswana,2020,,67.643,71.8,27.7,51.67819977,38.9,6323.2974967659
BWA,Botswana,2021,,63.303,73.7,27.4,54.70069885,37.1,7807.88794570471
BWA,Botswana,2022,,68.749,75.9,,57.9,35.7,8328.7090572666
BWA,Botswana,2023,,69.163,76.0,,,34.6,7827.30027960734
CAF,Central African Republic,2005,,48.207,7.4,91.0,0.26820001,147.9,311.950023138687
CAF,Central African Republic,2006,,48.687,7.8,90.8,0.311199993,143.5,333.942519903031
CAF,Central African Republic,2007,,49.327,8.4,90.9,0.375815961044797,139.3,380.887048839475
CAF,Central African Republic,2008,,49.873,7.5,93.6,1.0,135.5,437.24827472489
CAF,Central African Republic,2009,,14.665,9.4,93.9,1.799999952,489.3,456.471673898404
CAF,Central African Republic,2010,,46.871,9.8,93.8,2.0,150.7,476.873786950728
CAF,Central African Republic,2011,,50.107,10.4,93.3,2.200000048,125.1,534.057281471636
CAF,Central African Republic,2012,,51.336,11.0,93.1,2.400000095,121.9,544.395849142785
CAF,Central African Republic,2013,,49.487,11.5,95.1,2.5,134.2,364.36696260838
CAF,Central African Republic,2014,,40.265,12.0,94.8,2.700000048,186.8,409.8504859647
CAF,Central African Republic,2015,,51.934,12.7,92.9,2.900000095,113.7,366.322853938121
CAF,Central African Republic,2016,,50.999,13.4,92.1,3.099999905,126.8,387.176203444318
CAF,Central African Republic,2017,,45.231,14.1,91.6,4.0,155.2,432.324025684263
CAF,Central African Republic,2018,,52.297,14.6,91.4,5.099999905,120.2,455.243962859534
CAF,Central African Republic,2019,42.439998626709,31.53,14.3,91.3,7.509200096,254.7,449.228467602439
CAF,Central African Republic,2020,,50.596,15.4,90.9,,124.2,462.879071294011
CAF,Central African Republic,2021,,40.279,15.7,90.9,,178.7,492.263142830507
CAF,Central African Republic,2022,,18.818,15.7,90.9,13.75360012,424.6,467.359825026238
CAF,Central African Republic,2023,,57.408,17.6,,13.8416996,92.6,495.978897288721
CAN,Canada,2005,,80.1126829268293,100.0,21.6,71.66,6.1,36383.9671341396
CAN,Canada,2006,,80.5436585365854,100.0,21.5,72.40000153,6.0,40504.8490329826
CAN,Canada,2007,,80.5436585365854,100.0,21.6,73.2,6.0,44660.0838892281
CAN,Canada,2008,,80.7246341463415,100.0,21.6,76.69999695,5.9,46710.3654423328
CAN,Canada,2009,,81.0660975609756,100.0,22.2,80.3,5.8,40874.9612318547
CAN,Canada,2010,,81.3221951219512,100.0,21.4,80.3,5.7,47560.8378831258
CAN,Canada,2011,,81.4826829268293,100.0,21.5,83.0,5.6,52224.1237767406
CAN,Canada,2012,,81.6636585365854,100.0,21.8,83.0,5.6,52670.1429540952
CAN,Canada,2013,,81.7448780487805,100.0,22.2,85.80000305,5.5,52637.7313222622
CAN,Canada,2014,,81.7843902439025,100.0,22.2,87.12000275,5.4,50960.8942086685
CAN,Canada,2015,,81.8258536585366,100.0,22.3,90.0,5.3,43594.2379080706
CAN,Canada,2016,,81.94,100.0,22.1,91.16000366,5.3,42314.1033623905
CAN,Canada,2017,,81.8078048780488,100.0,22.8,92.70140076,5.2,45129.7335281051
CAN,Canada,2018,,81.8036585365854,100.0,22.3,94.64,5.2,46539.2177903178
CAN,Canada,2019,,82.1585365853659,100.0,22.4,91.91290283,5.2,46352.9695208927
CAN,Canada,2020,,81.53,100.0,23.9,92.3,5.2,43537.8981198851
CAN,Canada,2021,,81.4514634146342,100.0,23.8,93.93710327,5.2,52886.6407813788
CAN,Canada,2022,,81.0948780487805,100.0,,94.0,5.3,56496.9275340663
CAN,Canada,2023,,81.6263414634146,100.0,,94.14530182,5.4,54847.5370112652
CEB,Central Europe and the Baltics,2005,,73.8449951359211,98.3206998410279,11.281127395073,,10.0262533068436,8223.09810996167
CEB,Central Europe and the Baltics,2006,,74.0926027308098,98.4242817808159,11.1059202329456,,9.38021929512148,9337.74049720614
CEB,Central Europe and the Baltics,2007,,74.2506487210768,98.5276446395055,11.3862829485805,,8.72351795707887,11906.4959653819
CEB,Central Europe and the Baltics,2008,,74.5759526780779,98.668856546125,12.1782191475117,,8.20550739414213,14534.2467521669
CEB,Central Europe and the Baltics,2009,,74.9303639266576,98.8586601186684,13.7392384371762,,7.75034641571448,12302.0593290327
CEB,Central Europe and the Baltics,2010,,75.2939657786314,98.9644271545097,14.5716532675985,,7.33253040004125,12635.7782121319
CEB,Central Europe and the Baltics,2011,,75.8884748834282,99.0682987223746,14.7499600707318,,6.95384740981372,13997.3297794653
CEB,Central Europe and the Baltics,2012,,76.0033944660035,99.2028356897417,15.6926044784711,,6.62399998855631,13104.0873095326
CEB,Central Europe and the Baltics,2013,,76.3747350098375,99.3084773841306,16.6612114024685,,6.31738620589922,13712.7077940364
CEB,Central Europe and the Baltics,2014,99.3099975585938,76.6887696437325,99.410769462163,17.0702957655506,,6.03769013915952,14208.4390487349
CEB,Central Europe and the Baltics,2015,99.3300018310547,76.5755119772504,99.5384709863299,17.1594982078853,,5.80488075204549,12596.9151136003
CEB,Central Europe and the Baltics,2016,99.3499984741211,76.9703062304413,99.6459138297945,16.8577627377285,,5.53686433246911,12874.7280619541
CEB,Central Europe and the Baltics,2017,99.370002746582,76.929788715597,99.8736866830469,16.4703987047156,,5.27542081196346,14339.8488594791
CEB,Central Europe and the Baltics,2018,99.4199981689453,76.9764380835075,99.8763758983526,18.1476863313142,,5.04437891013553,16227.2845341706
CEB,Central Europe and the Baltics,2019,99.4400024414062,77.2659141936307,99.9480349626799,18.8601539560352,,4.86801997531672,16534.9661895205
CEB,Central Europe and the Baltics,2020,99.4499969482422,76.0162701269145,99.98058396497,19.6977838168354,,4.73289141291711,16581.3833261524
CEB,Central Europe and the Baltics,2021,99.4700012207031,74.7232827859077,99.9870121182289,,,4.67541577377201,19224.3287744219
CEB,Central Europe and the Baltics,2022,99.4800033569336,76.6522987292583,100.0,,,4.693924319098,19526.2463443821
CEB,Central Europe and the Baltics,2023,99.4899978637695,77.7580384683685,100.0,,,4.75243694513347,22693.9504470566
CHE,Switzerland,2005,,81.2365853658537,100.0,18.7,70.1,5.1,57080.0704338193
CHE,Switzerland,2006,,81.490243902439,100.0,18.1,75.7,4.9,59910.293405504
CHE,Switzerland,2007,,81.7414634146342,100.0,19.3,77.2,4.8,66082.1233977532
CHE,Switzerland,2008,,81.9926829268293,100.0,19.6,79.2,4.7,75147.5376709155
CHE,Switzerland,2009,,82.0439024390244,100.0,20.0,81.3,4.6,72788.2049524379
CHE,Switzerland,2010,,82.2463414634147,100.0,20.6,83.9,4.6,77956.1262043942
CHE,Switzerland,2011,,82.6951219512195,100.0,20.6,85.1930281804854,4.5,91910.3964565203
CHE,Switzerland,2012,,82.6975609756098,100.0,21.9,85.2,4.4,87269.5594780124
CHE,Switzerland,2013,,82.7975609756098,100.0,21.8,86.34,4.4,88851.2374497983
CHE,Switzerland,2014,,83.1975609756098,100.0,22.2,83.6172512621702,4.3,90511.6484558843
CHE,Switzerland,2015,,82.8975609756098,100.0,23.9,87.4790555978675,4.3,85265.06205193
CHE,Switzerland,2016,,83.6024390243903,100.0,24.1,89.1346877351392,4.2,83432.4111596314
CHE,Switzerland,2017,,83.5512195121951,100.0,25.0,89.6861476710225,4.1,83610.248611484
CHE,Switzerland,2018,,83.7536585365854,100.0,24.2,91.80000305,4.1,87002.3382293532
CHE,Switzerland,2019,,83.9048780487805,100.0,24.8,93.1460869535177,4.0,85872.9702303454
CHE,Switzerland,2020,,83.0,100.0,26.4,94.34999847,4.0,87529.7016394892
CHE,Switzerland,2021,,83.7512195121951,100.0,27.7,95.56937154,4.0,96582.8687080693
CHE,Switzerland,2022,,83.6048780487805,100.0,,96.45279694,3.9,97809.095567203
CHE,Switzerland,2023,,84.1560975609756,100.0,,97.34436623,3.9,104449.75451772
CHI,Channel Islands,2005,,80.1,100.0,,,,57647.1188908006
CHI,Channel Islands,2006,,80.4,100.0,,,,62745.1006593557
CHI,Channel Islands,2007,,80.6,100.0,,,,74139.97799443
CHI,Channel Islands,2008,,80.8,100.0,,,,
CHI,Channel Islands,2009,,81.0,100.0,,,,57778.5407063052
CHI,Channel Islands,2010,,81.2,100.0,,,,56123.4597963451
CHI,Channel Islands,2011,,81.4,100.0,,,,60415.2632075658
CHI,Channel Islands,2012,,81.3,100.0,,,,58809.5698945413
CHI,Channel Islands,2013,,81.5,100.0,,,,59308.4666588674
CHI,Channel Islands,2014,,81.6,100.0,,,,64697.5485024325
CHI,Channel Islands,2015,,81.4,100.0,,,,61847.8212238857
CHI,Channel Islands,2016,,81.2,100.0,,,,55947.579811974
CHI,Channel Islands,2017,,81.0,100.0,,,,55806.3554257428
CHI,Channel Islands,2018,,81.1,100.0,,,,60784.8125397162
CHI,Channel Islands,2019,,81.2,100.0,,,,60564.6293993681
CHI,Channel Islands,2020,,80.9,100.0,,,,56785.9402005039
CHI,Channel Islands,2021,,80.3,100.0,,,,66915.3963925722
CHI,Channel Islands,2022,,81.0,100.0,,,,67627.1417347907
CHI,Channel Islands,2023,,81.1,100.0,,,,74585.5224096294
CHL,Chile,2005,,78.459,97.7,32.3,31.1753006,9.1,7480.32330998636
CHL,Chile,2006,,78.533,99.4,32.9,34.4977511736017,9.0,9318.65655296121
CHL,Chile,2007,,78.652,98.0,30.5,35.90000153,8.9,10346.4138184533
CHL,Chile,2008,,78.752,98.2,30.8,37.29999924,8.8,10683.2188772511
CHL,Chile,2009,,78.89,99.6,31.5,41.56,8.8,10098.8017167286
CHL,Chile,2010,,79.095,99.5,27.0,45.0,8.7,12632.8704724192
CHL,Chile,2011,96.6999969482422,79.236,99.6,28.8,52.2496072877744,8.6,14487.3927832032
CHL,Chile,2012,,79.221,100.0,30.3,55.04999924,8.4,15241.9069981119
CHL,Chile,2013,96.2699966430664,79.551,99.6,30.2,58.0,8.3,15683.5486369155
CHL,Chile,2014,,79.714,100.0,27.0,61.11000061,8.1,14529.6767206336
CHL,Chile,2015,96.870002746582,80.008,99.7,25.1,76.6295919508796,7.9,13433.9202987032
CHL,Chile,2016,,80.295,100.0,24.6,83.5585860244169,7.7,13649.8520452803
CHL,Chile,2017,96.4000015258789,80.61,99.7,24.1,82.3274869338464,7.6,14879.9086227187
CHL,Chile,2018,,80.559,100.0,25.5,84.90000153,7.3,15659.4808675628
CHL,Chile,2019,,80.324,100.0,25.3,85.01760101,7.0,14496.9345640362
CHL,Chile,2020,,79.349,100.0,26.7,87.45929718,6.8,13117.9930230086
CHL,Chile,2021,,78.876,100.0,24.2,90.23280334,6.7,16216.1840860289
CHL,Chile,2022,,79.176,100.0,,92.31819916,6.8,15399.1044717559
CHL,Chile,2023,,81.167,100.0,,94.45742345,6.9,17081.5180740049
CHN,China,2005,,74.085,97.9,17.4,8.52325700269541,24.0,1777.64496828464
CHN,China,2006,,74.404,98.2,16.4,10.5231526193851,21.9,2129.25696999613
CHN,China,2007,,74.789,98.5,14.9,16.0,20.1,2734.72709877693
CHN,China,2008,,74.833,98.8,14.1,22.6,18.5,3523.44302065213
CHN,China,2009,,75.317,99.1,13.4,28.9,17.1,3898.24459158811
CHN,China,2010,95.120002746582,75.668,99.7,12.3,34.3,15.7,4629.24551710077
CHN,China,2011,,75.889,99.9,11.3,38.3,14.6,5703.76027973346
CHN,China,2012,,76.2,99.9,11.5,42.30009842,13.5,6405.0574241349
CHN,China,2013,,76.452,100.0,11.5,45.79999924,12.5,7147.03518622344
CHN,China,2014,,76.714,100.0,11.9,47.90000153,11.6,7781.06597484974
CHN,China,2015,,76.975,100.0,12.2,50.29999924,10.7,8175.33285077393
CHN,China,2016,,77.214,100.0,12.6,53.2,10.0,8254.86859320357
CHN,China,2017,,77.235,100.0,13.1,54.3,9.3,8979.67652709856
CHN,China,2018,,77.709,100.0,13.5,65.35839844,8.6,10085.6638148819
CHN,China,2019,,77.94,100.0,14.3,64.080881297515,8.0,10342.9009524335
CHN,China,2020,96.7399978637695,78.019,100.0,14.9,70.05275998,7.5,10627.4637989619
CHN,China,2021,,78.117,100.0,15.2,73.05323517,7.0,12887.4357242941
CHN,China,2022,,78.202,100.0,,75.61131603,6.6,12970.6056414327
CHN,China,2023,,77.953,100.0,,90.6,6.1,12951.1782397043
CIV,Cote d'Ivoire,2005,,52.432,58.9,77.9,1.039199948,121.2,1197.74616979415
CIV,Cote d'Ivoire,2006,,52.885,60.2,74.8,1.52489996,117.4,1230.43056838584
CIV,Cote d'Ivoire,2007,,53.452,55.3,76.3,1.799999952,113.5,1367.53817722326
CIV,Cote d'Ivoire,2008,,54.179,60.3,74.2,1.899999976,109.0,1583.97066701372
CIV,Cote d'Ivoire,2009,,54.744,57.3,73.7,2.0,105.2,1540.45393569596
CIV,Cote d'Ivoire,2010,,55.282,58.4,75.4,2.700000048,101.6,1553.54887048143
CIV,Cote d'Ivoire,2011,,55.972,55.8,79.1,2.900000095,98.4,1596.62826565998
CIV,Cote d'Ivoire,2012,,56.57,55.8,74.9,4.400000095,95.3,1546.9460184731
CIV,Cote d'Ivoire,2013,,57.057,61.5,72.2,6.599999905,92.0,1786.15862031324
CIV,Cote d'Ivoire,2014,43.9099998474121,57.772,61.9,71.9,10.0,88.6,1991.36539423404
CIV,Cote d'Ivoire,2015,,58.281,62.6,64.5,38.4400001654616,85.5,1814.71855088017
CIV,Cote d'Ivoire,2016,50.0400009155273,58.814,64.3,64.0,41.2078149304414,83.0,1862.59597081287
CIV,Cote d'Ivoire,2017,,59.315,65.6,62.5,43.8399208514876,80.5,1964.29930338343
CIV,Cote d'Ivoire,2018,,59.795,67.1,60.5,37.5465361301281,77.9,2130.86619381144
CIV,Cote d'Ivoire,2019,56.9592400560829,60.274,68.6,61.1,36.2889545655205,75.3,2141.76836170115
CIV,Cote d'Ivoire,2020,,60.14,69.9,61.8,36.01660156,73.0,2179.72934832935
CIV,Cote d'Ivoire,2021,50.0,60.29,71.1,58.2,35.95069885,70.8,2455.98127641148
CIV,Cote d'Ivoire,2022,,61.562,70.4,,38.41328122,68.7,2333.37128301259
CIV,Cote d'Ivoire,2023,,61.944,72.4,,40.65284979,66.5,2591.9659048119
CMR,Cameroon,2005,,54.904,47.2,86.3,1.402699947,127.6,1142.62466252106
CMR,Cameroon,2006,,55.301,49.0,85.5,2.028700113,124.2,1191.45458990968
CMR,Cameroon,2007,70.6800003051758,55.71,48.2,80.8,2.93,120.8,1325.67248215933
CMR,Cameroon,2008,,56.116,50.6,80.8,3.400000095,117.2,1492.14269801453
CMR,Cameroon,2009,,56.486,51.7,79.2,3.84,113.7,1461.38999232337
CMR,Cameroon,2010,71.1900024414062,56.965,52.8,78.7,4.300000191,109.5,1398.58702025047
CMR,Cameroon,2011,,57.482,53.7,78.6,5.0,105.2,1513.96056994878
CMR,Cameroon,2012,,58.17,55.2,78.6,7.5,100.8,1449.09874362279
CMR,Cameroon,2013,,58.73,56.3,77.7,10.0,96.5,1575.92882118897
CMR,Cameroon,2014,,59.13,56.8,76.9,16.2148722257524,92.4,1649.4433905949
CMR,Cameroon,2015,,59.687,58.6,78.1,18.29999924,88.5,1415.00009710569
CMR,Cameroon,2016,,60.293,59.8,78.8,20.60000038,85.1,1441.7201725688
CMR,Cameroon,2017,,60.817,60.9,79.2,23.2029719748646,81.9,1496.08951771242
CMR,Cameroon,2018,72.5500030517578,61.189,62.2,78.7,29.70000076,78.9,1610.69641591017
CMR,Cameroon,2019,,61.695,63.2,78.9,36.53919983,76.6,1555.22660476477
CMR,Cameroon,2020,,61.674,64.3,78.9,37.69749832,74.4,1555.60370660749
CMR,Cameroon,2021,,61.146,65.4,79.2,38.89260101,71.9,1672.32657340872
CMR,Cameroon,2022,,62.443,71.0,,40.12559891,69.4,1604.87726954895
CMR,Cameroon,2023,,63.7,72.0,,42.24380112,67.0,1720.47510154506
COD,"Congo, Dem. Rep.",2005,,54.001,6.0,97.4,0.238000005,124.4,214.539740473519
COD,"Congo, Dem. Rep.",2006,,54.498,10.2,97.3,0.296099991,118.9,255.445229568751
COD,"Congo, Dem. Rep.",2007,,54.954,15.2,97.2,0.370000005,113.8,294.101615124419
COD,"Congo, Dem. Rep.",2008,,55.388,11.6,97.0,0.439999998,109.2,352.900363371995
COD,"Congo, Dem. Rep.",2009,,55.798,12.3,97.0,0.560000002,105.0,280.178991035792
COD,"Congo, Dem. Rep.",2010,,56.411,13.0,96.8,0.72,101.4,352.400398754692
COD,"Congo, Dem. Rep.",2011,,56.911,13.7,96.2,1.200000048,98.3,372.514273875789
COD,"Congo, Dem. Rep.",2012,75.0199966430664,57.35,15.4,95.5,1.679999948,95.9,409.931424783784
COD,"Congo, Dem. Rep.",2013,,57.795,15.2,93.9,2.200000048,94.1,460.370334930107
COD,"Congo, Dem. Rep.",2014,,58.236,13.5,92.9,3.0,92.7,489.175952097319
COD,"Congo, Dem. Rep.",2015,,58.658,16.6,95.8,3.799999952,91.9,495.826633014883
COD,"Congo, Dem. Rep.",2016,77.0400009155273,59.081,17.3,97.0,10.1,91.5,459.765036590388
COD,"Congo, Dem. Rep.",2017,,59.495,18.0,96.7,,91.5,431.052559128788
COD,"Congo, Dem. Rep.",2018,73.5500030517578,59.926,18.7,96.4,11.69999981,91.7,518.169626875371
COD,"Congo, Dem. Rep.",2019,,60.242,19.1,96.3,13.02970028,92.2,504.00419142286
COD,"Congo, Dem. Rep.",2020,65.6828744335957,60.428,20.1,96.2,14.51049995,92.7,486.425572682256
COD,"Congo, Dem. Rep.",2021,,60.044,20.8,96.3,16.1595993,92.9,595.743074403567
COD,"Congo, Dem. Rep.",2022,,60.979,21.5,,17.99620056,92.5,687.738587554685
COD,"Congo, Dem. Rep.",2023,68.5,61.895,22.1,,18.96789932,91.3,660.21205238997
COG,"Congo, Rep.",2005,76.1100006103516,58.73,33.8,63.1,1.463400006,85.7,1799.05158366154
COG,"Congo, Rep.",2006,,59.474,34.9,69.3,2.007999897,79.5,2103.5821381211
COG,"Congo, Rep.",2007,,60.05,35.8,60.2,2.75970437370903,73.9,2206.47101863414
COG,"Congo, Rep.",2008,,60.79,36.8,56.8,4.28750990276481,69.2,2832.09177777643
COG,"Congo, Rep.",2009,,61.215,37.1,55.9,4.5,65.3,2271.15219175966
COG,"Congo, Rep.",2010,,61.731,40.0,54.5,5.0,62.4,2946.55798067708
COG,"Congo, Rep.",2011,,62.286,40.8,64.3,5.6,60.0,3396.16505817952
COG,"Congo, Rep.",2012,,62.662,41.6,65.1,6.106699944,57.9,3732.32737320389
COG,"Congo, Rep.",2013,,62.969,42.5,62.3,6.599999905,56.2,3697.41705884249
COG,"Congo, Rep.",2014,,63.349,43.4,62.1,7.110000134,54.5,3601.2365808718
COG,"Congo, Rep.",2015,,63.662,44.3,64.2,7.616000175,52.7,2439.35189403696
COG,"Congo, Rep.",2016,,63.911,45.3,67.7,8.121899605,51.0,2093.10728558843
COG,"Congo, Rep.",2017,,64.203,46.2,69.8,8.649999619,49.3,2211.63309874797
COG,"Congo, Rep.",2018,,64.472,47.0,70.6,11.8071003,47.6,2694.43413191427
COG,"Congo, Rep.",2019,,63.152,47.7,69.8,16.11639977,52.2,2488.42466724916
COG,"Congo, Rep.",2020,,64.391,48.7,71.4,21.99850082,44.5,1993.586671931
COG,"Congo, Rep.",2021,,64.192,49.7,71.4,30.02739906,43.0,2516.16255145432
COG,"Congo, Rep.",2022,,65.0,50.6,,40.98669815,41.5,2620.83804267402
COG,"Congo, Rep.",2023,,65.772,51.3,,43.15039825,40.3,2477.97845544866
COL,Colombia,2005,92.8499984741211,73.156,96.8,28.9,11.0072638904585,21.4,3456.06610874512
COL,Colombia,2006,92.3000030517578,73.497,95.7,30.6,15.3416745365682,20.7,3789.85361217027
COL,Colombia,2007,92.6500015258789,73.751,96.0,31.0,21.79999924,20.1,4769.926147194
COL,Colombia,2008,93.379997253418,74.206,96.8,30.8,25.6,19.5,5541.83629665898
COL,Colombia,2009,93.2399978637695,74.531,96.1,31.4,30.0,18.8,5250.97292433518
COL,Colombia,2010,93.370002746582,74.876,96.8,30.6,36.5,18.2,6398.2958447102
COL,Colombia,2011,93.5800018310547,75.18,96.7,29.6,40.3509157546318,17.6,7400.9940695669
COL,Colombia,2012,,75.611,97.0,29.6,48.98,17.1,8108.59838244229
COL,Colombia,2013,,75.834,97.8,32.0,51.7,16.5,8279.10255642981
COL,Colombia,2014,94.1900024414062,75.95,97.8,32.1,52.568136539247,16.0,8187.20824890084
COL,Colombia,2015,94.25,76.067,98.2,31.1,55.9049725142924,15.5,6248.51490534512
COL,Colombia,2016,94.6500015258789,76.228,98.4,30.5,58.1364935728703,15.0,5959.84250367574
COL,Colombia,2017,94.8873885601748,76.418,98.5,32.2,62.2598803162841,14.5,6479.53231292429
COL,Colombia,2018,95.0899963378906,76.579,98.5,30.4,64.1263768204459,14.0,6816.96818309544
COL,Colombia,2019,95.25,76.793,99.4,31.5,65.0069007159493,13.5,6472.54544924705
COL,Colombia,2020,95.6399993896484,74.757,99.7,32.0,69.79533474,13.1,5339.68711357943
COL,Colombia,2021,95.6606500324449,72.698,100.0,29.7,73.02837449,12.7,6222.62164397614
COL,Colombia,2022,95.31030793119,76.508,100.0,,72.79637855,12.3,6680.44506854481
COL,Colombia,2023,95.4566254983696,77.725,98.7,,77.33686322,11.9,7012.49169137756
COM,Comoros,2005,,60.883,51.0,65.7,2.0,65.8,1105.78796866788
COM,Comoros,2006,,61.229,53.2,61.8,2.200000048,63.4,1138.47908404345
COM,Comoros,2007,,61.475,55.5,74.4,2.5,61.2,1289.73631056361
COM,Comoros,2008,,61.955,57.8,73.4,3.0,59.2,1455.02768595586
COM,Comoros,2009,,62.302,60.1,68.5,3.5,57.3,1410.30516959473
COM,Comoros,2010,,62.747,69.7,66.0,5.099999905,55.6,1386.57533553376
COM,Comoros,2011,,63.105,69.3,69.0,5.5,54.0,1531.43969320468
COM,Comoros,2012,,63.463,69.3,68.3,5.975299835,52.5,1490.31425650871
COM,Comoros,2013,,63.839,69.4,63.6,6.5,51.2,1603.32653496691
COM,Comoros,2014,73.6494960644007,64.143,71.8,68.0,6.980000019,50.0,1615.71709756316
COM,Comoros,2015,,64.473,74.1,67.0,7.459199905,48.9,1329.37048235986
COM,Comoros,2016,,64.792,76.4,64.0,7.938300133,47.9,1365.48403444497
COM,Comoros,2017,,65.127,78.7,59.5,8.478199959,46.9,1423.9248027797
COM,Comoros,2018,,65.401,81.0,57.7,,45.8,1540.71132257526
COM,Comoros,2019,,65.662,83.3,55.3,16.38380051,44.8,1519.26386436068
COM,Comoros,2020,,65.756,85.6,50.8,22.42040062,43.7,1527.16991011916
COM,Comoros,2021,75.6201980162165,65.201,87.9,41.2,30.68120003,42.6,1587.72988658008
COM,Comoros,2022,,66.481,89.9,39.3,31.37409973,41.4,1533.87755393614
COM,Comoros,2023,,66.777,89.8,,31.92749977,40.2,1723.89474946474
CPV,Cabo Verde,2005,,70.936,67.0,23.9,6.07408710659813,28.0,2004.14680417563
CPV,Cabo Verde,2006,,71.341,68.8,21.2,6.80891100753313,28.0,2256.99666191075
CPV,Cabo Verde,2007,,71.487,70.5,21.0,8.28321981953034,28.1,3324.57675212498
CPV,Cabo Verde,2008,,71.888,72.3,23.8,14.0,27.9,3908.64885822576
CPV,Cabo Verde,2009,82.2189574366152,72.142,74.1,22.1,21.0,27.5,3659.72046361628
CPV,Cabo Verde,2010,,72.507,81.1,21.2,30.0,26.7,3579.46006137809
CPV,Cabo Verde,2011,,72.913,82.3,20.8,32.0,25.6,4002.01386888785
CPV,Cabo Verde,2012,85.3300018310547,73.315,83.2,24.3,34.74,24.2,3736.81517011087
CPV,Cabo Verde,2013,,73.481,84.3,25.9,37.5,22.6,3960.97596791345
CPV,Cabo Verde,2014,,73.788,85.3,26.1,40.25999832,20.9,3985.60706548134
CPV,Cabo Verde,2015,86.7900009155273,74.096,86.4,26.4,42.6830141582781,19.2,3415.06266730931
CPV,Cabo Verde,2016,,74.35,87.5,23.9,50.3228178676892,17.6,3608.96605234906
CPV,Cabo Verde,2017,,74.71,88.6,21.8,57.1621463484891,16.2,3893.09571382506
CPV,Cabo Verde,2018,,74.84,90.2,21.9,59.5,15.1,4294.96510035729
CPV,Cabo Verde,2019,,75.449,91.4,19.7,61.9433977593088,14.1,4380.78117331128
CPV,Cabo Verde,2020,,73.818,93.7,23.4,69.37339783,13.3,3539.22661248299
CPV,Cabo Verde,2021,,74.424,95.5,22.6,70.28250122,12.7,3971.44409203423
CPV,Cabo Verde,2022,,75.907,97.1,21.8,73.32740021,12.1,4323.31362032709
CPV,Cabo Verde,2023,,76.059,98.6,,74.59919739,11.6,4794.90119772843
CRI,Costa Rica,2005,,78.877,99.1,41.7,22.07,11.3,4703.00720463794
CRI,Costa Rica,2006,,79.049,99.1,42.4,25.10000038,11.2,5256.59641275583
CRI,Costa Rica,2007,,79.098,99.2,41.2,28.39999962,11.1,6137.71199435022
CRI,Costa Rica,2008,,79.18,99.3,40.7,32.29,10.9,6937.24261660254
CRI,Costa Rica,2009,,79.372,99.4,40.7,34.33,10.7,6832.69828187486
CRI,Costa Rica,2010,,79.354,99.0,40.4,36.5,10.5,8265.78820580299
CRI,Costa Rica,2011,97.4100036621094,79.624,99.2,38.0,39.2121959961842,10.2,9276.39109377477
CRI,Costa Rica,2012,,79.925,99.5,38.1,47.5,9.8,10126.9991155066
CRI,Costa Rica,2013,,80.189,99.6,37.8,45.96,9.5,10803.2401795009
CRI,Costa Rica,2014,,80.231,99.4,37.6,53.0,9.2,10911.4978703456
CRI,Costa Rica,2015,,80.407,99.4,38.3,59.7629501371681,9.0,11714.7106121672
CRI,Costa Rica,2016,,79.988,99.5,34.1,65.8804491942718,8.9,12091.0301560892
CRI,Costa Rica,2017,,79.994,99.6,33.3,71.5816646195022,8.9,12317.0902779911
CRI,Costa Rica,2018,,80.09,99.7,33.1,73.4797284369906,9.0,12620.0207321581
CRI,Costa Rica,2019,,80.296,99.7,33.4,81.2025964435269,9.1,12951.8588421841
CRI,Costa Rica,2020,,79.725,99.9,36.4,80.53018608,9.3,12475.6852076814
CRI,Costa Rica,2021,,78.05,100.0,34.2,82.74901607,9.6,12962.2716075659
CRI,Costa Rica,2022,,79.316,100.0,,82.59801121,9.9,13971.7649991294
CRI,Costa Rica,2023,,80.799,100.0,,85.39514799,10.1,17140.771430122
CSS,Caribbean small states,2005,89.9499969482422,69.6320513314341,90.8157874812197,8.82919141160347,,27.1256315760631,9439.33720644986
CSS,Caribbean small states,2006,90.1500015258789,69.9344232165599,91.9463978625702,9.42070063694267,,26.6642978373939,10883.0475520742
CSS,Caribbean small states,2007,90.75,70.2937333399206,93.0816054727479,8.52536082474227,,26.2060322483835,12134.9066978741
CSS,Caribbean small states,2008,91.0199966430664,70.5499974705246,93.4441294061575,8.71866048862679,,25.7292304129259,13890.1303094208
CSS,Caribbean small states,2009,,70.797737511813,92.9152943922676,8.57920034028073,,25.2608405148904,11554.0589194758
CSS,Caribbean small states,2010,,71.0114366987074,94.1815124594599,7.763243873979,,24.8751909030545,12652.5691256578
CSS,Caribbean small states,2011,,71.266093287793,94.1276818467132,8.84632068164214,,24.46797830169,13503.1582761636
CSS,Caribbean small states,2012,,71.4019143290264,95.2543113839721,7.93956806787505,,23.9873976108028,14225.6111466707
CSS,Caribbean small states,2013,,71.5692506084297,95.5637395418446,6.8601581027668,,23.5459317439355,14575.4918879542
CSS,Caribbean small states,2014,,71.7739411761824,95.8432196458407,6.01613766730402,,23.084774339181,14962.943351851
CSS,Caribbean small states,2015,,71.8641021665476,96.2001948453372,6.1973602484472,,22.5926085426782,14497.8798625347
CSS,Caribbean small states,2016,,72.0516361154512,96.6656867832991,6.68268450932684,,22.1309816388208,13377.8260731233
CSS,Caribbean small states,2017,,72.1731041595093,97.0542900594117,7.41293833131802,,21.6186888425685,13708.7525902396
CSS,Caribbean small states,2018,,72.2210854022703,97.0878277080481,7.1973830973831,,21.0948856500277,13896.5484095788
CSS,Caribbean small states,2019,,72.1292604830284,97.3685903913769,5.88822815533981,,21.4825706165536,13995.7626558947
CSS,Caribbean small states,2020,,71.9394359303317,97.9333626877032,6.28843567906768,,20.2340787930087,11961.4085449634
CSS,Caribbean small states,2021,,69.9228107471769,98.1746990902549,,,19.8300013620473,13996.4475071755
CSS,Caribbean small states,2022,,72.8322921090607,98.3064221501297,,,19.2519055409131,17449.5193422186
CSS,Caribbean small states,2023,,73.1716450013098,99.168477538461,,,18.6734280753062,17609.6827071212
CUB,Cuba,2005,,77.54,96.8,26.3,9.73806220781346,7.1,3786.33799225291
CUB,Cuba,2006,,77.406,96.9,22.0,11.1596013147617,6.8,4329.98265964383
CUB,Cuba,2007,,77.55,97.1,18.6,11.69,6.6,4807.43888960684
CUB,Cuba,2008,,77.589,97.3,18.7,12.94,6.5,4986.12436479175
CUB,Cuba,2009,,77.584,97.6,19.0,14.33,6.3,5089.23519757167
CUB,Cuba,2010,,77.876,97.8,15.6,15.9,6.2,5272.26755824835
CUB,Cuba,2011,,78.051,98.0,19.2,16.0172907996413,6.1,6104.46105236166
CUB,Cuba,2012,99.6699981689453,78.162,98.3,19.4,21.20000076,6.1,6470.83673392653
CUB,Cuba,2013,,78.028,98.5,18.2,27.93,6.0,6828.36428245396
CUB,Cuba,2014,,77.825,98.7,23.2,29.0701843656523,6.1,7146.70459051328
CUB,Cuba,2015,,77.745,99.0,21.1,37.3050974155373,6.1,7727.91997207998
CUB,Cuba,2016,,77.571,99.2,19.2,42.9786751910106,6.3,8110.55874283616
CUB,Cuba,2017,,77.3,99.4,22.0,57.1484043170788,6.4,8610.60829605429
CUB,Cuba,2018,,77.426,99.6,24.0,62.6789236230601,6.6,8911.46205998726
CUB,Cuba,2019,97.6500015258789,77.413,99.8,23.1,67.9708086565152,6.9,9232.26115935183
CUB,Cuba,2020,,77.407,99.9,24.5,71.11907507,7.2,9605.27914559614
CUB,Cuba,2021,,73.201,100.0,20.9,67.64354869,7.5,
CUB,Cuba,2022,,77.629,100.0,,67.88410187,7.8,
CUB,Cuba,2023,,78.085,100.0,,69.55580139,8.2,
CUW,Curacao,2005,,73.873,99.7,0.6,,,17032.3356620744
CUW,Curacao,2006,,73.978,99.7,0.6,,,17400.1637780186
CUW,Curacao,2007,,74.137,99.7,0.6,,,18005.7165850772
CUW,Curacao,2008,,74.314,99.7,0.5,,,19423.3352430175
CUW,Curacao,2009,,74.485,99.7,0.5,,,19540.2476579348
CUW,Curacao,2010,,75.117,100.0,0.5,,,19847.2310127979
CUW,Curacao,2011,,75.576,100.0,0.5,,,19426.326382752
CUW,Curacao,2012,,75.96,100.0,0.6,,,19809.8223198624
CUW,Curacao,2013,,76.239,100.0,1.1,,,19721.2921646576
CUW,Curacao,2014,,76.384,100.0,1.4,,,19623.029993395
CUW,Curacao,2015,,76.482,100.0,1.3,,,19361.8130008678
CUW,Curacao,2016,,76.322,100.0,1.4,61.855510740634,,18944.0961493998
CUW,Curacao,2017,,76.423,100.0,1.9,68.1272162511339,,18938.2440469703
CUW,Curacao,2018,,76.493,100.0,2.5,,,19119.1243941688
CUW,Curacao,2019,,76.492,100.0,2.5,,,19220.6866958303
CUW,Curacao,2020,,76.501,100.0,2.8,,,16299.8134688605
CUW,Curacao,2021,,75.686,100.0,2.8,,,17795.5826483092
CUW,Curacao,2022,,76.729,100.0,,,,20057.1404960105
CUW,Curacao,2023,,76.8,100.0,,,,21217.8109173312
CYM,Cayman Islands,2005,,74.863,100.0,0.0,38.0343830823064,,
CYM,Cayman Islands,2006,,75.0,100.0,0.0,44.5,,87085.0937376216
CYM,Cayman Islands,2007,98.870002746582,75.152,100.0,0.0,52.0,,89888.2618212462
CYM,Cayman Islands,2008,,75.386,100.0,0.0,61.0,,89655.1196222184
CYM,Cayman Islands,2009,,75.671,100.0,0.0,64.5,,81373.5711516642
CYM,Cayman Islands,2010,,76.069,100.0,0.0,66.0,,76837.6699636672
CYM,Cayman Islands,2011,,76.562,100.0,0.0,69.46594499,,75280.960764889
CYM,Cayman Islands,2012,,77.121,100.0,0.0,69.7,,75101.59136128
CYM,Cayman Islands,2013,,77.652,100.0,0.0,71.4,,75113.7332398618
CYM,Cayman Islands,2014,,77.865,100.0,0.0,74.1,,75845.3060407986
CYM,Cayman Islands,2015,,78.119,100.0,0.0,77.0,,76379.2095108681
CYM,Cayman Islands,2016,,78.367,100.0,0.0,79.0,,77802.2541567187
CYM,Cayman Islands,2017,98.870002746582,78.615,100.0,0.0,81.0676932508161,,80053.9444506891
CYM,Cayman Islands,2018,,78.835,100.0,0.0,,,83865.5531568184
CYM,Cayman Islands,2019,,79.052,100.0,0.0,,,88254.2903677044
CYM,Cayman Islands,2020,,79.23,100.0,0.0,,,82338.7977439023
CYM,Cayman Islands,2021,,79.3,100.0,0.0,,,86449.6749037302
CYM,Cayman Islands,2022,,79.984,100.0,0.0,,,92937.8838323153
CYM,Cayman Islands,2023,,80.358,100.0,,,,100065.233841107
CYP,Cyprus,2005,,79.198,100.0,3.4,32.81,4.7,24959.26171875
CYP,Cyprus,2006,,79.456,100.0,3.5,35.83,4.4,26729.28125
CYP,Cyprus,2007,,79.798,100.0,4.3,40.77,4.1,31244.87890625
CYP,Cyprus,2008,,79.906,100.0,5.7,42.31,3.8,35541.88671875
CYP,Cyprus,2009,,80.375,100.0,6.3,49.81,3.5,32236.462890625
CYP,Cyprus,2010,,80.632,100.0,6.5,52.99,3.2,31105.02734375
CYP,Cyprus,2011,98.6800003051758,80.855,100.0,7.6,56.8598923503507,3.0,32485.8046875
CYP,Cyprus,2012,,81.128,100.0,8.6,60.6898684001903,2.8,28991.9296875
CYP,Cyprus,2013,,81.317,100.0,9.7,65.4548,2.7,27764.7265625
CYP,Cyprus,2014,,81.337,100.0,9.5,69.3286967086473,2.6,26993.095703125
CYP,Cyprus,2015,,81.464,100.0,10.4,71.7157409175171,2.5,23088.4296875
CYP,Cyprus,2016,,81.534,100.0,10.3,75.9002054030125,2.5,24280.044921875
CYP,Cyprus,2017,,81.543,100.0,10.9,80.743188971932,2.6,26247.46484375
CYP,Cyprus,2018,,81.556,100.0,12.0,84.4335825186889,2.7,29120.38671875
CYP,Cyprus,2019,,81.454,100.0,12.0,86.0636299618935,3.0,29227.16796875
CYP,Cyprus,2020,,81.23,100.0,15.0,90.80194644,3.3,28130.330078125
CYP,Cyprus,2021,,80.573,100.0,15.6,90.75951564,3.7,32937.8359375
CYP,Cyprus,2022,,80.434,100.0,,89.60099194,4.1,33231.05078125
CYP,Cyprus,2023,,81.648,100.0,,91.22110357,4.6,36623.70703125
CZE,Czechia,2005,,75.9243902439025,100.0,7.5,35.27,4.4,13442.4916284309
CZE,Czechia,2006,,76.5243902439024,100.0,7.9,47.93,4.1,15259.0788162004
CZE,Czechia,2007,,76.7243902439025,100.0,8.3,51.93,3.9,18452.6532812196
CZE,Czechia,2008,,76.9756097560976,100.0,9.0,62.97,3.7,22774.7045076205
CZE,Czechia,2009,,77.0780487804878,100.0,10.2,64.43,3.5,19817.4215836554
CZE,Czechia,2010,,77.4243902439025,100.0,10.9,68.82,3.4,20160.4355077059
CZE,Czechia,2011,,77.8731707317073,100.0,12.2,70.49,3.3,22049.1080788682
CZE,Czechia,2012,,78.0756097560976,100.0,12.8,73.4300078241036,3.2,20014.0354015165
CZE,Czechia,2013,,78.1756097560976,100.0,13.9,74.1104,3.1,20260.4954999375
CZE,Czechia,2014,,78.8243902439024,100.0,14.8,74.2317116367383,3.1,20038.4163180257
CZE,Czechia,2015,,78.5780487804878,100.0,14.8,75.668838699279,3.2,17931.5987670768
CZE,Czechia,2016,,79.0268292682927,100.0,14.8,76.4811986951838,3.2,18753.9686718096
CZE,Czechia,2017,,78.9780487804878,100.0,14.5,78.7191728513432,3.2,20913.197632212
CZE,Czechia,2018,,79.0292682926829,100.0,14.7,80.6881675434288,3.1,23705.9329811299
CZE,Czechia,2019,,79.2292682926829,100.0,15.9,80.8669444139622,3.0,24062.7190013343
CZE,Czechia,2020,,78.2268292682927,100.0,17.0,81.33889705,2.9,23472.8915454417
CZE,Czechia,2021,,77.2219512195122,100.0,17.2,82.67062427,2.8,27696.4619527544
CZE,Czechia,2022,,78.9292682926829,100.0,,84.54009378,2.7,28282.2236715857
CZE,Czechia,2023,,79.8268292682927,100.0,,85.99404818,2.6,31761.5944102491
DEU,Germany,2005,,78.9317073170732,100.0,7.3,68.71,4.7,35084.4363546269
DEU,Germany,2006,,79.1317073170732,100.0,8.6,72.16,4.6,36980.3349948954
DEU,Germany,2007,,79.5341463414634,100.0,10.5,75.16,4.5,42350.9217211489
DEU,Germany,2008,,79.7365853658537,100.0,10.2,78.0,4.4,46379.1647953479
DEU,Germany,2009,,79.8365853658537,100.0,10.7,79.0,4.3,42471.8868625226
DEU,Germany,2010,,79.9878048780488,100.0,11.6,82.0,4.2,42396.9665976293
DEU,Germany,2011,,80.4365853658537,100.0,12.5,81.26999953602,4.1,47630.9761883572
DEU,Germany,2012,,80.5390243902439,100.0,13.6,82.3499984738392,4.0,44718.0159214069
DEU,Germany,2013,,80.490243902439,100.0,13.6,84.17,4.0,47206.8353514242
DEU,Germany,2014,,81.090243902439,100.0,14.0,86.1937006578756,4.0,48959.5991203133
DEU,Germany,2015,,80.6414634146341,100.0,14.6,87.5897993525767,3.9,41929.7549110722
DEU,Germany,2016,,80.990243902439,100.0,14.2,84.1652066441212,3.9,42948.9381932694
DEU,Germany,2017,,80.9926829268293,100.0,15.2,84.3941537010844,3.8,45553.9341495339
DEU,Germany,2018,,80.8926829268293,100.0,16.0,87.037112092841,3.8,48916.1686612154
DEU,Germany,2019,,81.2926829268293,100.0,17.1,88.1345169091916,3.7,47656.199739747
DEU,Germany,2020,,81.0414634146342,100.0,18.5,89.81294133,3.7,47394.8734504469
DEU,Germany,2021,,80.790243902439,100.0,17.6,91.43060973,3.7,52349.2459994422
DEU,Germany,2022,,80.6080487804878,100.0,,91.62984383,3.7,50506.5179638543
DEU,Germany,2023,,81.0414634146342,100.0,,92.4763763,3.7,54776.7668235491
DJI,Djibouti,2005,,58.548,56.8,33.1,0.953599989,86.9,844.4483573908
DJI,Djibouti,2006,,58.962,55.5,33.0,1.269999981,84.6,898.464628136774
DJI,Djibouti,2007,,59.362,57.2,32.5,1.62,82.3,969.573220191902
DJI,Djibouti,2008,,59.815,57.4,33.1,2.26,79.9,1119.15233346969
DJI,Djibouti,2009,,60.351,57.6,34.4,4.0,77.7,1150.9375857489
DJI,Djibouti,2010,,60.743,57.9,32.5,6.5,75.5,1213.23352553429
DJI,Djibouti,2011,,61.337,58.1,32.0,7.0,73.4,1306.34552844977
DJI,Djibouti,2012,,61.719,54.6,32.3,9.399999619,71.3,1400.19357858954
DJI,Djibouti,2013,,62.116,58.6,29.9,12.69999981,69.2,2075.94498424748
DJI,Djibouti,2014,,62.427,58.9,29.4,17.0,67.2,2214.62084142432
DJI,Djibouti,2015,,62.833,59.1,24.8,22.89999962,65.2,2376.12554719873
DJI,Djibouti,2016,,63.335,59.8,23.6,30.79999924,63.2,2510.4300076241
DJI,Djibouti,2017,,63.71,60.2,23.3,55.6814092453962,61.2,2618.95521147369
DJI,Djibouti,2018,,64.105,62.4,24.7,57.06169891,59.4,2718.08338799203
DJI,Djibouti,2019,,64.381,64.7,23.4,58.4762001,57.5,2837.16902340932
DJI,Djibouti,2020,,64.2,64.5,27.5,59.92570114,55.7,2844.88810647853
DJI,Djibouti,2021,,63.83,65.4,26.6,61.41120148,54.0,3025.91126413549
DJI,Djibouti,2022,,65.54,65.0,26.9,63.77600098,52.1,3133.25779772463
DJI,Djibouti,2023,,65.987,65.2,,64.75869751,50.5,3381.29779710722
DMA,Dominica,2005,,72.016,86.0,10.0,38.54359818,21.6,5695.22442394675
DMA,Dominica,2006,,72.007,87.0,9.8,39.39820099,22.2,6055.78109574854
DMA,Dominica,2007,,71.901,88.1,7.8,40.2745018,22.8,6459.03503689609
DMA,Dominica,2008,,71.945,90.9,8.0,41.15999985,23.5,6971.32633839289
DMA,Dominica,2009,,71.835,90.2,7.5,42.02000046,24.2,7487.49010395154
DMA,Dominica,2010,,71.68,91.3,10.3,47.45,24.9,7549.61964680375
DMA,Dominica,2011,,71.517,90.1,13.8,48.59999847,25.7,7705.40717248319
DMA,Dominica,2012,,71.391,93.5,11.3,49.79999924,26.5,7528.51001990155
DMA,Dominica,2013,,71.228,94.6,11.4,51.0,27.4,7822.21797211398
DMA,Dominica,2014,,71.189,95.7,9.9,57.5,28.3,8131.74876096735
DMA,Dominica,2015,,69.968,96.7,8.7,65.0,29.2,8282.59874702141
DMA,Dominica,2016,,71.189,97.8,10.7,67.02999878,30.2,8802.56172041363
DMA,Dominica,2017,,68.62,98.9,9.7,69.61969757,31.1,8224.64896571414
DMA,Dominica,2018,,71.378,99.6,7.9,,32.1,9215.3085405645
DMA,Dominica,2019,,71.305,99.9,7.6,73.38200378,33.0,9491.14995962374
DMA,Dominica,2020,,71.269,100.0,8.6,75.65670013,33.8,7827.74842680426
DMA,Dominica,2021,,69.832,100.0,8.8,78.07949829,34.4,8376.40414141113
DMA,Dominica,2022,,71.081,100.0,8.9,80.57980347,35.0,9323.66089490562
DMA,Dominica,2023,,71.132,100.0,,81.33650208,35.4,9912.96212766668
DNK,Denmark,2005,,77.8439024390244,100.0,16.1,82.74,4.8,48925.8076698784
DNK,Denmark,2006,,78.0951219512195,100.0,15.3,86.65,4.6,52119.1787984282
DNK,Denmark,2007,,78.1951219512195,100.0,17.7,85.03,4.5,58631.6566433635
DNK,Denmark,2008,,78.4463414634146,100.0,18.5,85.02,4.3,64616.6657583663
DNK,Denmark,2009,,78.5975609756098,100.0,19.3,86.84,4.2,58412.7472358513
DNK,Denmark,2010,,79.1,100.0,21.2,88.72,4.1,58104.5445594981
DNK,Denmark,2011,,79.8,100.0,23.8,89.8100133895232,4.1,61809.737898222
DNK,Denmark,2012,,80.0512195121951,100.0,26.9,92.2600117153012,4.1,58443.7747103968
DNK,Denmark,2013,,80.3,100.0,27.0,94.6297,4.1,61377.5940590412
DNK,Denmark,2014,,80.7,100.0,30.2,95.9935053764454,4.1,62520.4509747011
DNK,Denmark,2015,,80.7024390243902,100.0,32.5,96.3305016195436,4.1,53094.0133607574
DNK,Denmark,2016,,80.8536585365854,100.0,32.0,96.9677852516645,4.0,54500.9260410217
DNK,Denmark,2017,,81.1024390243903,100.0,35.0,97.0993621555621,3.9,57521.5514992225
DNK,Denmark,2018,,80.9536585365854,100.0,34.6,97.3192043651002,3.9,61324.7665045565
DNK,Denmark,2019,,81.4512195121951,100.0,37.2,98.0464347521549,3.8,59404.2663247723
DNK,Denmark,2020,,81.6024390243903,100.0,39.5,96.54914573,3.7,60985.4885601514
DNK,Denmark,2021,,81.4048780487805,100.0,39.5,98.8658506,3.7,69340.7334922138
DNK,Denmark,2022,,81.3048780487805,100.0,,97.86011812,3.8,67781.0940939514
DNK,Denmark,2023,,81.7536585365854,100.0,,98.77559197,3.9,68043.5466971243
DOM,Dominican Republic,2005,,71.043,90.1,19.4,11.4831977789344,36.0,3878.31206735244
DOM,Dominican Republic,2006,,71.054,90.1,18.0,14.8449283654589,35.6,4055.14270347371
DOM,Dominican Republic,2007,88.2399978637695,71.097,96.9,17.9,17.66,35.3,4649.64558875814
DOM,Dominican Republic,2008,,71.331,97.6,17.7,20.82,35.1,5023.58513403515
DOM,Dominican Republic,2009,,71.587,97.9,17.3,27.72,34.9,4973.95186999952
DOM,Dominican Republic,2010,89.5400009155273,72.039,98.1,16.9,31.39999962,34.9,5478.62470398954
DOM,Dominican Republic,2011,90.1100006103516,72.496,97.9,16.8,38.0,34.8,5826.51014109195
DOM,Dominican Republic,2012,90.1600036621094,72.817,97.9,16.5,42.32,34.8,6013.81965002603
DOM,Dominican Republic,2013,90.8600006103516,73.038,98.4,16.6,45.9,34.8,6136.59429329301
DOM,Dominican Republic,2014,91.7600021362305,73.145,98.5,17.3,49.58000183,34.9,6496.45166971142
DOM,Dominican Republic,2015,91.9899978637695,72.982,98.6,14.9,54.2157663369785,34.9,6800.95309395474
DOM,Dominican Republic,2016,93.7799987792969,72.889,98.9,15.3,63.8708647408206,34.9,7160.44200982307
DOM,Dominican Republic,2017,93.2332153385684,73.37,100.0,16.9,67.5712453277737,34.9,7412.71571571512
DOM,Dominican Republic,2018,93.4360584896058,73.555,98.9,15.9,74.8220483597284,34.7,7882.98221584944
DOM,Dominican Republic,2019,93.6726916249429,73.112,99.0,14.4,79.71549988,34.4,8183.01623600375
DOM,Dominican Republic,2020,93.6926372060753,72.636,100.0,16.0,81.61730194,33.8,7135.22273255899
DOM,Dominican Republic,2021,93.7309714425844,71.757,98.1,14.8,85.24298638,33.0,8527.0754858205
DOM,Dominican Republic,2022,93.7022375646963,74.211,98.1,,81.51269675,32.3,10104.2464008585
DOM,Dominican Republic,2023,94.3123758236054,73.72,99.6,,86.12689972,31.5,10630.431743829
DZA,Algeria,2005,,72.836,98.6,0.6,5.843900204,33.9,3233.13339634212
DZA,Algeria,2006,72.6500015258789,73.116,98.7,0.4,7.37598495634886,32.5,3660.66104745322
DZA,Algeria,2007,,73.346,98.7,0.4,9.45119062555304,31.2,4167.45169937531
DZA,Algeria,2008,75.1399993896484,73.618,99.3,0.3,10.18,30.1,5180.91881514686
DZA,Algeria,2009,,73.871,98.8,0.3,11.23,29.0,4235.42990456612
DZA,Algeria,2010,,74.144,98.9,0.3,12.5,28.1,4912.78585503672
DZA,Algeria,2011,,74.383,99.0,0.2,14.89999962,27.3,5916.31364364343
DZA,Algeria,2012,,74.609,98.8,0.2,18.20000076,26.6,6033.64884689543
DZA,Algeria,2013,,74.809,99.2,0.1,22.5,25.9,5979.60138960585
DZA,Algeria,2014,,74.992,99.3,0.1,29.5,25.4,6094.69392314956
DZA,Algeria,2015,,75.159,99.4,0.1,38.20000076,24.9,4685.05902729002
DZA,Algeria,2016,,75.31,99.4,0.1,42.94549942,24.5,4424.98529027556
DZA,Algeria,2017,,75.431,99.5,0.1,47.69110107,24.0,4554.66753957828
DZA,Algeria,2018,,75.555,99.6,0.2,49.0384680793271,23.7,4577.21029180491
DZA,Algeria,2019,,75.682,99.5,0.2,55.79069901,23.3,4468.45341883656
DZA,Algeria,2020,,73.257,99.7,0.1,63.47269821,22.9,3743.5419522929
DZA,Algeria,2021,,75.208,99.8,0.1,72.21240234,22.6,4160.55926736925
DZA,Algeria,2022,,76.129,100.0,,74.78150177,22.3,4960.30334332888
DZA,Algeria,2023,,76.261,100.0,,76.19760132,22.0,5370.477235078
EAP,East Asia & Pacific (excluding high income),2005,92.2200012207031,72.3983266445825,92.8453003628586,20.7412125979338,8.3,30.2907051058504,1653.67971343756
EAP,East Asia & Pacific (excluding high income),2006,92.5699996948242,72.6518704363172,94.0414555134156,19.7794500219053,10.1,28.4224115469992,1976.632047491
EAP,East Asia & Pacific (excluding high income),2007,93.7799987792969,72.9937536648265,94.0513892360771,18.442744793017,14.3,26.7559837962097,2481.38755806042
EAP,East Asia & Pacific (excluding high income),2008,94.0800018310547,72.9241376220933,94.6719310490636,17.7862359678226,19.2,26.206449057273,3117.832791739
EAP,East Asia & Pacific (excluding high income),2009,94.3600006103516,73.4677878146597,94.4276339127764,16.97060416335,23.7,23.7274578501377,3359.51841456412
EAP,East Asia & Pacific (excluding high income),2010,94.4100036621094,73.7616390609633,95.0553706554353,15.7296949227323,28.9,22.4399493451171,4057.8659052455
EAP,East Asia & Pacific (excluding high income),2011,94.629997253418,73.9857453156401,95.5816815305151,14.7055801193074,32.3,21.3685026814193,4913.89455378862
EAP,East Asia & Pacific (excluding high income),2012,94.8600006103516,74.2597872053228,95.7951654492221,14.7136828117177,35.7,19.9737241800297,5434.82585097081
EAP,East Asia & Pacific (excluding high income),2013,94.9300003051758,74.4859323786011,96.0928535168264,14.6049166091883,38.2,19.1365596950918,5952.82148677207
EAP,East Asia & Pacific (excluding high income),2014,95.3399963378906,74.7194528121745,96.2740993565598,14.8403680079479,40.6,18.0713618055203,6373.70120967496
EAP,East Asia & Pacific (excluding high income),2015,95.5400009155273,74.9511243848739,96.621825072807,14.5349935193322,43.5,17.4865557526411,6589.81824245918
EAP,East Asia & Pacific (excluding high income),2016,95.7399978637695,75.1559117663434,96.7165341917277,14.9330102136904,49.6,16.4720341830735,6683.23529656879
EAP,East Asia & Pacific (excluding high income),2017,95.9300003051758,75.2396714880306,97.4453072983769,15.1598217902853,53.9,15.6474834443702,7241.98321346974
EAP,East Asia & Pacific (excluding high income),2018,95.9499969482422,75.57828618156,97.4123829747175,15.2617412584325,59.1,15.5381715461795,8046.00446277369
EAP,East Asia & Pacific (excluding high income),2019,96.0999984741211,75.7689690321509,97.6371958731303,15.6869369882801,64.0,15.0180940327798,8286.45749748666
EAP,East Asia & Pacific (excluding high income),2020,96.3099975585938,75.6976393295064,97.5651849682476,16.1762699381612,72.2,15.1823948934567,8391.23898302179
EAP,East Asia & Pacific (excluding high income),2021,96.4499969482422,75.2781418410849,97.9599209910295,,77.6,15.0122967009999,9974.57917918464
EAP,East Asia & Pacific (excluding high income),2022,96.5899963378906,75.9325409436903,98.029656910797,,81.6,14.8448601956501,10107.0569545516
EAP,East Asia & Pacific (excluding high income),2023,96.7200012207031,75.8806830895266,98.2376383007189,,84.2,14.4749594363851,10126.4304121407
EAR,Early-demographic dividend,2005,71.2900009155273,65.9797864104925,72.7499610041183,27.8795150462726,,64.2700700599399,1788.22041048826
EAR,Early-demographic dividend,2006,71.3000030517578,66.3919300050345,73.7999828808332,27.1651772172781,,61.445917265839,2011.02350805054
EAR,Early-demographic dividend,2007,72.2799987792969,66.7605467353128,75.6550383386468,26.2096590198511,,58.7468522161505,2342.58782127684
EAR,Early-demographic dividend,2008,73.129997253418,67.0218187568003,77.4007795197428,25.9491221333158,,56.6146245609075,2595.48033593556
EAR,Early-demographic dividend,2009,73.879997253418,67.496408245139,78.2884199644018,25.4129390516275,,53.6283446316316,2458.1646507679
EAR,Early-demographic dividend,2010,75.3499984741211,67.8244434669729,79.3900672195475,24.8615971543891,,51.4346564632238,2941.65330428569
EAR,Early-demographic dividend,2011,75.7600021362305,68.2600380693651,81.1499828644284,24.0855008274837,,48.8209534205075,3266.19695006658
EAR,Early-demographic dividend,2012,76.0299987792969,68.6094630284121,82.0524632421742,23.7687952198121,,46.6221417500773,3362.32207931577
EAR,Early-demographic dividend,2013,76.7099990844727,68.962837783411,83.7993125754694,24.0275019293983,,44.4942970063474,3332.30407501939
EAR,Early-demographic dividend,2014,77.5,69.3249758824304,84.7520088398511,23.4924369677916,,42.4666258953891,3351.66429566368
EAR,Early-demographic dividend,2015,78.4100036621094,69.6305484421664,86.8271544642577,23.2788830905664,,40.6812813482926,3178.86716124226
EAR,Early-demographic dividend,2016,79.0800018310547,69.9484837084835,88.3494481253503,23.2789953267586,,38.9997656937306,3227.64814256759
EAR,Early-demographic dividend,2017,79.3300018310547,70.2729949393554,90.5086728796454,22.9476250496601,,37.4716956775527,3457.91719451195
EAR,Early-demographic dividend,2018,79.6800003051758,70.5486659921504,91.9927109222765,23.0553629444334,,36.1562766486784,3460.86264008666
EAR,Early-demographic dividend,2019,79.7900009155273,70.8424064605001,92.7895334479975,23.4235915027361,,34.9101641822264,3481.75530893525
EAR,Early-demographic dividend,2020,80.3000030517578,69.8801308490982,93.4552643956364,24.9895503831566,,33.7001179805719,3185.49787368673
EAR,Early-demographic dividend,2021,80.7099990844727,68.1790994839634,95.2423338887017,,,33.8312680253746,3697.4103832017
EAR,Early-demographic dividend,2022,81.2399978637695,71.4304552508694,95.1445282423272,,,32.7176454900784,4017.48956260692
EAR,Early-demographic dividend,2023,81.6800003051758,71.7962449795855,95.7044381043822,,,30.8785826584925,4212.16924807645
EAS,East Asia & Pacific,2005,92.0199966430664,73.2984345512681,93.575146301846,16.4297576010523,14.7,28.7,4931.62605587014
EAS,East Asia & Pacific,2006,92.370002746582,73.5640440034614,94.6471577043934,15.9686753943731,16.6,27.0,5191.90669962482
EAS,East Asia & Pacific,2007,93.5100021362305,73.8948513504332,94.6545403732641,15.0789487832137,20.8,25.4,5760.12938767038
EAS,East Asia & Pacific,2008,93.8199996948242,73.8481629943997,95.2110838673573,14.735235141223,25.2,24.9,6593.64477271098
EAS,East Asia & Pacific,2009,94.0899963378906,74.3683471715786,94.9833280630479,14.2636176245449,29.5,22.5,6735.16059526359
EAS,East Asia & Pacific,2010,94.0800018310547,74.6299790050688,95.5468324754052,13.434787598045,34.2,21.4,7808.0701040139
EAS,East Asia & Pacific,2011,94.3000030517578,74.8252830592191,96.0189473952987,12.7263364615484,37.3,20.3,8976.49484706491
EAS,East Asia & Pacific,2012,94.5400009155273,75.1059726864745,96.2092457835614,12.7952806131987,40.4,19.1,9534.44491469921
EAS,East Asia & Pacific,2013,94.620002746582,75.3347729864006,96.4756466990083,12.807588042962,43.2,18.2,9580.35094813005
EAS,East Asia & Pacific,2014,95.0899963378906,75.5644270391791,96.6375595761929,13.1772220799983,45.5,17.2,9832.43196516945
EAS,East Asia & Pacific,2015,95.3000030517578,75.7926010192992,96.9500599621312,12.9820393664344,48.3,16.6,9730.64405529046
EAS,East Asia & Pacific,2016,95.5,75.9870166732102,97.0343965831866,13.3311956056945,53.9,15.7,10011.552668647
EAS,East Asia & Pacific,2017,95.6900024414062,76.0789923585537,97.6915359289014,13.5844394239657,57.8,15.0,10612.7930790259
EAS,East Asia & Pacific,2018,95.7300033569336,76.3914229383171,97.66096406877,13.7870493058758,62.5,14.8,11487.5096772887
EAS,East Asia & Pacific,2019,95.870002746582,76.5862412994962,97.8635835308099,14.2375892668268,67.1,14.3,11677.4429355606
EAS,East Asia & Pacific,2020,96.0899963378906,76.5433946923267,97.7976042617313,14.8081424064458,73.9,14.4,11697.5156784805
EAS,East Asia & Pacific,2021,96.2200012207031,76.152941315904,98.1534049450822,,78.8,14.2,13416.9773441612
EAS,East Asia & Pacific,2022,96.3600006103516,76.6767167147452,98.2159746947416,,82.4,14.0,13219.5863562213
EAS,East Asia & Pacific,2023,96.4899978637695,76.6572021082574,98.4044624957692,,84.9,13.7,13251.5119797804
ECA,Europe & Central Asia (excluding high income),2005,95.8399963378906,69.9595147646973,99.2594569491161,7.2836157568398,8.9,30.1880663905664,3576.78042249065
ECA,Europe & Central Asia (excluding high income),2006,95.7300033569336,70.2178659389806,99.2193080062367,7.07847885220545,11.6,28.2285287698445,4142.51945509226
ECA,Europe & Central Asia (excluding high income),2007,95.9000015258789,70.5579786921334,99.3389908321698,6.63494298230947,16.3,26.4596456532286,5206.58156726071
ECA,Europe & Central Asia (excluding high income),2008,96.0199966430664,70.9743175160426,99.3776072797545,6.45158501915867,20.6,24.7537658738244,6191.2490187656
ECA,Europe & Central Asia (excluding high income),2009,96.8499984741211,71.442292156273,99.4485621601137,7.42803913844124,25.0,23.1662750310061,5125.28238536429
ECA,Europe & Central Asia (excluding high income),2010,97.4199981689453,71.9125911481178,99.6086224547018,7.81163686125183,30.1,21.8327619264082,6044.40742137607
ECA,Europe & Central Asia (excluding high income),2011,97.870002746582,72.1509502224104,99.6174754229201,7.06633152811845,34.9,20.6052052466506,6817.02366099691
ECA,Europe & Central Asia (excluding high income),2012,98.129997253418,72.6735984954506,99.6946321116736,7.4990959908438,39.4,19.3782248485954,7126.81359535263
ECA,Europe & Central Asia (excluding high income),2013,98.2099990844727,73.1258294397593,99.728652515568,8.04245729281583,43.2,18.4040261785443,7707.27955254226
ECA,Europe & Central Asia (excluding high income),2014,98.2900009155273,73.4195161256746,99.7847724120664,7.75696722378988,48.6,17.5388657418696,7334.84338588205
ECA,Europe & Central Asia (excluding high income),2015,98.3600006103516,73.755408258866,99.7676589877916,8.89374944135576,51.9,16.8078244064144,6338.80741019255
ECA,Europe & Central Asia (excluding high income),2016,98.4800033569336,74.0313769065099,99.8659600305289,9.05362050305208,56.2,16.0721474728614,6023.54753164072
ECA,Europe & Central Asia (excluding high income),2017,98.5899963378906,74.4033539029016,99.9182925529991,8.68104031424437,60.6,15.5904334752804,6129.93083517607
ECA,Europe & Central Asia (excluding high income),2018,98.6600036621094,74.5927989243036,99.9420709286304,9.10455322874983,65.8,15.2052863202675,5947.15360517457
ECA,Europe & Central Asia (excluding high income),2019,98.8000030517578,74.8158340567546,99.9657744725899,10.0324286162535,70.3,14.9067668723198,6036.15175345642
ECA,Europe & Central Asia (excluding high income),2020,98.8300018310547,73.5536868675669,99.9774302018769,10.0604471757322,74.5,14.5690548624348,5734.46191312695
ECA,Europe & Central Asia (excluding high income),2021,98.870002746582,72.8823762052943,99.9616464835516,,79.1,14.2754006870893,6632.57221034255
ECA,Europe & Central Asia (excluding high income),2022,98.9100036621094,74.5731684190474,99.9915875475848,,82.0,14.1403721981144,7264.37321853889
ECA,Europe & Central Asia (excluding high income),2023,98.9599990844727,74.7901416269909,100.0,,84.6,14.9318910217203,8609.12296290637
ECS,Europe & Central Asia,2005,97.1900024414062,74.1536447949151,99.2799004349739,8.29181865284284,34.7,15.5,19220.7137732995
ECS,Europe & Central Asia,2006,97.25,74.6397717965131,99.3013594788162,8.57521802832624,38.0,14.6,20762.3175860338
ECS,Europe & Central Asia,2007,97.3300018310547,75.0086537519123,99.3630803564705,9.14113260306134,43.6,13.8,24200.3324793455
ECS,Europe & Central Asia,2008,97.4499969482422,75.3023142874929,99.4080961406283,9.47387156015955,48.1,13.0,26536.4846361214
ECS,Europe & Central Asia,2009,97.7099990844727,75.6891993778767,99.4661685760631,10.4249676128482,52.7,12.3,23278.878278705
ECS,Europe & Central Asia,2010,97.870002746582,75.9953558296811,99.6654425122864,10.8681448886901,57.0,11.7,23731.6668640025
ECS,Europe & Central Asia,2011,98.0199966430664,76.4793686032862,99.6639027642905,10.7258330443851,60.2,11.2,26273.0443343471
ECS,Europe & Central Asia,2012,98.120002746582,76.6804966624792,99.8281916226235,11.5800703095476,63.8,10.8,25199.9785660563
ECS,Europe & Central Asia,2013,98.1800003051758,77.0324350526049,99.8495212049653,12.2761565609349,66.1,10.4,26236.2854279738
ECS,Europe & Central Asia,2014,98.2200012207031,77.3535744682317,99.8761369699366,12.4321725847963,68.9,10.0,26517.017870416
ECS,Europe & Central Asia,2015,98.2699966430664,77.3309344089138,99.1677793396088,12.8744480605886,69.9,9.6,22742.4739859372
ECS,Europe & Central Asia,2016,98.3300018310547,77.6812778388278,99.8289900286233,12.8866548739741,72.3,9.2,22554.6821198127
ECS,Europe & Central Asia,2017,98.4100036621094,77.8990078299354,99.96414862519,12.8819075023182,74.5,8.8,23839.7319723826
ECS,Europe & Central Asia,2018,98.5,78.030262884925,99.9707746763569,13.4797382823169,78.1,8.6,25435.6875035469
ECS,Europe & Central Asia,2019,98.5699996948242,78.3038616280055,99.9534522262568,14.0059727126658,80.3,8.5,25045.1218961925
ECS,Europe & Central Asia,2020,98.6100006103516,77.1754769112247,99.9760273251971,15.106449203531,83.4,8.3,24187.2451763556
ECS,Europe & Central Asia,2021,98.7399978637695,76.7286208536036,99.9881930522021,,86.3,8.1,27700.9996673888
ECS,Europe & Central Asia,2022,98.75,77.8345651348625,99.997731634024,,87.9,8.0,27968.286148204
ECS,Europe & Central Asia,2023,98.7699966430664,78.3912342010497,100.0,,89.6,8.4,30015.7640895399
ECU,Ecuador,2005,,73.909,95.8,16.2,5.994299889,23.6,2909.02606014388
ECU,Ecuador,2006,,74.01,96.3,14.2,7.199999809,22.7,3243.67010359339
ECU,Ecuador,2007,92.0999984741211,74.226,96.8,15.9,10.80000019,21.8,3478.92488770671
ECU,Ecuador,2008,92.3899993896484,74.709,97.2,15.3,18.8,20.9,4194.75750661981
ECU,Ecuador,2009,92.25,74.901,96.5,12.9,24.6,20.0,4053.36331139298
ECU,Ecuador,2010,91.8499984741211,75.188,97.5,11.8,29.03,19.1,4520.30959039763
ECU,Ecuador,2011,91.5899963378906,75.179,96.9,13.2,31.3668083587433,18.2,5153.6916424375
ECU,Ecuador,2012,92.0599975585938,75.486,97.2,13.2,35.1351464545516,17.4,5634.08393191094
ECU,Ecuador,2013,93.2900009155273,75.832,98.0,11.8,40.279121941,16.6,6109.29031510341
ECU,Ecuador,2014,94.2200012207031,76.141,99.0,12.2,45.5903906666095,15.9,6405.79979300441
ECU,Ecuador,2015,94.4599990844727,76.222,98.8,13.1,48.9404337892669,15.3,5976.1596805651
ECU,Ecuador,2016,94.3499984741211,76.094,98.7,14.8,54.0629247288864,14.8,5917.63771271481
ECU,Ecuador,2017,92.8300018310547,76.22,99.2,17.0,55.79999924,14.4,6233.32244797718
ECU,Ecuador,2018,,77.248,98.7,16.3,57.5,14.1,6303.91886658338
ECU,Ecuador,2019,,77.286,99.1,17.7,59.2,13.8,6205.05765246766
ECU,Ecuador,2020,93.629997253418,72.004,98.8,20.2,70.7,13.6,5463.64515348598
ECU,Ecuador,2021,94.4800033569336,72.746,100.0,18.9,69.1147995,13.4,6061.32350181711
ECU,Ecuador,2022,96.2600021362305,76.577,100.0,,69.71811356,13.2,6515.58528418336
ECU,Ecuador,2023,,77.392,98.7,,72.6943146,13.0,6718.1447938811
EGY,"Egypt, Arab Rep.",2005,67.3300018310547,68.355,99.4,6.5,12.75,37.0,1105.53920713903
EGY,"Egypt, Arab Rep.",2006,66.370002746582,68.493,99.0,6.2,13.66,35.6,1298.97900203124
EGY,"Egypt, Arab Rep.",2007,,68.627,98.4,6.0,16.03,34.2,1547.74170735909
EGY,"Egypt, Arab Rep.",2008,,68.761,99.8,5.9,18.01,32.8,1896.21594269779
EGY,"Egypt, Arab Rep.",2009,,68.915,98.9,5.7,20.0,31.6,2161.63964573927
EGY,"Egypt, Arab Rep.",2010,72.0500030517578,69.078,99.4,5.4,21.6,30.5,2455.08194645282
EGY,"Egypt, Arab Rep.",2011,,69.232,99.4,5.4,25.6,29.5,2590.64384891965
EGY,"Egypt, Arab Rep.",2012,73.870002746582,69.464,99.7,5.3,26.4,28.6,2996.0677072015
EGY,"Egypt, Arab Rep.",2013,72.4400024414062,69.632,99.9,5.3,29.4,27.8,3025.52563552448
EGY,"Egypt, Arab Rep.",2014,,69.911,99.8,5.4,33.8946039115275,27.1,3133.39102265541
EGY,"Egypt, Arab Rep.",2015,,70.135,99.3,5.3,37.8193834276939,26.5,3306.98159414141
EGY,"Egypt, Arab Rep.",2016,,70.437,100.0,5.1,41.2480670885772,26.0,3270.6287768197
EGY,"Egypt, Arab Rep.",2017,71.1699981689453,70.709,100.0,4.9,44.9502042452857,25.6,2395.10333299491
EGY,"Egypt, Arab Rep.",2018,,70.974,100.0,5.0,46.92433676792,25.2,2484.70315630508
EGY,"Egypt, Arab Rep.",2019,,71.213,100.0,6.2,57.2828663990195,24.8,2962.98892023003
EGY,"Egypt, Arab Rep.",2020,,69.79,100.0,6.7,71.91420096,24.4,3511.11381026379
EGY,"Egypt, Arab Rep.",2021,82.0803858167894,68.976,100.0,6.1,72.05599976,24.0,3827.35415374308
EGY,"Egypt, Arab Rep.",2022,79.4531619498685,71.01,100.0,,72.19806556,23.5,4233.30783744856
EGY,"Egypt, Arab Rep.",2023,,71.633,100.0,,74.01190186,22.9,3456.78965212363
EMU,Euro area,2005,,79.2220583562048,99.7785791255569,8.86348553535542,,5.02231068390932,31116.2703580738
EMU,Euro area,2006,,79.6483122606306,99.792661996831,9.66669323919068,,4.84284913293961,32961.2886272812
EMU,Euro area,2007,,79.8861982263507,99.808347463674,10.7583861009619,,4.70739923768855,37801.9316069832
EMU,Euro area,2008,,80.093489056692,99.8260609152333,11.4399549852905,,4.58145952343906,41406.6598917961
EMU,Euro area,2009,,80.304609573735,99.8433833887611,12.5287114348868,,4.47859369402051,37790.1201693815
EMU,Euro area,2010,,80.5463865166925,99.8581506439913,13.3754794114388,,4.33053771112197,36841.2601014872
EMU,Euro area,2011,,81.0342959599905,99.8715171269448,13.4314628799734,,4.23648831888596,39878.1184039802
EMU,Euro area,2012,,81.0387114639645,99.8888620012069,14.891399177858,,4.12530026975936,36851.3355744745
EMU,Euro area,2013,,81.3323585033306,99.903520446207,15.7321440646131,,4.06495297338017,38455.0565897822
EMU,Euro area,2014,,81.7426558325458,99.916972608255,16.3316892257358,,4.01071564239057,39333.1197168101
EMU,Euro area,2015,,81.381552979083,99.9321851559415,16.3581309358884,,3.96175287599302,33928.614137702
EMU,Euro area,2016,,81.7681051866776,99.9469722581204,16.3684648688886,,3.9272951450282,34690.2425639991
EMU,Euro area,2017,,81.747020423342,99.9632363837118,16.5848140905158,,3.85374210654639,36691.2109171985
EMU,Euro area,2018,,81.8676373939947,99.9752371882724,17.5734985579415,,3.8222190835292,39562.0814189751
EMU,Euro area,2019,,82.1461011396487,99.9850093995461,18.1503858953027,,3.77135271572648,38679.6118917933
EMU,Euro area,2020,,81.3366927821764,99.9944412898777,19.8249328729026,,3.74912764856254,37727.4543067337
EMU,Euro area,2021,,81.3931203059577,99.9963206008424,,,3.74819456597552,42432.2915720012
EMU,Euro area,2022,,81.4869473735593,100.0,,,3.73314047472177,41105.3462099324
EMU,Euro area,2023,,82.1378956135498,100.0,,,3.71794577885785,44797.6445281418
ERI,Eritrea,2005,,60.628,34.5,74.7,,67.5,412.753079199423
ERI,Eritrea,2006,,61.457,35.6,77.3,,64.7,447.997404727201
ERI,Eritrea,2007,,61.998,36.7,79.1,0.409999996,62.0,480.44762365456
ERI,Eritrea,2008,64.6600036621094,62.422,37.8,81.4,0.469999999,59.6,490.066956003333
ERI,Eritrea,2009,,63.203,38.9,81.7,0.540000021,57.3,642.92572288007
ERI,Eritrea,2010,,63.665,40.1,80.9,0.610000014,55.2,539.699512069686
ERI,Eritrea,2011,,64.231,41.2,77.1,0.699999988,53.3,688.68165957684
ERI,Eritrea,2012,,64.697,42.3,78.4,0.800000012,51.4,
ERI,Eritrea,2013,,65.005,43.5,79.7,0.899999976,49.7,
ERI,Eritrea,2014,,65.517,44.6,80.5,0.99000001,48.1,
ERI,Eritrea,2015,,65.909,45.8,81.2,1.083699942,46.4,
ERI,Eritrea,2016,,66.242,46.9,81.4,1.177099943,44.7,
ERI,Eritrea,2017,,66.612,48.0,81.6,2.496099949,43.3,
ERI,Eritrea,2018,,66.979,49.1,80.8,5.293000221,41.9,
ERI,Eritrea,2019,,67.306,50.3,80.6,11.22379971,40.5,
ERI,Eritrea,2020,,66.98,51.4,80.9,14.34939957,39.1,
ERI,Eritrea,2021,,66.94,52.5,80.7,,37.8,
ERI,Eritrea,2022,,67.789,55.4,,,36.6,
ERI,Eritrea,2023,,68.624,54.4,,,35.4,
ESP,Spain,2005,97.75,80.1707317073171,100.0,7.3,47.88,4.7,26450.9530130382
ESP,Spain,2006,97.75,80.8219512195122,100.0,8.5,50.37,4.5,28421.686527407
ESP,Spain,2007,97.9400024414062,80.8731707317073,100.0,9.0,55.11,4.4,32652.015594702
ESP,Spain,2008,97.629997253418,81.1756097560976,100.0,9.7,59.6,4.2,35603.248328071
ESP,Spain,2009,97.6800003051758,81.4756097560976,100.0,12.2,62.4,4.0,32279.8208476151
ESP,Spain,2010,97.75,81.6268292682927,100.0,14.4,65.8,3.8,30658.7422282912
ESP,Spain,2011,97.7799987792969,82.4756097560976,100.0,14.7,67.0899993926581,3.7,31824.6219134777
ESP,Spain,2012,97.8899993896484,82.4268292682927,100.0,15.8,69.8099999420024,3.6,28456.4438151477
ESP,Spain,2013,98.0800018310547,83.0780487804878,100.0,16.9,71.635,3.5,29228.846559842
ESP,Spain,2014,98.0899963378906,83.2292682926829,100.0,17.3,76.1867089778712,3.4,29707.765509467
ESP,Spain,2015,98.1399993896484,82.8317073170732,100.0,16.3,78.6896318703515,3.3,25982.4416197775
ESP,Spain,2016,98.25,83.3292682926829,100.0,16.7,80.5613329432179,3.3,26755.6061149398
ESP,Spain,2017,,83.2829268292683,100.0,15.2,84.6022457016524,3.2,28381.3425596906
ESP,Spain,2018,98.4400024414062,83.4317073170732,100.0,16.9,86.107235525659,3.2,30602.4212881113
ESP,Spain,2019,,83.8317073170732,100.0,16.7,90.718665325267,3.2,29786.5245689007
ESP,Spain,2020,98.5899963378906,82.2317073170732,100.0,19.3,93.20564892,3.2,27233.9426461608
ESP,Spain,2021,99.6999969482422,83.1780487804878,100.0,19.0,93.89752157,3.2,30799.4775937775
ESP,Spain,2022,,83.1341463414634,100.0,,94.4855432,3.2,30319.4987196616
ESP,Spain,2023,,83.9341463414634,100.0,,95.44564516,3.2,33493.2225409111
EST,Estonia,2005,,72.5682926829268,100.0,18.9,61.45,7.1,10414.6381183565
EST,Estonia,2006,,72.6914634146341,100.0,17.2,63.51,6.5,12641.4800976473
EST,Estonia,2007,,72.8146341463415,100.0,18.6,66.19,5.9,16745.4308011148
EST,Estonia,2008,,73.7707317073171,100.0,20.5,70.58,5.4,18205.9064113446
EST,Estonia,2009,,74.8243902439024,100.0,24.2,72.5,5.0,14712.4494217916
EST,Estonia,2010,,75.4292682926829,100.0,25.3,74.1,4.6,14663.7041018705
EST,Estonia,2011,99.8899993896484,76.2292682926829,100.0,25.2,76.5,4.2,17555.5455239426
EST,Estonia,2012,,76.3268292682927,100.0,25.0,78.3899259259259,3.9,17568.2137969714
EST,Estonia,2013,,77.1414634146341,100.0,24.5,80.0043,3.6,19310.3874900757
EST,Estonia,2014,,77.0341463414634,100.0,25.3,84.2415280294352,3.4,20581.7898991695
EST,Estonia,2015,,77.590243902439,100.0,28.2,88.4097035040431,3.2,17722.1557669523
EST,Estonia,2016,,77.6414634146342,100.0,27.2,87.2402327514547,3.0,18666.3736521706
EST,Estonia,2017,,78.0926829268293,100.0,27.5,88.1024568740199,2.8,20851.5223496861
EST,Estonia,2018,,78.2439024390244,100.0,28.6,89.3570077747426,2.7,23618.1361254581
EST,Estonia,2019,,78.6463414634147,100.0,31.3,90.2289281997919,2.5,24021.2501413306
EST,Estonia,2020,,78.5951219512195,100.0,40.4,89.05828666,2.4,23933.9939421065
EST,Estonia,2021,,76.9439024390244,100.0,38.0,90.97970174,2.3,27951.1659277744
EST,Estonia,2022,,77.8439024390244,100.0,,91.52016546,2.2,28340.3826549406
EST,Estonia,2023,,78.7926829268293,100.0,,93.18342241,2.1,30264.0064885057
ETH,Ethiopia,2005,,54.364,14.0,94.7,0.219659818999505,108.3,158.243458082465
ETH,Ethiopia,2006,,55.402,18.6,94.5,0.310592656856176,102.4,189.345737521418
ETH,Ethiopia,2007,39.0,56.566,20.3,94.1,0.37,96.9,237.146255996319
ETH,Ethiopia,2008,,57.733,22.0,94.1,0.449999988,91.8,316.410475118075
ETH,Ethiopia,2009,,58.715,23.7,94.2,0.540000021,87.1,368.574712267445
ETH,Ethiopia,2010,,59.709,25.5,94.1,0.75,82.7,330.619412798644
ETH,Ethiopia,2011,,60.595,23.0,93.6,1.100000024,78.6,343.024942351887
ETH,Ethiopia,2012,,61.443,29.0,93.3,2.900000095,74.8,452.101031885754
ETH,Ethiopia,2013,48.3549726348554,62.161,30.8,92.4,4.599999905,71.2,484.039833104062
ETH,Ethiopia,2014,,62.927,27.2,91.4,7.699999809,67.7,549.986577082588
ETH,Ethiopia,2015,,63.592,29.0,91.5,13.8551755555556,64.4,597.912113218663
ETH,Ethiopia,2016,47.4900016784668,64.162,42.9,90.4,15.3669238595896,61.3,641.651523286233
ETH,Ethiopia,2017,,64.766,44.3,90.8,15.62440014,58.4,696.348429076216
ETH,Ethiopia,2018,,65.257,44.8,90.0,15.88619995,55.8,739.702022272086
ETH,Ethiopia,2019,55.0499992370605,65.741,48.0,89.3,15.98460007,53.6,793.473247218996
ETH,Ethiopia,2020,,65.969,51.1,90.7,16.06959915,51.5,829.790982552951
ETH,Ethiopia,2021,54.8853699463392,65.33,54.2,90.6,16.6981031,70.4,893.009835441784
ETH,Ethiopia,2022,60.4599990844727,66.897,55.0,,17.9836998,68.1,982.103161502198
ETH,Ethiopia,2023,,67.315,55.4,,20.33749962,51.5,1055.81091593061
EUU,European Union,2005,,78.2751410316852,99.5913707294114,10.0205156530631,,5.91993705430458,27400.009679177
EUU,European Union,2006,,78.6721282949285,99.6188396472415,10.6866219026938,,5.65147207409268,29169.3897071187
EUU,European Union,2007,,78.9060450955774,99.6464075255034,11.7554752685425,,5.42348341235373,33682.862816778
EUU,European Union,2008,,79.1296281887548,99.6825303996653,12.456805484523,,5.23785001849768,37160.0102168184
EUU,European Union,2009,,79.362438680677,99.7290075706151,13.6219724174621,,5.06570514065573,33632.1592985196
EUU,European Union,2010,,79.6354307923887,99.7553972530963,14.469048952148,,4.85554870459093,33119.5730126034
EUU,European Union,2011,,80.1439505204153,99.7801178323542,14.6250037786311,,4.69181003554849,35963.3218067157
EUU,European Union,2012,,80.1657773209271,99.8125886995878,16.0530317099573,,4.5453050026796,33324.7758491129
EUU,European Union,2013,,80.4734324600181,99.8381173752727,16.7974520279699,,4.4371936775856,34804.7359239781
EUU,European Union,2014,,80.8760173893061,99.8626029552248,17.4415753867716,,4.34862512103113,35590.1074295737
EUU,European Union,2015,,80.5707965259,99.8929116032593,17.6122764341327,,4.27261915574541,30771.6635221374
EUU,European Union,2016,,80.9529785979391,99.9182637194093,17.523235814157,,4.19492071938833,31456.903580129
EUU,European Union,2017,,80.9301511681956,99.9709724278479,17.6857102209371,,4.09574635146789,33394.5944932308
EUU,European Union,2018,,81.0303425240609,99.9717103637088,18.7249884796166,,4.01789187486254,36076.9018014875
EUU,European Union,2019,,81.3194524901835,99.9881556120147,19.3440009483852,,3.93757961783439,35374.1493923083
EUU,European Union,2020,,80.4414754678551,99.9956022901904,21.0591470733795,,3.88832143169013,34694.7105012203
EUU,European Union,2021,,80.3071959761974,99.997083420627,,,3.86836841377716,39206.9663368683
EUU,European Union,2022,,80.7133261894067,100.0,,,3.86039705868669,38066.8240398192
EUU,European Union,2023,,81.4249329538218,100.0,,,3.86580979903847,41566.8992410802
FIN,Finland,2005,,78.8170731707317,100.0,31.5,74.48,3.7,39049.8703780223
FIN,Finland,2006,,79.2146341463415,100.0,31.2,79.66,3.6,41214.0187765069
FIN,Finland,2007,,79.2634146341464,100.0,31.8,80.78,3.5,48473.0240091455
FIN,Finland,2008,,79.5682926829268,100.0,34.6,83.67,3.3,53769.4726240385
FIN,Finland,2009,,79.719512195122,100.0,32.5,82.49,3.2,47478.3495310999
FIN,Finland,2010,,79.8707317073171,100.0,33.4,86.89,3.0,46506.2919016566
FIN,Finland,2011,,80.4707317073171,100.0,35.1,88.70999491353,2.9,51060.3242589767
FIN,Finland,2012,,80.6268292682927,100.0,38.7,89.879997974222,2.8,47551.6740841369
FIN,Finland,2013,,80.9756097560976,100.0,38.5,91.5144,2.6,49691.0145200739
FIN,Finland,2014,,81.1804878048781,100.0,41.2,86.5303927529377,2.6,50073.7760815871
FIN,Finland,2015,,81.4804878048781,100.0,43.2,86.4221333325445,2.5,42560.3456767103
FIN,Finland,2016,,81.4292682926829,100.0,42.4,87.7036499599455,2.4,43451.2562442158
FIN,Finland,2017,,81.6317073170732,100.0,44.4,87.4689290730615,2.4,46085.0174739036
FIN,Finland,2018,,81.7341463414634,100.0,44.2,88.8899599985585,2.4,49654.2497035329
FIN,Finland,2019,,81.9829268292683,100.0,45.4,89.6073851129779,2.4,48358.1807773701
FIN,Finland,2020,,81.9317073170732,100.0,47.3,92.17027106,2.4,48828.6846862799
FIN,Finland,2021,,81.8853658536585,100.0,50.2,92.80806082,2.4,53099.1351400148
FIN,Finland,2022,,81.1878048780488,100.0,,92.98879471,2.4,50440.560224974
FIN,Finland,2023,,81.5853658536585,100.0,,93.51385075,2.4,52864.6931581216
FJI,Fiji,2005,,65.983,81.6,40.0,8.45363663371359,23.3,3377.69126953493
FJI,Fiji,2006,,66.126,82.6,39.1,9.6000384001536,23.5,3455.10599907349
FJI,Fiji,2007,,66.161,88.9,36.0,10.89780045,23.5,3762.74692789299
FJI,Fiji,2008,,66.32,86.2,42.1,13.0,23.2,3899.92231512129
FJI,Fiji,2009,,66.347,85.6,41.6,17.0,22.8,3164.13275408169
FJI,Fiji,2010,,66.778,92.4,28.0,20.0,22.2,3449.14452883369
FJI,Fiji,2011,,66.88,92.5,33.4,28.0,21.6,4139.60288609702
FJI,Fiji,2012,,65.812,92.6,33.3,33.74240112,21.0,4341.40338748749
FJI,Fiji,2013,,66.545,91.8,32.8,35.20000076,20.7,4572.44377544245
FJI,Fiji,2014,,66.581,93.0,33.2,37.40000153,20.6,5293.35676680464
FJI,Fiji,2015,,66.48,93.2,32.7,42.5,20.9,5097.53106864695
FJI,Fiji,2016,,66.657,93.4,27.7,49.41999817,21.6,5363.79026679243
FJI,Fiji,2017,,67.06,96.0,28.6,53.6473999,22.7,5826.84814459328
FJI,Fiji,2018,,66.965,95.1,25.8,58.2364006,24.2,6085.41979485376
FJI,Fiji,2019,,67.009,96.1,26.5,63.21789932,25.7,5842.07344577597
FJI,Fiji,2020,,66.924,97.1,31.8,68.62560272,27.2,4620.6457238014
FJI,Fiji,2021,,64.904,92.1,29.7,70.56800079,28.3,4536.73312110335
FJI,Fiji,2022,,67.148,92.0,28.4,72.56549835,28.9,5414.12092119088
FJI,Fiji,2023,,67.316,99.3,,74.1160965,29.2,5926.20586394763
FRA,France,2005,,80.1634146341463,100.0,8.6,42.87,4.6,34696.3718316971
FRA,France,2006,,80.8121951219512,100.0,8.5,46.87,4.5,36431.5658906555
FRA,France,2007,,81.1121951219512,100.0,9.4,66.09,4.4,41486.1907828787
FRA,France,2008,,81.2146341463415,100.0,10.5,70.68,4.4,45464.8181385158
FRA,France,2009,,81.4146341463415,100.0,11.2,71.58,4.3,41728.0884164132
FRA,France,2010,,81.6634146341463,100.0,11.9,77.28,4.2,40694.8211697025
FRA,France,2011,,82.1146341463415,100.0,10.6,77.8199989926706,4.2,43929.7840873812
FRA,France,2012,,81.9682926829268,100.0,12.3,81.44,4.1,40863.5814412333
FRA,France,2013,,82.219512195122,100.0,13.4,81.9198,4.1,42669.1795111893
FRA,France,2014,,82.719512195122,100.0,13.2,83.7510996681821,4.1,43148.0459288416
FRA,France,2015,,82.3219512195122,100.0,13.3,78.0060377071902,4.2,36702.4323733379
FRA,France,2016,,82.5731707317073,100.0,14.2,79.2698113207547,4.2,37024.2157133669
FRA,France,2017,,82.5756097560976,100.0,14.1,80.5024597243607,4.2,38687.1626407164
FRA,France,2018,,82.6756097560976,100.0,15.2,82.0431867788484,4.2,41418.1766484844
FRA,France,2019,,82.8268292682927,100.0,15.5,83.3397440866883,4.2,40408.2848574751
FRA,France,2020,,82.1756097560976,100.0,16.8,84.70639801,4.2,39169.8606000707
FRA,France,2021,,82.3243902439024,100.0,16.2,86.09548575,4.3,43725.0999521245
FRA,France,2022,,82.1292682926829,100.0,,85.33331734,4.3,40988.6396406579
FRA,France,2023,,82.8317073170732,100.0,,86.83635789,4.3,44700.1384177544
FRO,Faroe Islands,2005,,79.4453463414634,100.0,3.8,67.9026317413939,,36389.081644098
FRO,Faroe Islands,2006,,79.6898609756098,100.0,4.3,69.359445124439,,41743.6812847661
FRO,Faroe Islands,2007,,79.9238243902439,100.0,4.5,75.98,,48348.7393711011
FRO,Faroe Islands,2008,,80.1460804878049,100.0,4.5,75.57,,51287.8911081663
FRO,Faroe Islands,2009,,80.3695317073171,100.0,5.1,75.18,,47060.1592550833
FRO,Faroe Islands,2010,,80.604956097561,100.0,3.4,75.2,,47924.1364756678
FRO,Faroe Islands,2011,,80.8518097560976,100.0,5.0,80.7321728,,51620.0541648551
FRO,Faroe Islands,2012,,81.1060951219512,100.0,4.7,85.3351892392109,,50263.0024625867
FRO,Faroe Islands,2013,,81.356643902439,100.0,4.5,90.0,,55759.364098362
FRO,Faroe Islands,2014,,81.5912048780488,100.0,6.5,93.3,,60173.3057854661
FRO,Faroe Islands,2015,,81.7995975609756,100.0,7.5,94.2,,52638.2668218454
FRO,Faroe Islands,2016,,81.962112195122,100.0,6.3,95.1086816720257,,56876.4302363804
FRO,Faroe Islands,2017,,82.1062926829268,100.0,6.0,97.5819589384468,,59388.5365965776
FRO,Faroe Islands,2018,,82.2486024390244,100.0,5.9,,,62525.2647698273
FRO,Faroe Islands,2019,,82.3912829268293,100.0,5.4,,,63070.7228080361
FRO,Faroe Islands,2020,,82.5341926829268,100.0,5.3,,,62247.9273907098
FRO,Faroe Islands,2021,,82.6763219512195,100.0,5.1,,,69421.6981686515
FRO,Faroe Islands,2022,,82.8162292682927,100.0,7.9,,,67069.3987440509
FRO,Faroe Islands,2023,,82.9521195121951,100.0,,,,72486.6910957957
FSM,"Micronesia, Fed. Sts.",2005,,64.906,55.2,1.4,11.88140011,35.9,2216.9963738197
FSM,"Micronesia, Fed. Sts.",2006,,64.859,57.0,1.4,12.75030041,35.9,2257.76445195026
FSM,"Micronesia, Fed. Sts.",2007,,64.844,58.7,1.2,13.62110043,35.6,2302.51183108846
FSM,"Micronesia, Fed. Sts.",2008,,64.849,60.5,1.4,14.49,35.3,2395.90218109716
FSM,"Micronesia, Fed. Sts.",2009,,64.865,62.2,1.1,15.35,34.8,2565.83639782506
FSM,"Micronesia, Fed. Sts.",2010,,64.892,64.5,2.0,20.0,34.1,2715.26873721406
FSM,"Micronesia, Fed. Sts.",2011,,64.969,66.3,1.6,22.79999924,33.4,2859.8488365615
FSM,"Micronesia, Fed. Sts.",2012,,65.08,67.8,1.4,25.97439957,32.6,3003.05867086848
FSM,"Micronesia, Fed. Sts.",2013,,65.179,69.4,1.4,27.79999924,31.6,2904.1536796737
FSM,"Micronesia, Fed. Sts.",2014,,65.294,71.2,1.5,29.64999962,30.7,2915.23672460238
FSM,"Micronesia, Fed. Sts.",2015,,65.306,73.0,1.7,31.50110054,29.8,2869.86276169101
FSM,"Micronesia, Fed. Sts.",2016,,65.576,74.8,1.9,33.35219955,28.9,2997.93719917488
FSM,"Micronesia, Fed. Sts.",2017,,65.761,76.5,1.7,35.30410004,28.1,3297.37580036719
FSM,"Micronesia, Fed. Sts.",2018,,65.943,78.3,2.0,36.61460114,27.3,3584.78377566896
FSM,"Micronesia, Fed. Sts.",2019,,66.196,80.1,2.0,37.97370148,26.4,3581.72684572278
FSM,"Micronesia, Fed. Sts.",2020,,65.878,81.9,2.0,39.38330078,25.6,3362.02802120524
FSM,"Micronesia, Fed. Sts.",2021,,66.152,83.6,2.1,,24.7,3508.22314197664
FSM,"Micronesia, Fed. Sts.",2022,,66.961,85.3,2.0,39.0279007,23.9,3703.66680343222
FSM,"Micronesia, Fed. Sts.",2023,,67.198,86.9,,39.39889908,23.1,3933.01607031874
GAB,Gabon,2005,,62.978,81.6,85.2,4.89326474972412,63.6,6547.87613955186
GAB,Gabon,2006,,63.259,80.5,86.2,5.48920080280135,61.8,6847.00985685394
GAB,Gabon,2007,,63.619,81.3,87.3,5.767000198,59.7,8003.54289696049
GAB,Gabon,2008,,64.011,82.0,87.3,7.5,57.6,9688.64519690633
GAB,Gabon,2009,,64.361,82.7,87.9,9.5,55.6,7290.57526093114
GAB,Gabon,2010,,64.715,89.3,85.8,13.0,53.4,8356.74662013345
GAB,Gabon,2011,,65.102,88.7,79.7,18.0,51.3,10219.1139339454
GAB,Gabon,2012,,65.438,89.3,75.5,24.0,49.4,9296.96587941088
GAB,Gabon,2013,,65.751,86.4,82.2,30.53800011,47.3,9197.70106323947
GAB,Gabon,2014,,66.07,87.1,81.3,38.07120132,45.8,9201.36276648105
GAB,Gabon,2015,,66.336,87.3,81.9,45.78450012,44.4,7047.12654634355
GAB,Gabon,2016,,66.583,88.1,81.5,48.0522995,42.7,6677.07003901644
GAB,Gabon,2017,,66.816,86.3,90.2,51.60490036,41.4,6921.73373135624
GAB,Gabon,2018,,67.043,89.6,90.3,55.42020035,39.9,7624.2775233771
GAB,Gabon,2019,,67.337,90.3,90.2,59.51760101,38.5,7441.1786472281
GAB,Gabon,2020,,67.073,91.1,91.3,63.91790009,36.8,6605.80346077904
GAB,Gabon,2021,88.8600006103516,67.072,91.8,91.3,65.76809692,35.8,8181.40914134398
GAB,Gabon,2022,,67.713,93.5,,67.67169952,34.7,8409.20741452279
GAB,Gabon,2023,,68.337,94.1,,68.19789886,33.8,7802.82433276138
GBR,United Kingdom,2005,,79.0487804878049,100.0,1.4,70.0,6.0,42240.2462987547
GBR,United Kingdom,2006,,79.2487804878049,100.0,1.6,68.82,5.9,44695.161023424
GBR,United Kingdom,2007,,79.4487804878049,100.0,1.8,75.09,5.8,50629.0799172887
GBR,United Kingdom,2008,,79.6,100.0,2.4,78.39,5.6,47652.4030691881
GBR,United Kingdom,2009,,80.0512195121951,100.0,3.0,83.56,5.4,39009.3715547821
GBR,United Kingdom,2010,,80.4024390243902,100.0,3.2,85.0,5.2,39778.3220528565
GBR,United Kingdom,2011,,80.9512195121951,100.0,4.0,85.3799985496322,5.0,42295.9273835322
GBR,United Kingdom,2012,,80.9048780487805,100.0,4.2,87.4799984242111,4.8,42688.3263728372
GBR,United Kingdom,2013,,81.0048780487805,100.0,5.2,89.8441,4.6,43607.6636827371
GBR,United Kingdom,2014,,81.3048780487805,100.0,6.6,91.6133009176453,4.5,47746.9810645521
GBR,United Kingdom,2015,,80.9560975609756,100.0,7.7,92.0002998740234,4.5,45256.040227057
GBR,United Kingdom,2016,,81.1560975609756,100.0,7.7,94.7758006318882,4.4,41258.5374285695
GBR,United Kingdom,2017,,81.2560975609756,100.0,8.8,90.4245504868553,4.4,40918.0520870944
GBR,United Kingdom,2018,,81.2560975609756,100.0,10.2,90.692008988783,4.4,43704.3162296687
GBR,United Kingdom,2019,,81.3691219512195,100.0,11.4,92.5166285497138,4.4,43160.6843971799
GBR,United Kingdom,2020,,80.331756097561,100.0,13.6,94.81820132,4.4,40815.1255364787
GBR,United Kingdom,2021,,80.6473170731707,100.0,12.2,96.19650269,4.4,47695.6491523474
GBR,United Kingdom,2022,,81.0112195121951,100.0,,95.46530151,4.5,47034.7795621476
GBR,United Kingdom,2023,,81.2380975609756,100.0,,95.44719696,4.6,49919.6896621586
GEO,Georgia,2005,,70.689,97.9,41.5,6.079500198,23.3,1642.78359414797
GEO,Georgia,2006,,70.983,100.0,37.2,7.52687684487832,21.0,1996.02013272284
GEO,Georgia,2007,,70.985,100.0,36.2,8.26,19.0,2635.36650276116
GEO,Georgia,2008,,70.949,100.0,36.3,10.01000023,17.1,3324.7537205015
GEO,Georgia,2009,,71.058,100.0,36.7,20.06999969,15.5,2822.68939668797
GEO,Georgia,2010,,71.732,100.0,39.1,26.9,14.2,3281.72930937343
GEO,Georgia,2011,,72.485,100.0,31.5,31.52000046,13.1,4119.66818307193
GEO,Georgia,2012,,72.672,100.0,28.7,36.93999863,12.2,4530.69533409431
GEO,Georgia,2013,,73.025,100.0,32.4,43.3,11.5,4712.00229382665
GEO,Georgia,2014,99.5899963378906,73.105,100.0,30.7,49.1024547144647,11.0,4830.33486170249
GEO,Georgia,2015,,73.241,100.0,27.5,47.5697596438736,10.6,4086.6223465965
GEO,Georgia,2016,,73.136,100.0,27.2,58.4592896118725,10.2,4143.40125686315
GEO,Georgia,2017,99.3600006103516,73.435,100.0,27.5,59.7055045962571,10.0,4418.75206546679
GEO,Georgia,2018,99.6500015258789,73.985,99.9,27.4,62.7179081974285,9.8,4804.0546040444
GEO,Georgia,2019,99.8757151699707,74.165,100.0,24.7,68.8467135616978,9.6,4741.2832715876
GEO,Georgia,2020,99.8930662080586,73.509,100.0,23.4,72.53157487,9.4,4300.85701291207
GEO,Georgia,2021,99.9180842054209,71.635,100.0,25.2,76.4427093,9.2,5083.60695484577
GEO,Georgia,2022,99.5699996948242,74.141,100.0,,78.71127536,9.0,6729.84659930283
GEO,Georgia,2023,99.5599975585938,74.496,100.0,,81.88425624,8.8,8283.66960652261
GHA,Ghana,2005,,59.638,41.2,61.4,1.83119746104616,82.0,478.611909191028
GHA,Ghana,2006,,59.975,55.1,58.6,2.72317597313987,79.1,906.441027564887
GHA,Ghana,2007,,60.282,56.9,54.5,3.85,76.2,1050.12461524926
GHA,Ghana,2008,,60.578,60.5,57.3,4.27,73.1,1182.65761256016
GHA,Ghana,2009,,60.928,61.1,51.9,5.44,69.8,1047.70430093586
GHA,Ghana,2010,71.5,61.297,64.2,51.9,7.8,66.5,1263.89251760539
GHA,Ghana,2011,,61.617,64.1,50.1,9.0,63.3,1507.43573198753
GHA,Ghana,2012,,61.995,56.5,46.5,10.6,60.3,1543.77524235764
GHA,Ghana,2013,,62.397,70.7,46.2,15.0,57.5,2294.79584693743
GHA,Ghana,2014,,62.832,78.3,47.7,19.0,54.9,1949.90832923846
GHA,Ghana,2015,60.1981035367761,63.175,74.0,44.0,23.0,52.5,1722.77282833606
GHA,Ghana,2016,,63.522,79.3,45.2,28.0,50.3,1912.47991339951
GHA,Ghana,2017,64.4899978637695,63.829,79.0,45.3,37.88420105,48.2,2012.28662641265
GHA,Ghana,2018,,64.138,80.4,42.1,43.0,46.1,2195.32166016377
GHA,Ghana,2019,,64.455,83.5,42.6,22.0732,44.1,2186.65822682613
GHA,Ghana,2020,,64.309,85.4,40.0,62.51760101,42.2,2195.45481659987
GHA,Ghana,2021,76.4899978637695,64.286,86.3,39.0,68.6,40.3,2445.18662529344
GHA,Ghana,2022,,65.246,85.1,,69.91329956,38.6,2229.89122654479
GHA,Ghana,2023,,65.498,89.5,,70.67430115,37.2,2383.90410476221
GIB,Gibraltar,2005,,80.991,99.7,0.0,39.0701308849385,,
GIB,Gibraltar,2006,,81.103,99.7,0.0,45.29864751181,,
GIB,Gibraltar,2007,,81.269,99.7,0.0,51.61,,
GIB,Gibraltar,2008,,81.541,99.7,0.0,58.0,,
GIB,Gibraltar,2009,,81.807,100.0,0.0,65.07,,
GIB,Gibraltar,2010,,82.08,100.0,0.0,65.0,,
GIB,Gibraltar,2011,,82.333,99.8,0.0,65.0,,
GIB,Gibraltar,2012,,82.527,99.9,0.0,65.017,,
GIB,Gibraltar,2013,,82.586,99.9,0.0,,,
GIB,Gibraltar,2014,,82.644,99.9,0.0,,,
GIB,Gibraltar,2015,,82.668,100.0,0.0,,,
GIB,Gibraltar,2016,,82.741,100.0,0.0,94.4444715818151,,
GIB,Gibraltar,2017,,82.858,100.0,0.0,,,
GIB,Gibraltar,2018,,83.028,100.0,0.0,,,
GIB,Gibraltar,2019,,83.183,100.0,0.0,,,
GIB,Gibraltar,2020,,83.07,100.0,0.0,,,
GIB,Gibraltar,2021,,80.274,100.0,0.0,,,
GIB,Gibraltar,2022,,83.517,100.0,,,,
GIB,Gibraltar,2023,,83.553,100.0,,,,
GIN,Guinea,2005,,54.422,20.2,81.6,0.542299986,137.0,463.17768685098
GIN,Guinea,2006,,54.875,22.8,81.1,0.637499988,133.1,446.980554135013
GIN,Guinea,2007,,55.233,24.1,80.4,0.780025279059244,129.7,650.148575304743
GIN,Guinea,2008,,55.703,25.4,80.2,0.92,126.9,703.532825784369
GIN,Guinea,2009,,56.052,26.7,79.2,0.94,124.4,662.185914665575
GIN,Guinea,2010,25.3099994659424,56.431,28.1,75.7,1.0,122.2,659.235326211315
GIN,Guinea,2011,,56.778,29.5,74.8,2.0,120.3,636.694958747648
GIN,Guinea,2012,,57.117,26.2,76.4,3.099999905,118.4,699.353377212197
GIN,Guinea,2013,,57.459,32.2,78.5,4.5,116.6,748.455020824734
GIN,Guinea,2014,32.0,57.581,33.5,78.6,6.400000095,115.4,765.146999389279
GIN,Guinea,2015,,57.899,34.9,76.2,9.199999809,113.7,747.356966759448
GIN,Guinea,2016,,58.49,33.5,75.3,13.10000038,111.4,711.996509782316
GIN,Guinea,2017,,58.715,35.4,72.0,18.70000076,109.5,833.598621691121
GIN,Guinea,2018,39.6199989318848,59.043,45.0,73.2,21.8300230430563,107.5,933.273615633705
GIN,Guinea,2019,,59.379,42.2,68.3,23.89049911,105.4,1031.34146480732
GIN,Guinea,2020,,59.35,44.7,65.8,26.14550018,102.9,1053.66097696415
GIN,Guinea,2021,,59.373,46.8,66.8,28.61330032,100.3,1244.96550477914
GIN,Guinea,2022,,60.432,47.7,66.6,31.31399918,97.6,1416.59612011764
GIN,Guinea,2023,,60.74,51.1,,32.31560135,95.0,1555.49375806861
GMB,"Gambia, The",2005,,59.11,30.5,61.7,3.799000025,90.7,616.483657865348
GMB,"Gambia, The",2006,,59.667,38.1,60.2,5.23769115841218,86.8,614.544307904464
GMB,"Gambia, The",2007,,60.001,39.8,57.3,6.20503741852418,83.0,724.726407242432
GMB,"Gambia, The",2008,,60.473,41.5,56.3,6.880000114,79.4,859.127671411226
GMB,"Gambia, The",2009,,60.735,43.2,53.9,7.630000114,76.0,774.888030908091
GMB,"Gambia, The",2010,,61.167,46.8,56.6,9.2,72.7,801.033372714536
GMB,"Gambia, The",2011,,61.561,48.3,56.2,10.87030029,69.7,710.608411468152
GMB,"Gambia, The",2012,,61.9,49.9,57.0,12.44919968,66.8,692.579361628102
GMB,"Gambia, The",2013,,62.252,51.5,59.3,14.0,64.0,653.862713272743
GMB,"Gambia, The",2014,,62.576,53.0,53.2,15.56000042,61.4,568.00453558864
GMB,"Gambia, The",2015,50.7799987792969,62.971,54.7,49.0,17.59950066,58.9,619.536364296461
GMB,"Gambia, The",2016,,63.386,56.4,48.6,19.90640068,56.6,650.056501323611
GMB,"Gambia, The",2017,,63.708,56.2,48.0,22.5156002,54.3,642.522641296331
GMB,"Gambia, The",2018,53.1599998474121,64.034,60.3,48.1,28.30900002,52.3,696.219806960615
GMB,"Gambia, The",2019,,64.427,62.1,47.4,31.11829948,50.4,738.186751987483
GMB,"Gambia, The",2020,,64.418,62.2,49.8,36.01100159,48.6,720.335143352133
GMB,"Gambia, The",2021,51.6399993896484,63.847,63.7,48.6,41.67309952,47.0,781.890925169531
GMB,"Gambia, The",2022,,64.859,65.4,47.7,48.22539902,45.3,836.244875868476
GMB,"Gambia, The",2023,,65.86,66.9,,48.72829819,43.8,883.024111978927
GNB,Guinea-Bissau,2005,,52.949,5.2,88.5,1.90139997,145.3,463.073962650452
GNB,Guinea-Bissau,2006,,54.089,14.5,88.3,2.057199955,139.1,448.513075469701
GNB,Guinea-Bissau,2007,,54.87,7.9,87.9,2.20630002,132.8,519.069789794741
GNB,Guinea-Bissau,2008,,55.3,9.3,88.4,2.35488871087933,126.5,640.210331101753
GNB,Guinea-Bissau,2009,,56.297,4.7,87.9,2.30328059172582,120.2,583.190020139094
GNB,Guinea-Bissau,2010,,56.999,6.0,87.8,2.450000048,114.3,600.194298540768
GNB,Guinea-Bissau,2011,,57.663,13.5,87.9,2.671999931,108.6,719.539573498937
GNB,Guinea-Bissau,2012,,58.27,14.9,87.8,2.894000053,103.6,635.461653303881
GNB,Guinea-Bissau,2013,,58.879,16.3,87.7,3.099999905,99.1,654.304534409417
GNB,Guinea-Bissau,2014,,59.476,17.2,87.3,3.319999933,95.2,652.022501029449
GNB,Guinea-Bissau,2015,,60.071,20.1,87.2,6.099999905,91.6,645.066837207039
GNB,Guinea-Bissau,2016,,60.619,22.9,86.8,13.80000019,88.2,679.665386626818
GNB,Guinea-Bissau,2017,,61.148,26.0,86.8,14.80000019,85.1,783.123186602022
GNB,Guinea-Bissau,2018,,61.652,28.4,86.6,15.69999981,82.2,808.531613218504
GNB,Guinea-Bissau,2019,54.8800010681152,62.161,30.9,86.2,17.92149925,79.5,811.210004050041
GNB,Guinea-Bissau,2020,,61.343,33.4,87.2,20.45730019,76.7,846.918134967613
GNB,Guinea-Bissau,2021,,61.653,35.8,87.4,23.3519001,74.3,926.54619187706
GNB,Guinea-Bissau,2022,63.9300003051758,63.605,37.4,87.4,27.67379951,72.0,881.602654162231
GNB,Guinea-Bissau,2023,,64.085,40.5,,28.71240044,69.7,964.431832665395
GNQ,Equatorial Guinea,2005,,55.766,65.0,7.1,1.149799943,132.3,8673.9026086535
GNQ,Equatorial Guinea,2006,,56.354,65.1,7.0,1.279199958,127.4,10184.8841248541
GNQ,Equatorial Guinea,2007,,56.857,65.1,8.5,1.557100058,122.6,12616.9532942011
GNQ,Equatorial Guinea,2008,,57.384,65.2,7.2,1.820000052,118.0,18210.5552970599
GNQ,Equatorial Guinea,2009,,57.881,65.4,9.2,2.130000114,113.5,13232.5019378102
GNQ,Equatorial Guinea,2010,,58.344,66.1,5.7,6.0,109.4,13720.1658723222
GNQ,Equatorial Guinea,2011,,58.827,66.1,5.6,11.5,105.6,17198.2136668275
GNQ,Equatorial Guinea,2012,,59.301,65.7,4.4,13.94320011,102.0,17308.5723924575
GNQ,Equatorial Guinea,2013,,59.784,65.9,3.7,16.39999962,98.6,16304.0713196418
GNQ,Equatorial Guinea,2014,,60.228,66.0,4.9,18.86000061,95.3,15548.6624656619
GNQ,Equatorial Guinea,2015,,60.635,66.1,5.5,21.31999969,92.1,9068.91003238645
GNQ,Equatorial Guinea,2016,,61.081,66.2,4.8,23.78000069,89.0,7453.19797948517
GNQ,Equatorial Guinea,2017,,61.481,66.4,5.0,26.23999977,86.1,7809.10465655488
GNQ,Equatorial Guinea,2018,,61.915,66.5,4.8,29.39999962,83.2,8102.47084834031
GNQ,Equatorial Guinea,2019,,62.297,66.6,7.4,49.13370132,80.7,6804.14923073888
GNQ,Equatorial Guinea,2020,,62.141,66.7,6.5,55.00130081,77.9,5764.05502912947
GNQ,Equatorial Guinea,2021,,62.447,66.8,5.2,58.71730042,75.1,6945.63069794539
GNQ,Equatorial Guinea,2022,,63.355,67.0,4.2,63.65950012,72.8,7589.29964909381
GNQ,Equatorial Guinea,2023,,63.707,66.9,,63.51950073,70.4,6788.35271638376
GRC,Greece,2005,,79.2390243902439,100.0,8.0,24.0,4.6,22054.1315756886
GRC,Greece,2006,,79.4390243902439,100.0,8.5,32.25,4.3,24416.0232970275
GRC,Greece,2007,,79.4390243902439,100.0,8.1,35.88,4.1,28440.7625328955
GRC,Greece,2008,,79.9390243902439,100.0,8.3,38.2,4.0,31695.8331092209
GRC,Greece,2009,93.9100036621094,80.1878048780488,100.0,9.2,42.4,4.0,29425.4573200263
GRC,Greece,2010,,80.3878048780488,100.0,11.4,44.4,3.9,26653.0488008626
GRC,Greece,2011,,80.7317073170732,100.0,11.4,51.6499951676815,4.0,25504.7866510124
GRC,Greece,2012,,80.6341463414634,100.0,14.2,55.0699934418411,4.0,21624.346052551
GRC,Greece,2013,,81.2853658536585,100.0,16.6,59.8663,4.1,21573.3449762805
GRC,Greece,2014,,81.3853658536585,100.0,16.4,63.2073404784561,4.2,21474.7257123892
GRC,Greece,2015,,81.0365853658537,100.0,17.5,66.8349594911035,4.3,17980.7298238137
GRC,Greece,2016,,81.3878048780488,100.0,16.4,69.0879154723892,4.3,17919.2426377048
GRC,Greece,2017,,81.2878048780488,100.0,16.4,69.8929706543154,4.3,18631.9930129293
GRC,Greece,2018,,81.7878048780488,100.0,17.9,72.2383733920483,4.2,19873.4015238771
GRC,Greece,2019,,81.6390243902439,100.0,18.5,75.6712066931757,4.1,19335.3602002969
GRC,Greece,2020,,81.2878048780488,100.0,20.1,78.11584474,4.1,17886.733165236
GRC,Greece,2021,,80.0829268292683,100.0,21.5,78.49426371,4.0,20652.89659591
GRC,Greece,2022,,80.7878048780488,100.0,,83.17066333,4.0,20884.6773436263
GRC,Greece,2023,,81.7365853658537,100.0,,85.0102229,3.9,23343.7103964562
GRD,Grenada,2005,,73.7,87.5,10.6,20.4878006,14.8,6338.56011405358
GRD,Grenada,2006,,73.93,87.9,10.4,21.39599991,14.9,6344.0383771432
GRD,Grenada,2007,,74.159,88.2,9.9,22.29,14.9,6864.54816771858
GRD,Grenada,2008,,74.374,90.0,10.8,23.18000031,15.1,7448.2040563865
GRD,Grenada,2009,,74.567,89.0,10.5,24.04999924,15.4,6932.56472176781
GRD,Grenada,2010,,74.731,89.4,10.8,27.0,15.7,6909.60169568597
GRD,Grenada,2011,,74.861,88.8,11.4,30.0,16.0,6947.38136096464
GRD,Grenada,2012,,74.961,90.2,11.5,32.0,16.4,7092.71985352677
GRD,Grenada,2013,,75.022,90.6,10.8,35.0,16.8,7424.80212287327
GRD,Grenada,2014,,75.045,91.0,11.0,51.6,17.2,7986.33421210788
GRD,Grenada,2015,,75.037,91.4,10.5,52.5,17.5,8694.12438005692
GRD,Grenada,2016,,75.01,91.8,10.4,53.29999924,17.8,9221.23461079424
GRD,Grenada,2017,,74.977,92.2,10.2,54.20000076,18.1,9751.42661155932
GRD,Grenada,2018,,74.957,92.3,10.7,61.42459869,18.3,10083.021279225
GRD,Grenada,2019,,74.971,93.0,10.4,64.31279755,18.5,10462.7929159533
GRD,Grenada,2020,,75.019,93.4,10.3,65.65380096,18.6,8968.55890108484
GRD,Grenada,2021,,74.522,93.7,10.2,67.02279663,18.7,9617.28902905373
GRD,Grenada,2022,,75.151,94.2,10.0,68.42030334,18.5,10469.3867012856
GRD,Grenada,2023,,75.205,94.4,,69.4131012,18.3,11414.4781691181
GRL,Greenland,2005,,67.3051219512195,100.0,7.0,57.7034045008656,,32489.7277309899
GRL,Greenland,2006,,67.8180487804878,100.0,7.1,59.361687268664,,35457.6297578214
GRL,Greenland,2007,,68.2739024390244,100.0,6.9,61.07,,39780.9441368721
GRL,Greenland,2008,,68.5660975609756,100.0,6.9,62.82,,44366.7858688175
GRL,Greenland,2009,,69.0321951219512,100.0,8.8,62.83,,44918.8413832155
GRL,Greenland,2010,,69.349756097561,100.0,10.1,63.0,,44277.1993400972
GRL,Greenland,2011,,69.6146341463415,100.0,10.2,64.0,,47186.8759969388
GRL,Greenland,2012,,69.959512195122,100.0,10.1,64.8960100995989,,45936.9562817724
GRL,Greenland,2013,,70.2917073170732,100.0,11.2,65.8,,47535.4883792376
GRL,Greenland,2014,,70.5082926829268,100.0,12.5,66.7,,50485.2244135291
GRL,Greenland,2015,,70.909756097561,100.0,13.1,67.600443481006,,44536.3549705377
GRL,Greenland,2016,,71.1990243902439,100.0,12.4,68.500873675421,,48181.7453541266
GRL,Greenland,2017,,71.2563414634146,100.0,11.3,69.4824617821988,,50765.7494665372
GRL,Greenland,2018,,71.3609756097561,100.0,11.4,,,54545.135857765
GRL,Greenland,2019,,71.4092682926829,100.0,10.9,,,53309.2035905065
GRL,Greenland,2020,,71.2858536585366,100.0,11.8,,,54812.6661771023
GRL,Greenland,2021,,71.2614634146342,100.0,11.6,,,58135.9939910203
GRL,Greenland,2022,,71.230243902439,100.0,11.7,,,55635.0006491223
GRL,Greenland,2023,,70.9724390243902,100.0,,,,58498.9707973609
GTM,Guatemala,2005,,68.167,78.3,65.2,5.699999809,42.4,2046.46611650758
GTM,Guatemala,2006,,68.79,83.7,64.7,6.5,40.7,2225.1234753878
GTM,Guatemala,2007,,69.299,80.7,63.3,7.300000191,39.1,2458.81573919384
GTM,Guatemala,2008,,69.493,81.9,66.5,8.300000191,37.5,2763.05988172926
GTM,Guatemala,2009,,69.676,83.1,65.3,9.300000191,36.0,2611.64632773352
GTM,Guatemala,2010,,69.885,84.3,67.1,10.5,34.5,2805.25960237322
GTM,Guatemala,2011,,70.321,84.0,67.1,12.30000019,33.1,3168.98370607705
GTM,Guatemala,2012,78.2600021362305,70.722,86.8,67.4,16.0,31.8,3286.61959336267
GTM,Guatemala,2013,77.0400009155273,70.878,88.1,67.2,19.70000076,30.4,3444.15802275864
GTM,Guatemala,2014,81.2900009155273,70.942,85.5,66.2,23.39999962,29.2,3689.14510410202
GTM,Guatemala,2015,80.1999969482422,70.915,90.5,63.3,28.80590057,28.1,3893.50533299068
GTM,Guatemala,2016,,71.215,91.8,63.2,34.50930023,27.0,4060.13784737643
GTM,Guatemala,2017,,71.583,93.3,65.0,37.90000153,26.1,4324.99768915601
GTM,Guatemala,2018,80.8099975585938,71.496,94.2,64.0,41.5,25.1,4352.94593289707
GTM,Guatemala,2019,,71.639,95.4,62.8,44.401049838502,24.3,4511.99839552697
GTM,Guatemala,2020,,69.971,96.6,65.5,47.51229858,23.5,4477.61785000665
GTM,Guatemala,2021,,67.858,97.9,62.1,50.84164945,22.7,4912.62240414681
GTM,Guatemala,2022,83.0299987792969,71.206,99.1,,54.40430069,21.9,5356.92435887895
GTM,Guatemala,2023,83.0195796057608,72.602,100.0,,56.72669983,21.2,5754.42833909847
GUM,Guam,2005,,76.427,100.0,0.4,38.559877557558,,25631.9776108052
GUM,Guam,2006,,76.477,100.0,0.4,43.8514430048178,,25709.9351488422
GUM,Guam,2007,,76.397,100.0,0.4,46.1504736192355,,26605.4324214756
GUM,Guam,2008,,76.233,100.0,0.4,48.4187021509296,,28112.2316573422
GUM,Guam,2009,,76.141,100.0,0.5,50.6420283820435,,29054.0581201519
GUM,Guam,2010,,76.095,100.0,0.5,54.04,,29719.7967836082
GUM,Guam,2011,,76.153,100.0,0.5,57.7,,29926.2052442913
GUM,Guam,2012,,76.237,100.0,0.5,61.5341593079002,,31653.7506538168
GUM,Guam,2013,,76.361,100.0,0.6,65.4,,32530.7593121483
GUM,Guam,2014,,76.423,100.0,0.7,69.27,,33900.1486530583
GUM,Guam,2015,,76.444,100.0,2.3,73.139999947043,,35165.7014644795
GUM,Guam,2016,,76.449,100.0,4.4,77.009999893206,,35930.6594898711
GUM,Guam,2017,,76.463,100.0,3.9,80.5054655600831,,36779.0078903909
GUM,Guam,2018,,76.561,100.0,4.5,,,37195.9503070464
GUM,Guam,2019,,76.645,100.0,4.5,,,39274.9431424899
GUM,Guam,2020,,75.529,100.0,4.6,,,36482.9363953675
GUM,Guam,2021,,75.434,100.0,4.5,,,38074.8793745801
GUM,Guam,2022,,77.102,100.0,6.7,,,41833.1517132825
GUM,Guam,2023,,77.209,100.0,,,,
GUY,Guyana,2005,,64.392,77.5,34.7,5.699999809,41.6,1084.06541388904
GUY,Guyana,2006,,64.848,73.4,36.8,8.899999619,40.7,3135.60553528326
GUY,Guyana,2007,,65.462,78.5,33.1,13.80000019,39.9,3608.28685240188
GUY,Guyana,2008,,65.721,79.1,32.6,18.2,39.1,4008.9628671603
GUY,Guyana,2009,,66.03,77.6,31.3,23.9,38.3,4209.13230624565
GUY,Guyana,2010,,66.204,83.3,30.6,29.9,37.6,4581.76179693492
GUY,Guyana,2011,,66.469,84.2,32.8,30.0,36.8,4947.22170589917
GUY,Guyana,2012,,66.443,85.1,28.7,30.5,36.0,5444.39751913913
GUY,Guyana,2013,,66.71,86.0,26.9,31.0,35.2,5556.91231156932
GUY,Guyana,2014,,67.334,86.9,24.0,32.0,34.3,5472.68820452237
GUY,Guyana,2015,,67.719,88.0,25.0,34.0,33.3,5640.41560569466
GUY,Guyana,2016,,68.069,89.0,21.3,35.65999985,32.4,5870.87823759835
GUY,Guyana,2017,,68.543,90.0,22.1,42.6753006,31.4,6178.6650437298
GUY,Guyana,2018,,68.829,90.9,16.8,48.59889984,30.5,6048.38697180418
GUY,Guyana,2019,,69.067,91.6,11.3,55.31269836,29.6,6405.82443444562
GUY,Guyana,2020,85.6399993896484,67.751,92.3,12.0,62.95399857,28.6,6775.70939096303
GUY,Guyana,2021,,64.323,92.9,13.2,71.65090179,27.8,9860.87014834386
GUY,Guyana,2022,,69.888,93.0,12.1,76.56240082,26.9,17913.4928066879
GUY,Guyana,2023,,70.18,98.9,,79.3553009,26.0,20473.7002190617
HIC,High income,2005,,77.1096843955119,99.5332329224938,7.38790136062168,52.9,7.8,30080.7834726251
HIC,High income,2006,,77.5422883584084,99.5844244136188,7.77042745709828,55.7,7.5,31743.3108447684
HIC,High income,2007,,77.8631136411291,99.5944463812784,8.02429581434502,61.3,7.3,34703.2215480124
HIC,High income,2008,,78.0528402965478,99.625104814071,8.3984841545264,64.0,7.0,36948.6937394895
HIC,High income,2009,,78.4049799603676,99.6724365102705,8.96094596937985,66.4,6.8,34160.3443365118
HIC,High income,2010,,78.595666415872,99.7815731177217,9.13757742354582,69.0,6.6,35833.7115834135
HIC,High income,2011,,78.9211245686884,99.7844276066565,9.52836321852016,70.4,6.5,38837.3278350951
HIC,High income,2012,,79.0753405199988,99.895144692711,9.90988310752564,73.7,6.3,38756.7592855469
HIC,High income,2013,,79.3127011755769,99.8987383835925,10.3849989396956,75.1,6.2,39099.8824050102
HIC,High income,2014,,79.5653520772765,99.9172073782315,10.5213333961469,77.0,6.0,39576.1363506592
HIC,High income,2015,,79.5243179141672,99.4412555922339,10.6050781624931,78.3,5.8,36734.6310227088
HIC,High income,2016,,79.7243110737375,99.8749398314557,10.7845732962853,82.5,5.7,37232.2355227355
HIC,High income,2017,,79.8536233801599,99.9597217073415,11.0890197580437,84.2,5.5,38970.4660370017
HIC,High income,2018,,79.9659745020771,99.9626435667928,11.4686788378903,86.3,5.4,41295.6262218527
HIC,High income,2019,,80.1992615325159,99.9496095685706,11.7839130112794,87.5,5.2,41570.3760789982
HIC,High income,2020,97.7099990844727,79.2041410409855,99.9683058935554,12.7831808525723,88.4,5.2,40453.9686533276
HIC,High income,2021,,78.7981548654152,99.9798908670507,,90.0,5.1,45545.9474677756
HIC,High income,2022,,79.4268609745508,99.9798001329497,,91.0,5.1,47056.4874992383
HIC,High income,2023,,80.1496802618874,99.9883997819596,,91.9,5.1,49141.5400740302
HKG,"Hong Kong SAR, China",2005,,81.6090243902439,100.0,0.1,56.9,,26649.637724155
HKG,"Hong Kong SAR, China",2006,,82.3848780487805,100.0,0.1,60.8,,28224.0951563146
HKG,"Hong Kong SAR, China",2007,,82.3668292682927,100.0,0.1,64.8,,30593.9511738646
HKG,"Hong Kong SAR, China",2008,,82.3404878048781,100.0,0.1,66.7,,31515.5292103443
HKG,"Hong Kong SAR, China",2009,,82.7751219512195,100.0,0.1,69.4,,30697.5383861641
HKG,"Hong Kong SAR, China",2010,,82.9575609756098,100.0,0.1,72.0,,32550.136489179
HKG,"Hong Kong SAR, China",2011,,83.4119512195122,100.0,0.5,72.19999695,,35142.4879344543
HKG,"Hong Kong SAR, China",2012,,83.450243902439,100.0,0.2,72.9,,36730.796195815
HKG,"Hong Kong SAR, China",2013,,83.8312195121951,100.0,0.3,74.2,,38403.7777145477
HKG,"Hong Kong SAR, China",2014,,83.9356097560976,100.0,0.2,79.8662704309064,,40315.3739510191
HKG,"Hong Kong SAR, China",2015,,84.2526829268293,100.0,0.2,84.9483529634062,,42432.1619740441
HKG,"Hong Kong SAR, China",2016,,84.2114634146342,100.0,0.2,87.47941467087,,43734.1980702999
HKG,"Hong Kong SAR, China",2017,,84.6956097560976,100.0,0.2,89.4159446487565,,46160.429791493
HKG,"Hong Kong SAR, China",2018,,84.869756097561,100.0,0.2,90.5073953294283,,48537.5668888343
HKG,"Hong Kong SAR, China",2019,,85.1558536585366,100.0,0.2,91.7434003891587,,48359.0011950597
HKG,"Hong Kong SAR, China",2020,,85.4963414634146,100.0,0.3,92.41313602,,46109.2299946609
HKG,"Hong Kong SAR, China",2021,,85.5326829268293,100.0,0.4,93.08715788,,49770.5642374739
HKG,"Hong Kong SAR, China",2022,,83.6609756097561,100.0,,95.61357052,,48825.0272275805
HKG,"Hong Kong SAR, China",2023,,85.2473170731707,100.0,,95.97781908,,50525.1119312663
HND,Honduras,2005,,69.198,68.9,51.4,6.5,29.8,1304.70039153826
HND,Honduras,2006,,69.364,71.3,52.2,7.800000191,28.6,1425.84780051892
HND,Honduras,2007,83.5899963378906,69.539,73.5,50.6,9.399999619,27.4,1577.73789197407
HND,Honduras,2008,,69.657,76.4,50.0,9.6,26.4,1732.49062702803
HND,Honduras,2009,,69.823,78.3,50.5,9.800000191,25.4,1781.15703614674
HND,Honduras,2010,84.7600021362305,69.77,81.0,53.6,11.09,24.4,1893.32722662035
HND,Honduras,2011,85.120002746582,70.116,82.2,50.9,15.9,23.5,2073.66121088074
HND,Honduras,2012,85.3600006103516,70.46,83.6,49.3,18.12,22.7,2126.03474686503
HND,Honduras,2013,85.4599990844727,70.765,87.2,51.1,17.8,21.9,2081.12843527945
HND,Honduras,2014,87.1999969482422,71.032,88.7,52.2,23.0,21.1,2179.88171977271
HND,Honduras,2015,87.9100036621094,71.323,90.0,50.8,27.1395454833776,20.3,2271.20265980349
HND,Honduras,2016,88.9899978637695,71.615,91.6,52.7,29.5282180796457,19.6,2307.34468351082
HND,Honduras,2017,,71.805,86.5,45.6,31.7357924661485,18.9,2413.0076562942
HND,Honduras,2018,87.2099990844727,72.001,91.6,48.9,36.0400608231468,18.2,2464.64241531918
HND,Honduras,2019,88.5100021362305,72.124,91.1,46.2,39.3883521850111,17.7,2502.32744328073
HND,Honduras,2020,,70.864,93.1,50.2,45.24829865,17.1,2307.61494319511
HND,Honduras,2021,,69.492,94.1,45.9,51.95159912,16.5,2735.14751503977
HND,Honduras,2022,88.2192789618317,72.715,94.4,,56.88069916,16.0,3003.28996826399
HND,Honduras,2023,87.0899963378906,72.884,95.6,,58.0685997,15.5,3227.45762509776
HPC,Heavily indebted poor countries (HIPC),2005,53.7799987792969,55.7774195124879,21.657755928402,83.9256979376258,,114.699593733073,520.051978903637
HPC,Heavily indebted poor countries (HIPC),2006,52.1199989318848,56.574273244383,24.2942555063766,83.1818878444874,,108.918038437956,593.589508638215
HPC,Heavily indebted poor countries (HIPC),2007,53.5200004577637,57.2467051523111,25.8446432725443,81.7362408698414,,104.102383459321,688.798854303596
HPC,Heavily indebted poor countries (HIPC),2008,53.8199996948242,57.8565431037631,25.7994487109563,81.2329236673649,,99.6378865309757,797.853979826874
HPC,Heavily indebted poor countries (HIPC),2009,54.0400009155273,58.2402216249579,27.0200867482177,80.4451955986762,,98.2895969280398,765.227759350497
HPC,Heavily indebted poor countries (HIPC),2010,55.060001373291,58.7335452944083,28.6780800085282,79.6115171074584,,93.2212751268281,812.484497775064
HPC,Heavily indebted poor countries (HIPC),2011,57.2900009155273,59.2312188364054,29.1651687599528,78.8967629817918,,93.139476228705,873.650099679893
HPC,Heavily indebted poor countries (HIPC),2012,58.6699981689453,60.0870140052247,31.8931961608523,77.8546208866133,,85.8956616008329,881.63617561985
HPC,Heavily indebted poor countries (HIPC),2013,59.7400016784668,60.6299359643784,32.8816239986801,77.654981472332,,82.2392532979546,961.217621514844
HPC,Heavily indebted poor countries (HIPC),2014,60.2700004577637,61.0420808723887,35.3355389595465,77.378161792632,,80.1013664951844,987.602359884364
HPC,Heavily indebted poor countries (HIPC),2015,60.8499984741211,61.5637757860854,35.4457879058715,76.5530574120486,,77.2252196182014,917.924140878178
HPC,Heavily indebted poor countries (HIPC),2016,61.4599990844727,62.005914221112,40.5825141572233,76.0862841962469,,75.0531588355873,895.291971418288
HPC,Heavily indebted poor countries (HIPC),2017,62.5800018310547,62.3173413995614,41.4700007412761,75.9193473348398,,74.0985605574823,944.105800649501
HPC,Heavily indebted poor countries (HIPC),2018,64.5400009155273,62.8008051848255,43.9720388425801,75.2520183545811,,71.5972927454548,986.447970381036
HPC,Heavily indebted poor countries (HIPC),2019,64.7099990844727,63.0919384793173,45.014803870368,74.8448133256749,,70.6505060809458,984.553372875279
HPC,Heavily indebted poor countries (HIPC),2020,64.9599990844727,63.0748180653434,46.3325205711702,76.0353291030768,,68.146309212661,963.808519118256
HPC,Heavily indebted poor countries (HIPC),2021,65.4199981689453,62.5327589317045,48.0116236625576,,,69.7824667658958,1062.58689269634
HPC,Heavily indebted poor countries (HIPC),2022,65.870002746582,63.8422370507134,48.6044269308349,,,70.9810827482135,1123.26894975331
HPC,Heavily indebted poor countries (HIPC),2023,66.3000030517578,64.7182457242664,50.5208896795623,,,64.7737608743439,1157.85200500349
HRV,Croatia,2005,,75.2446341463415,99.9,26.8,33.13999939,6.7,10443.4484003498
HRV,Croatia,2006,,75.8368292682927,99.8,25.5,37.97999954,6.4,11501.2327422844
HRV,Croatia,2007,,75.7056097560976,99.8,22.7,41.44,6.2,13755.8149054063
HRV,Croatia,2008,,75.9121951219512,100.0,24.1,44.24,5.9,15888.1184388903
HRV,Croatia,2009,,76.1682926829268,100.0,27.2,50.58,5.7,14474.52513863
HRV,Croatia,2010,,76.4756097560976,100.0,29.8,56.55,5.5,13729.7472872883
HRV,Croatia,2011,,76.7756097560976,100.0,27.2,57.7899789891444,5.3,14691.591757962
HRV,Croatia,2012,,77.1682926829268,100.0,29.4,61.9399731527956,5.2,13507.6349882758
HRV,Croatia,2013,,77.5707317073171,100.0,32.8,66.7476,5.1,14135.0903485872
HRV,Croatia,2014,,77.7243902439024,100.0,33.6,68.5678992528467,5.0,14186.7712230471
HRV,Croatia,2015,,77.2756097560976,100.0,33.1,69.8450359238281,4.9,12283.8750299177
HRV,Croatia,2016,,77.9219512195122,100.0,31.8,72.6972696701463,4.9,12820.1872746645
HRV,Croatia,2017,,77.7268292682927,100.0,29.8,67.0961920368478,4.8,13901.6498657787
HRV,Croatia,2018,,77.919512195122,100.0,32.8,75.2946259897258,4.8,15460.4560798984
HRV,Croatia,2019,,78.2243902439024,100.0,31.6,79.0797836757554,4.7,15563.7354996625
HRV,Croatia,2020,,77.5243902439024,100.0,32.4,78.32090004,4.7,14807.5559227544
HRV,Croatia,2021,,76.4243902439025,100.0,34.1,81.25396608,4.6,17788.7601163765
HRV,Croatia,2022,,77.5756097560976,100.0,,82.07155532,4.6,18465.531473659
HRV,Croatia,2023,,78.4731707317073,100.0,,83.24117599,5.1,22183.4982258492
HTI,Haiti,2005,,60.318,34.5,81.1,6.376200199,88.4,775.845704056916
HTI,Haiti,2006,,60.74,33.9,81.4,6.796000004,86.2,828.805700289589
HTI,Haiti,2007,,61.09,35.5,79.3,7.199999809,84.1,984.566983448521
HTI,Haiti,2008,,61.28,36.1,79.6,7.599999905,82.2,1094.66058421644
HTI,Haiti,2009,,61.694,36.6,80.3,8.100000381,80.2,1196.8528706018
HTI,Haiti,2010,,45.577,37.2,79.0,8.369999886,137.7,1209.72733503094
HTI,Haiti,2011,,61.581,37.8,79.0,9.0,76.5,1312.03953552013
HTI,Haiti,2012,73.953334886651,62.273,37.9,82.2,9.800000191,74.6,1361.39396587374
HTI,Haiti,2013,,62.624,38.9,80.4,10.60000038,72.8,1457.83221179626
HTI,Haiti,2014,,62.969,39.6,77.8,11.39999962,70.9,1460.18898613914
HTI,Haiti,2015,,63.224,40.8,76.1,14.19999981,69.1,1411.12684746796
HTI,Haiti,2016,,63.325,40.4,76.1,22.79999924,67.2,1318.40268167953
HTI,Haiti,2017,68.0100021362305,63.832,43.3,76.2,27.20000076,65.3,1395.23945184461
HTI,Haiti,2018,,64.077,44.4,76.2,32.4736271300557,63.4,1496.38048970156
HTI,Haiti,2019,,64.328,45.4,76.4,35.76409912,61.5,1352.17204191532
HTI,Haiti,2020,,63.773,46.3,76.3,39.38809967,59.8,1290.32538667383
HTI,Haiti,2021,,62.613,47.2,76.7,43.37919998,58.1,1824.6798742577
HTI,Haiti,2022,,63.948,49.3,,47.77470016,56.2,1748.40890116803
HTI,Haiti,2023,,64.936,51.3,,47.99269867,54.4,1681.84407667059
HUN,Hungary,2005,,72.6487804878049,99.9,7.3,38.97,7.5,11212.2046968994
HUN,Hungary,2006,,73.0975609756098,99.9,7.9,47.06,7.2,11478.4891640501
HUN,Hungary,2007,,73.1512195121951,100.0,9.0,53.3,6.8,13934.605460375
HUN,Hungary,2008,,73.7024390243903,100.0,9.0,61.0,6.5,15762.6322515113
HUN,Hungary,2009,,73.9048780487805,100.0,12.3,62.0,6.2,13051.1831777184
HUN,Hungary,2010,,74.2073170731707,100.0,13.5,65.0,6.0,13189.8433874768
HUN,Hungary,2011,,74.8585365853659,100.0,14.7,68.0199878861296,5.9,14211.460557822
HUN,Hungary,2012,,75.0634146341463,100.0,16.5,70.579998153838,5.7,12950.1594488143
HUN,Hungary,2013,,75.5658536585366,100.0,17.2,72.6439,5.6,13739.4620151401
HUN,Hungary,2014,,75.7634146341463,100.0,15.7,75.6531974544103,5.3,14352.501883174
HUN,Hungary,2015,,75.5682926829269,100.0,15.6,72.8347370323805,5.1,12782.9412577973
HUN,Hungary,2016,,76.0634146341464,100.0,15.3,79.2594121273057,4.7,13215.8605277789
HUN,Hungary,2017,,75.8170731707317,100.0,14.6,76.7505471201922,4.5,14736.1668157258
HUN,Hungary,2018,,76.0658536585366,100.0,13.6,76.0743606365063,4.3,16605.0570511887
HUN,Hungary,2019,,76.3195121951219,100.0,13.6,80.3716936050482,4.1,17012.8598553199
HUN,Hungary,2020,,75.419512195122,100.0,14.8,84.77115202,4.0,16386.9308821258
HUN,Hungary,2021,,74.0658536585366,100.0,15.3,88.64083466,4.0,19030.628130329
HUN,Hungary,2022,,75.8682926829268,100.0,,89.14282688,3.9,18428.028825614
HUN,Hungary,2023,,76.5707317073171,100.0,,91.4500713,3.8,22208.6509820466
IBD,IBRD only,2005,84.5299987792969,69.8265165341661,87.7333227566688,19.3136973097539,8.7,45.9221457752169,2300.5584330495
IBD,IBRD only,2006,84.8199996948242,70.1501236836392,88.1680891466254,18.7796426080362,10.5,43.3899001810369,2700.5584752855
IBD,IBRD only,2007,85.6999969482422,70.5142450680001,89.3242121638932,18.0231697034131,13.7,40.935527044949,3321.08172264245
IBD,IBRD only,2008,86.1699981689453,70.7624457262186,90.1665294008948,17.6316680788104,17.1,38.5641990306494,3945.34608241117
IBD,IBRD only,2009,86.620002746582,71.1602132108325,90.6731762332911,17.4829469844672,20.7,36.4255085372224,3790.75249729841
IBD,IBRD only,2010,87.1600036621094,71.5021795019761,91.453975356488,16.7512897977865,25.0,34.4513038342427,4561.8882339923
IBD,IBRD only,2011,87.4499969482422,71.8270333930904,92.5084956175417,15.9538657957954,28.5,32.6633578025476,5343.53397444837
IBD,IBRD only,2012,87.8000030517578,72.1636704451454,92.7691494735879,15.8795392491567,31.5,30.5995012213551,5618.13811823482
IBD,IBRD only,2013,88.0500030517578,72.4633474422255,93.7820283085729,16.0171385968997,34.0,29.168083341983,5846.25966334365
IBD,IBRD only,2014,88.4100036621094,72.7509651570745,94.4238714593445,16.003291533954,36.4,27.4123864989869,5950.16216217417
IBD,IBRD only,2015,88.6900024414062,73.0328490236398,95.1768053412642,16.0209177851331,39.1,26.3413290893219,5546.81934137697
IBD,IBRD only,2016,88.870002746582,73.2592309044272,95.836371597902,16.2845965537743,43.2,25.1089807081947,5535.21577803788
IBD,IBRD only,2017,89.0599975585938,73.4857607809887,96.6040591336246,16.3923000534023,46.6,23.854318818368,6053.47287028012
IBD,IBRD only,2018,89.2900009155273,73.794943952938,97.7498443251445,16.6268066421204,50.3,23.4442956099547,6392.20731313147
IBD,IBRD only,2019,89.3399963378906,74.031271888226,97.8715752983766,17.0666276982215,56.3,22.5844615647677,6474.8042775296
IBD,IBRD only,2020,89.6399993896484,73.2951356970762,98.0567134046334,18.0085051596372,65.4,22.1850623203202,6189.46595997499
IBD,IBRD only,2021,89.8600006103516,71.974203378406,99.1094167920247,,70.3,21.5924267168741,7312.40590533832
IBD,IBRD only,2022,90.1699981689453,74.2512821129351,98.9686574577803,,74.4,21.0193519897855,7679.78639337735
IBD,IBRD only,2023,90.4400024414062,74.5179764623959,99.0885815861564,,77.3,20.4507037715747,7892.13359236419
IBT,IDA & IBRD total,2005,79.5800018310547,67.2256354770038,77.0633406781296,25.0826783272947,7.2,67.7155522211802,1919.85540188438
IBT,IDA & IBRD total,2006,79.5199966430664,67.6024062399178,77.8588264673514,24.4584394602454,8.7,64.6848752006473,2247.88945009061
IBT,IDA & IBRD total,2007,80.2200012207031,67.9670001124436,78.6157714157842,23.5801717590485,11.3,61.8548777157548,2742.89733889853
IBT,IDA & IBRD total,2008,80.6399993896484,68.1843907566277,79.4569249530859,23.1916933385608,14.0,59.3783854885707,3246.16083645656
IBT,IDA & IBRD total,2009,81.0400009155273,68.58797297018,79.9535110770847,23.1681701232033,16.9,57.2665099336567,3109.97518704155
IBT,IDA & IBRD total,2010,81.7600021362305,68.9266614063009,80.6525233114686,22.2914952493169,20.3,54.8743175277049,3717.27572230721
IBT,IDA & IBRD total,2011,82.1699981689453,69.2357087629053,81.9218590699685,21.5080308989151,23.2,53.5375021107104,4326.07595088347
IBT,IDA & IBRD total,2012,82.4100036621094,69.574186280902,82.4388992783113,21.3971364601676,25.7,50.4019591519664,4533.14634719975
IBT,IDA & IBRD total,2013,82.7799987792969,69.8695763064636,83.362705362845,21.5681055110978,27.8,48.7798966691799,4717.03916410479
IBT,IDA & IBRD total,2014,83.1600036621094,70.1214372145127,83.9428079507592,21.5287778759064,30.1,47.43517108688,4804.51316862211
IBT,IDA & IBRD total,2015,83.6399993896484,70.3727711035674,84.8058720870898,21.6163623919511,32.8,46.3869965708754,4477.24409653758
IBT,IDA & IBRD total,2016,84.0299987792969,70.6151792552285,86.2020439952187,21.8132582722264,36.4,45.0167897925032,4450.00988856601
IBT,IDA & IBRD total,2017,84.25,70.8321134052096,87.1825242962377,21.8333716725747,39.5,44.1583028931606,4833.02970118676
IBT,IDA & IBRD total,2018,84.620002746582,71.1543116878265,88.2076680736069,21.9590062576992,42.9,43.3739482895554,5085.0801851085
IBT,IDA & IBRD total,2019,84.6500015258789,71.3952528317139,88.5722643080015,22.4318628279228,47.8,42.7794421008687,5168.03480575859
IBT,IDA & IBRD total,2020,84.8899993896484,70.7501213262472,88.9159802522601,23.435247290857,55.1,42.4922083281563,4923.39708871472
IBT,IDA & IBRD total,2021,85.0999984741211,69.6690947451642,90.0247787023894,,59.3,42.9382742931704,5754.17990139813
IBT,IDA & IBRD total,2022,85.379997253418,71.6790095761174,89.9534822341794,,63.0,43.1834698029139,6024.32591287554
IBT,IDA & IBRD total,2023,85.6100006103516,71.9999928217283,90.3195251994939,,65.5,41.382706913428,6126.38809068241
IDA,IDA total,2005,58.9099998474121,58.6492614977887,41.5257786468696,66.7599113045394,2.2,104.623943899033,664.968624835506
IDA,IDA total,2006,57.6599998474121,59.3132154681105,43.9730686063336,66.3967663862666,2.8,100.221727189192,775.720250575223
IDA,IDA total,2007,57.8499984741211,59.7951639068012,44.215583204942,65.6601255015347,3.7,96.3474817288562,888.098620952193
IDA,IDA total,2008,58.4300003051758,60.02592521814,45.5210086884903,65.5967479591471,4.2,93.4632287880326,1033.53201301258
IDA,IDA total,2009,58.8800010681152,60.5550916523175,46.4341542738551,66.5353503378893,4.9,91.1394377544346,983.967184072154
IDA,IDA total,2010,60.6300010681152,60.9887312592622,47.3202605943909,65.4798262712482,5.9,87.54883055336,1114.11982511932
IDA,IDA total,2011,61.689998626709,61.3496821632737,49.6649300870432,64.9875878296829,6.8,86.6153118509758,1229.70549062646
IDA,IDA total,2012,61.7599983215332,61.7836144097129,51.3225798076436,65.6347840271434,7.9,82.0984677269542,1268.90303240531
IDA,IDA total,2013,62.8800010681152,62.1423584064168,52.2853038775898,65.9170351063927,9.4,79.356290736495,1352.92860920219
IDA,IDA total,2014,63.5099983215332,62.3681207907556,53.0030674696882,65.5180418773844,11.6,78.2696531874441,1426.50032692763
IDA,IDA total,2015,64.9199981689453,62.614846093746,54.526027751815,65.4970691927081,14.2,76.4932195987004,1357.9051932623
IDA,IDA total,2016,66.3199996948242,62.9933197277529,58.3995349206974,64.3516706620498,16.9,74.8022236414607,1321.74768141485
IDA,IDA total,2017,66.9100036621094,63.2751134869149,60.3233347999931,63.4625486644428,19.2,73.6820694866744,1357.47789528252
IDA,IDA total,2018,68.0,63.732426814433,61.3597693909093,63.0596732632859,22.0,70.7073225986315,1411.20738303305
IDA,IDA total,2019,68.2099990844727,64.0900291161311,62.7746020826155,63.4454503938806,24.2,69.4074968502149,1546.57261928545
IDA,IDA total,2020,68.4800033569336,63.8036707405637,63.9419318251959,63.7525629244284,27.0,67.4648126783118,1467.74475406134
IDA,IDA total,2021,68.9400024414062,63.4785278004251,65.6033228695587,,29.8,68.0064112201956,1569.43031809587
IDA,IDA total,2022,69.3600006103516,64.8837178854478,66.1150819903058,,32.8,68.2791646728512,1651.01916315494
IDA,IDA total,2023,69.7300033569336,65.4550660808135,67.5062058598898,,34.5,64.4912684750639,1536.73358897841
IDB,IDA blend,2005,60.3499984741211,56.9989286118874,60.2242112828434,60.1143669239581,4.4,113.096678219845,957.944483664019
IDB,IDA blend,2006,61.0400009155273,57.7016203087693,61.1269826223225,59.7728436369701,5.4,109.504672853843,1148.89181901573
IDB,IDA blend,2007,59.5800018310547,58.0600906051007,62.3043148414168,59.7989247311828,6.1,106.195180936754,1296.2173611862
IDB,IDA blend,2008,60.5299987792969,58.4143046583873,63.3309391549099,59.8816457785291,6.8,102.989146998811,1479.93269655131
IDB,IDA blend,2009,60.7599983215332,58.7507843707772,63.1155416562242,61.5456166448889,7.7,100.274455807164,1350.16810895914
IDB,IDA blend,2010,61.2299995422363,59.0515129063523,63.9547486455891,60.5940711914845,9.1,97.7581338926115,1546.66486887393
IDB,IDA blend,2011,61.4199981689453,59.364406133511,68.0498486783031,60.1995707840284,10.3,95.4071007579972,1719.51377446132
IDB,IDA blend,2012,62.6199989318848,59.6305637403653,67.7534282751763,62.2040325368952,11.8,93.0603666172748,1858.79619423645
IDB,IDA blend,2013,62.5099983215332,59.8685731055257,69.2012849039335,61.9371685909771,13.9,90.870695521886,1985.51999918718
IDB,IDA blend,2014,63.4000015258789,60.0998681978251,68.4749901174028,61.535451528507,16.1,89.0200242810528,2113.88702279641
IDB,IDA blend,2015,64.129997253418,60.2944946354402,68.7868324940631,61.7521936459909,19.0,87.3420837922888,1967.8941145813
IDB,IDA blend,2016,64.8499984741211,60.5761664527178,72.5460349141719,60.4836460271951,20.6,85.7706738523369,1810.82104602308
IDB,IDA blend,2017,65.0599975585938,60.818392907263,71.6466137332559,59.7969449026188,22.3,84.3590132998074,1808.86674135882
IDB,IDA blend,2018,67.4300003051758,61.0740542759518,73.151878223369,60.0455922831853,24.1,82.9417022338448,1873.7385939606
IDB,IDA blend,2019,67.5199966430664,61.3259973798573,73.9089088089712,60.7067624481493,26.9,81.79549064533,2210.55539131628
IDB,IDA blend,2020,67.870002746582,60.8180066140619,74.4924621989682,60.0736911684857,28.7,80.4458118967861,2014.81189013082
IDB,IDA blend,2021,68.2099990844727,60.876535738179,76.4698873250238,,32.4,79.4387739493454,2148.31628647273
IDB,IDA blend,2022,68.5400009155273,62.1288641416852,76.9975316257502,,36.5,78.3794185953685,2241.22931753571
IDB,IDA blend,2023,68.8600006103516,62.4621643327349,77.9201343756954,,38.3,77.1942653568078,1922.68195677238
IDN,Indonesia,2005,,67.531,84.8,41.6,3.60202476259646,40.7,1238.21447629488
IDN,Indonesia,2006,91.9800033569336,67.664,90.6,40.1,4.76481313366657,38.9,1558.31562847163
IDN,Indonesia,2007,,67.914,91.1,40.0,5.78627472934199,37.2,1823.21976255073
IDN,Indonesia,2008,92.1900024414062,68.085,92.7,41.1,7.917500019,35.6,2124.55483920618
IDN,Indonesia,2009,92.5800018310547,68.267,93.6,38.2,6.92,34.1,2218.48541852977
IDN,Indonesia,2010,92.3199996948242,68.364,94.2,36.0,10.92,32.6,3065.68348377765
IDN,Indonesia,2011,92.8099975585938,68.629,94.8,32.4,12.28,31.2,3579.46442466152
IDN,Indonesia,2012,,68.862,96.0,30.1,14.52,29.9,3632.27254030331
IDN,Indonesia,2013,,69.064,96.5,30.6,14.94,28.6,3566.60284506078
IDN,Indonesia,2014,95.120002746582,69.292,97.0,29.3,17.1431598350566,27.3,3441.06808464008
IDN,Indonesia,2015,95.2200012207031,69.52,97.5,26.6,22.062742603379,26.1,3288.22269725538
IDN,Indonesia,2016,95.379997253418,69.733,97.6,27.8,25.447353701827,25.0,3521.46943457574
IDN,Indonesia,2017,,69.953,98.1,25.2,32.335806250688,23.8,3798.88326174526
IDN,Indonesia,2018,95.6600036621094,70.08,98.5,22.0,39.9046386385762,22.8,3860.95353090726
IDN,Indonesia,2019,,70.349,98.8,19.8,47.6906489788375,21.8,4106.94856160358
IDN,Indonesia,2020,96.0,68.817,97.0,21.9,53.72649449,20.8,3853.70288774146
IDN,Indonesia,2021,,67.452,99.2,20.2,62.10447842,19.9,4287.17313995098
IDN,Indonesia,2022,,70.925,100.0,,66.48461277,19.1,4730.83484836107
IDN,Indonesia,2023,,71.146,99.4,,69.20836554,18.4,4876.2992959843
IDX,IDA only,2005,58.0699996948242,59.5374266334029,31.3064530521818,73.8050436381383,1.0,99.9397845776829,507.282797445149
IDX,IDA only,2006,55.8300018310547,60.1817423826443,34.5817865450228,73.3938956177054,1.5,95.0277688116048,574.088143326774
IDX,IDA only,2007,56.9099998474121,60.7328901331075,34.419130893252,71.8570857444585,2.3,90.7663707698683,667.193009421069
IDX,IDA only,2008,57.2799987792969,60.9000867842919,35.841119814232,71.6010224669511,2.8,87.9667991827962,791.399137322918
IDX,IDA only,2009,57.4900016784668,61.5371473230212,37.3368109534318,71.6363429921907,3.4,85.8050310556144,784.649862360077
IDX,IDA only,2010,59.8699989318848,62.0465381671517,38.2196110410566,70.5576135766612,4.2,81.5360914415985,877.931098861538
IDX,IDA only,2011,61.3800010681152,62.4359401192322,39.5865233277689,69.9942562944391,5.0,81.4248111380107,961.703390548921
IDX,IDA only,2012,60.8499984741211,62.962468993378,42.3095050792506,69.2375680788855,5.8,75.6643702725594,945.920267718204
IDX,IDA only,2013,62.6199989318848,63.3883167400328,42.9989187322935,70.0688971913976,6.9,72.6386136365906,1006.28967463937
IDX,IDA only,2014,63.1199989318848,63.6108317883765,44.5112693134577,69.5857709069388,9.0,72.0297513904006,1049.90073249233
IDX,IDA only,2015,64.879997253418,63.8848479810589,46.7071456668839,69.2695625897768,11.6,70.2706407758469,1024.03892548547
IDX,IDA only,2016,66.6100006103516,64.3130750207169,50.6626258014594,68.2872983784982,14.9,68.6289269814824,1054.71572764683
IDX,IDA only,2017,67.4100036621094,64.6129528273956,54.1468852720313,67.1926478978048,17.5,67.7482970229584,1111.6681922431
IDX,IDA only,2018,68.8300018310547,65.1762396022628,54.9448489168899,66.0568216095439,20.9,64.0090692798865,1159.99786764696
IDX,IDA only,2019,69.0899963378906,65.586275114442,56.7377764694733,66.1344154982874,22.8,62.7277314334513,1187.14057928369
IDX,IDA only,2020,69.3000030517578,65.4148502167518,58.2396653821217,67.3560634206125,26.0,60.5473011270219,1172.52623503626
IDX,IDA only,2021,69.8000030517578,64.8793395181521,59.7443718318286,,28.4,61.9200563226145,1257.78054041357
IDX,IDA only,2022,70.2399978637695,66.3634983426878,60.2610028883008,,30.7,62.9267579403154,1333.98547158611
IDX,IDA only,2023,70.620002746582,67.0575957681524,61.9225640121999,,32.5,57.7865752666587,1330.08005697828
IMN,Isle of Man,2005,,77.453,100.0,2.7,,,38135.8597885858
IMN,Isle of Man,2006,,77.971,100.0,3.3,,,42627.5089352891
IMN,Isle of Man,2007,,78.451,100.0,1.9,,,55040.2437046236
IMN,Isle of Man,2008,,78.899,100.0,1.3,,,72276.7741329461
IMN,Isle of Man,2009,,79.303,100.0,1.9,,,66156.105656847
IMN,Isle of Man,2010,,79.613,100.0,1.9,,,70587.3140283741
IMN,Isle of Man,2011,,79.836,100.0,2.9,,,77808.8579649376
IMN,Isle of Man,2012,,80.007,100.0,3.5,,,79329.2034347434
IMN,Isle of Man,2013,,80.12,100.0,2.1,,,83207.6588430451
IMN,Isle of Man,2014,,80.199,100.0,1.9,,,91885.4528718026
IMN,Isle of Man,2015,,80.267,100.0,2.2,,,84753.5187422732
IMN,Isle of Man,2016,,80.391,100.0,1.9,,,82025.9454509241
IMN,Isle of Man,2017,,80.506,100.0,1.9,,,83481.3038489014
IMN,Isle of Man,2018,,80.614,100.0,2.0,,,89393.8244248812
IMN,Isle of Man,2019,,80.74,100.0,1.9,,,87127.5517977404
IMN,Isle of Man,2020,,80.591,100.0,2.0,,,79513.5330346598
IMN,Isle of Man,2021,,80.42,100.0,3.2,,,94299.969348965
IMN,Isle of Man,2022,,80.956,100.0,2.7,,,88328.548125887
IMN,Isle of Man,2023,,80.999,100.0,,,,90015.2074234398
IND,India,2005,,64.939,68.8,44.2,2.388099909,74.3,710.488080408949
IND,India,2006,62.75,65.373,67.9,43.2,2.80549986534254,71.0,801.668353659022
IND,India,2007,,65.803,72.3,41.5,3.95,67.8,1021.88707706826
IND,India,2008,,66.247,74.1,39.4,4.38,64.5,992.519584923828
IND,India,2009,,66.7,75.0,37.4,5.12,61.2,1094.94974598436
IND,India,2010,68.325817300837,67.162,76.3,36.2,7.5,58.1,1347.51939071367
IND,India,2011,69.3000030517578,67.623,79.5,35.0,10.07,55.0,1445.46127486037
IND,India,2012,69.8279300354369,68.076,79.9,34.8,11.10000038,52.0,1429.32199520032
IND,India,2013,,68.499,83.1,34.9,12.30000019,49.1,1432.84397512195
IND,India,2014,,68.932,85.1,33.9,13.5,46.4,1553.88396075118
IND,India,2015,,69.326,88.0,33.4,14.89999962,43.7,1583.99815907985
IND,India,2016,,69.709,89.6,33.0,16.5,41.3,1707.50892912243
IND,India,2017,,70.068,91.8,32.5,18.20000076,39.0,1950.10468280866
IND,India,2018,73.6883524760717,70.415,95.7,32.9,20.0813000379384,36.9,1966.25455171679
IND,India,2019,74.8938629973395,70.746,95.9,33.5,29.52350044,34.9,2041.42863698585
IND,India,2020,75.5270629470344,70.156,96.5,36.1,43.40544313,33.0,1907.04251637669
IND,India,2021,76.0596617430205,67.282,99.6,34.9,49.2580986,31.2,2239.61384367482
IND,India,2022,76.3199996948242,71.698,99.2,,55.9,29.5,2279.98145719369
IND,India,2023,81.6999969482422,72.003,99.5,,60.25230026,28.0,2434.44826340989
INX,Not classified,2005,,,,,,,
INX,Not classified,2006,,,,,,,
INX,Not classified,2007,,,,,,,
INX,Not classified,2008,,,,,,,
INX,Not classified,2009,,,,,,,
INX,Not classified,2010,,,,,,,
INX,Not classified,2011,,,,,,,
INX,Not classified,2012,,,,,,,
INX,Not classified,2013,,,,,,,
INX,Not classified,2014,,,,,,,
INX,Not classified,2015,,,,,,,
INX,Not classified,2016,,,,,,,
INX,Not classified,2017,,,,,,,
INX,Not classified,2018,,,,,,,
INX,Not classified,2019,,,,,,,
INX,Not classified,2020,,,,,,,
INX,Not classified,2021,,,,,,,
INX,Not classified,2022,,,,,,,
INX,Not classified,2023,,,,,,,
IRL,Ireland,2005,,78.9439024390244,100.0,2.9,41.61,5.2,50933.0216095589
IRL,Ireland,2006,,79.2414634146342,100.0,3.2,54.82,4.8,54329.1618599624
IRL,Ireland,2007,,79.6414634146341,100.0,3.5,61.158324551,4.6,61396.417461176
IRL,Ireland,2008,,80.0951219512195,100.0,4.2,65.34,4.4,61353.1065629523
IRL,Ireland,2009,,80.190243902439,100.0,5.3,67.38,4.3,52133.0906162544
IRL,Ireland,2010,,80.7439024390244,100.0,5.3,69.85,4.2,48623.9666422487
IRL,Ireland,2011,,80.7463414634146,100.0,7.0,74.8899729670944,4.1,52613.8540355689
IRL,Ireland,2012,,80.8463414634146,100.0,6.9,76.919992540097,4.0,49335.8408099555
IRL,Ireland,2013,,80.9487804878049,100.0,7.7,78.2477,3.9,52537.6108648692
IRL,Ireland,2014,,81.3487804878049,100.0,8.8,83.4917223351728,3.8,57214.5379785709
IRL,Ireland,2015,,81.4536585365854,100.0,9.5,83.4947916666667,3.7,64250.1385181257
IRL,Ireland,2016,,81.6536585365854,100.0,8.6,83.5,3.6,64129.5571542383
IRL,Ireland,2017,,82.1560975609756,100.0,10.1,84.1140070623844,3.5,72161.4047531385
IRL,Ireland,2018,,82.2048780487805,100.0,10.8,87.0001401148942,3.4,80804.1123164826
IRL,Ireland,2019,,82.7024390243903,100.0,12.3,87.0000552425146,3.4,81827.6688873996
IRL,Ireland,2020,,82.4560975609756,100.0,13.7,91.99989097,3.5,86514.0706108754
IRL,Ireland,2021,,82.2536585365854,100.0,12.7,93.50610352,3.6,103783.446284479
IRL,Ireland,2022,,82.509756097561,100.0,,95.03690338,3.7,105190.685952731
IRL,Ireland,2023,,82.8073170731707,100.0,,96.8660965,3.8,106818.917130804
IRN,"Iran, Islamic Rep.",2005,82.4400024414062,72.446,98.4,1.4,8.100000381,26.5,3132.0508192007
IRN,"Iran, Islamic Rep.",2006,82.3300018310547,72.895,98.4,1.4,8.760000229,24.7,3618.91601364428
IRN,"Iran, Islamic Rep.",2007,,73.299,98.7,1.3,9.470000267,23.1,4687.99166260718
IRN,"Iran, Islamic Rep.",2008,82.9599990844727,73.683,98.8,0.7,12.02,21.7,5377.4115072957
IRN,"Iran, Islamic Rep.",2009,83.222239914938,74.041,99.7,0.8,13.80000019,20.4,5415.52280553446
IRN,"Iran, Islamic Rep.",2010,83.6646682357838,74.39,99.4,0.9,15.9,19.3,6291.19443655454
IRN,"Iran, Islamic Rep.",2011,83.5199966430664,74.721,99.5,0.9,19.0,18.3,8025.68743364356
IRN,"Iran, Islamic Rep.",2012,83.629997253418,75.039,99.5,0.9,22.73,17.5,8114.08099831877
IRN,"Iran, Islamic Rep.",2013,84.629997253418,75.349,99.8,1.0,29.95,16.8,6222.74194840326
IRN,"Iran, Islamic Rep.",2014,84.7099990844727,75.635,100.0,0.9,39.353614505223,16.1,5672.06372896319
IRN,"Iran, Islamic Rep.",2015,85.283432659187,75.907,100.0,0.9,45.3349761533285,15.5,4952.73355532178
IRN,"Iran, Islamic Rep.",2016,85.5400009155273,76.155,100.0,1.0,53.2267716709857,14.9,5710.59947089104
IRN,"Iran, Islamic Rep.",2017,85.9467906933665,76.396,99.9,1.0,64.0439736249513,14.4,6000.93346404409
IRN,"Iran, Islamic Rep.",2018,86.8688350894209,76.621,100.0,1.0,70.2005650008363,13.9,4783.01067340237
IRN,"Iran, Islamic Rep.",2019,87.3788306734933,76.855,100.0,1.0,72.4509047672065,13.4,3997.4935449585
IRN,"Iran, Islamic Rep.",2020,87.9028264049083,74.141,100.0,0.9,75.56986637,13.0,3202.50003502169
IRN,"Iran, Islamic Rep.",2021,88.4555944977134,73.752,100.0,0.9,78.5957366,12.6,4605.14881318992
IRN,"Iran, Islamic Rep.",2022,88.5942297159365,76.799,100.0,,81.71649933,12.1,4721.20437099984
IRN,"Iran, Islamic Rep.",2023,88.9168161136597,77.654,100.0,,83.71050262,11.7,5049.29931642754
IRQ,Iraq,2005,,64.899,97.4,2.4,0.899999976,39.7,1762.39360423421
IRQ,Iraq,2006,,64.029,97.6,2.6,0.95234424383919,38.8,2276.55435744086
IRQ,Iraq,2007,,64.428,98.1,2.0,0.93,37.7,3128.99010329066
IRQ,Iraq,2008,,66.465,97.9,1.1,1.0,36.7,4542.96609046032
IRQ,Iraq,2009,,67.834,98.1,1.2,1.06,35.6,3714.71205987194
IRQ,Iraq,2010,,68.092,98.4,1.7,2.5,34.5,4461.75196161555
IRQ,Iraq,2011,,68.435,98.0,1.1,5.0,33.4,5775.54229080293
IRQ,Iraq,2012,77.1999969482422,68.827,99.3,1.3,7.099999905,32.4,6477.59618450955
IRQ,Iraq,2013,,69.047,99.0,1.5,9.199999809,31.3,6650.35282247395
IRQ,Iraq,2014,82.1999969482422,69.679,99.2,1.0,11.6453267304545,30.3,6249.39226978969
IRQ,Iraq,2015,,69.977,99.4,0.8,15.21440029,29.3,4440.14189252367
IRQ,Iraq,2016,83.3000030517578,68.683,99.7,0.9,19.87719917,28.4,4334.42096404188
IRQ,Iraq,2017,85.5999984741211,69.788,99.9,0.5,25.96920013,27.5,4759.2846435467
IRQ,Iraq,2018,,71.116,99.9,0.5,33.92810059,26.5,5646.68932074742
IRQ,Iraq,2019,,71.245,100.0,0.9,44.3263465511579,25.7,5671.8568632942
IRQ,Iraq,2020,,69.651,100.0,1.1,53.67779922,24.9,4295.18945121228
IRQ,Iraq,2021,84.0648941705243,70.704,100.0,1.1,65.00219727,24.0,4868.49431080783
IRQ,Iraq,2022,,72.037,100.0,,78.71560926,23.3,6520.73154560584
IRQ,Iraq,2023,,72.324,100.0,,81.80889893,22.5,5965.31835077761
ISL,Iceland,2005,,81.5024390243902,100.0,62.7,87.0,3.1,57783.7745608117
ISL,Iceland,2006,,81.1585365853659,100.0,64.2,89.51,2.9,58172.1426656622
ISL,Iceland,2007,,81.4536585365854,100.0,67.6,90.6,2.8,70483.0117228535
ISL,Iceland,2008,,81.609756097561,100.0,74.0,91.0,2.8,57489.3399795216
ISL,Iceland,2009,,81.7512195121951,100.0,74.7,93.0,2.7,41483.7843682814
ISL,Iceland,2010,,81.8975609756097,100.0,76.0,93.39,2.7,43776.4677400475
ISL,Iceland,2011,,82.3585365853659,100.0,77.1,94.8196868008949,2.6,48254.953927254
ISL,Iceland,2012,,82.9170731707317,100.0,77.7,96.2097995545657,2.6,46594.9869146614
ISL,Iceland,2013,,82.0609756097561,100.0,76.8,96.5468,2.6,50173.3360061057
ISL,Iceland,2014,,82.8609756097561,100.0,77.6,98.1580233097118,2.6,55140.364935793
ISL,Iceland,2015,,82.4682926829268,100.0,78.0,98.19999695,2.6,53505.6964079339
ISL,Iceland,2016,,82.2048780487805,100.0,80.9,98.23999786,2.6,62854.0906407932
ISL,Iceland,2017,,82.6609756097561,100.0,80.8,98.2552011867973,2.7,72976.3729990975
ISL,Iceland,2018,,82.8609756097561,100.0,81.4,99.0109539916991,2.7,75633.8651351915
ISL,Iceland,2019,,83.1634146341463,100.0,81.7,99.5049411693787,2.8,69296.3144361601
ISL,Iceland,2020,,83.0634146341463,100.0,82.9,99.5327519,2.8,60127.9393575616
ISL,Iceland,2021,,83.1658536585366,100.0,82.4,99.68701957,2.9,70425.4064277273
ISL,Iceland,2022,,82.119512195122,100.0,,97.58339691,2.9,76376.9599334915
ISL,Iceland,2023,,82.4560975609756,100.0,,97.94860077,2.9,82201.2908518078
ISR,Israel,2005,,80.1512195121951,100.0,7.0,25.19400024,5.6,21261.7474251846
ISR,Israel,2006,,80.5536585365854,100.0,6.9,27.8810997,5.3,22499.7541717986
ISR,Israel,2007,,80.5048780487805,100.0,6.7,48.1280621948445,5.1,25688.901610248
ISR,Israel,2008,,80.9512195121951,100.0,8.9,59.39,4.9,30231.0191013609
ISR,Israel,2009,,81.4048780487805,100.0,8.5,63.12,4.7,28469.6817348489
ISR,Israel,2010,,81.6024390243903,100.0,8.6,67.5,4.6,31398.9266927022
ISR,Israel,2011,,81.6560975609756,100.0,9.1,68.8738779907441,4.4,34476.7252065949
ISR,Israel,2012,,81.7048780487805,100.0,2.9,70.8,4.3,33268.7066672115
ISR,Israel,2013,,82.0560975609756,100.0,3.3,70.250311945,4.1,36980.622214228
ISR,Israel,2014,,82.1536585365854,100.0,3.7,75.0177531628076,4.0,38265.3651949373
ISR,Israel,2015,,82.0512195121951,100.0,3.7,77.3520896572253,3.9,36138.13561386
ISR,Israel,2016,,82.4073170731707,100.0,4.0,79.6531241815281,3.8,37571.2561196275
ISR,Israel,2017,,82.5512195121951,100.0,3.9,81.5811835871611,3.7,41013.2575323519
ISR,Israel,2018,,82.8024390243903,100.0,3.8,83.7331569615326,3.7,42269.3770257585
ISR,Israel,2019,,82.8048780487805,100.0,4.5,86.7878776180583,3.6,44091.8678022544
ISR,Israel,2020,,82.6487804878049,100.0,5.6,90.12734091,3.5,44590.8237253282
ISR,Israel,2021,,82.5,100.0,6.2,90.29689758,3.5,52258.4693499398
ISR,Israel,2022,,82.7,100.0,,91.85079615,3.4,54947.2091250715
ISR,Israel,2023,,83.1951219512195,100.0,,87.03842615,3.4,52126.4489280033
ITA,Italy,2005,,80.7829268292683,100.0,6.7,35.0,4.5,32062.723833669
ITA,Italy,2006,,81.2829268292683,100.0,7.5,37.99,4.3,33537.1286994269
ITA,Italy,2007,,81.4341463414634,100.0,8.7,40.79,4.2,37826.1754554823
ITA,Italy,2008,,81.4853658536585,100.0,10.8,44.53,4.1,40828.5795580937
ITA,Italy,2009,,81.6365853658537,100.0,12.5,48.83,4.1,37099.6133958219
ITA,Italy,2010,,82.0365853658537,100.0,12.8,53.68,4.0,35856.8625485539
ITA,Italy,2011,98.8499984741211,82.1878048780488,100.0,11.9,54.3899983018814,3.9,38432.3742820019
ITA,Italy,2012,,82.2390243902439,100.0,14.4,55.829997993283,3.8,34854.3949441965
ITA,Italy,2013,,82.690243902439,100.0,16.3,58.4593,3.7,35701.6746002376
ITA,Italy,2014,,83.090243902439,100.0,17.1,55.6384602242293,3.6,36028.3494022349
ITA,Italy,2015,,82.5439024390244,100.0,16.6,58.1417349568747,3.5,30639.8829751432
ITA,Italy,2016,,83.2439024390244,100.0,16.1,61.3242527666303,3.4,31391.5692898108
ITA,Italy,2017,,82.9463414634147,100.0,16.4,63.0773469984291,3.3,32844.115660604
ITA,Italy,2018,,83.3463414634146,100.0,17.1,74.3871829234822,3.2,35062.3364176949
ITA,Italy,2019,99.3499984741211,83.4975609756098,100.0,17.3,67.8507102874836,3.1,33812.788724868
ITA,Italy,2020,,82.1951219512195,100.0,18.7,70.48342785,3.0,32091.4866621366
ITA,Italy,2021,,82.6463414634146,100.0,17.5,74.8623274,2.9,36852.5425414951
ITA,Italy,2022,,82.7,100.0,,85.06074504,2.8,35653.9042103495
ITA,Italy,2023,,83.3512195121951,100.0,,87.0278292,2.8,39279.699782164
JAM,Jamaica,2005,,71.493,88.0,5.4,12.80000019,19.1,4184.43974867497
JAM,Jamaica,2006,,71.395,88.7,4.8,16.39999962,19.1,4417.00127135363
JAM,Jamaica,2007,,71.405,89.4,5.3,21.10000038,19.1,4716.48612542727
JAM,Jamaica,2008,,71.502,92.0,5.9,23.6,19.1,5029.80095281745
JAM,Jamaica,2009,,71.717,91.0,7.4,24.3,19.1,4428.38153333557
JAM,Jamaica,2010,,71.979,92.2,8.9,27.67,19.0,4809.977380312
JAM,Jamaica,2011,,72.245,91.1,9.8,37.438613414848,19.0,5232.63644918132
JAM,Jamaica,2012,,72.405,93.1,12.2,33.79,18.9,5340.83333232158
JAM,Jamaica,2013,,72.435,93.9,11.4,37.1,18.9,5124.21301411137
JAM,Jamaica,2014,,72.357,93.3,11.9,40.4027351046672,18.8,4975.11325459872
JAM,Jamaica,2015,,72.214,94.9,12.1,42.2212211907441,18.7,5339.30718256806
JAM,Jamaica,2016,,72.052,96.6,11.1,44.3668563671334,18.7,5302.29553353854
JAM,Jamaica,2017,,71.879,97.4,11.0,55.0720670507751,18.7,5605.43541173019
JAM,Jamaica,2018,,71.606,98.2,8.9,68.2145170876072,18.7,5976.90362644337
JAM,Jamaica,2019,,71.532,98.9,9.2,70.8410169743356,18.8,6030.68896415921
JAM,Jamaica,2020,,71.452,99.7,11.7,76.38400269,18.7,5299.04530804283
JAM,Jamaica,2021,,69.085,100.0,10.5,82.36071561,18.6,5625.67806271236
JAM,Jamaica,2022,,71.481,100.0,,85.84329987,18.4,6626.47502388538
JAM,Jamaica,2023,,71.479,97.7,,89.47304282,18.1,7542.39855849054
JOR,Jordan,2005,91.129997253418,72.977,99.0,1.7,12.93290043,22.0,2087.87079273635
JOR,Jordan,2006,,73.225,100.0,2.3,13.86709976,21.3,2342.63459574933
JOR,Jordan,2007,92.1999969482422,73.407,98.8,2.3,20.0,20.7,2506.20599484139
JOR,Jordan,2008,,73.563,100.0,2.7,23.0,20.1,3669.83012701745
JOR,Jordan,2009,,73.707,99.4,2.8,26.0,19.5,3845.34388086274
JOR,Jordan,2010,92.5500030517578,73.797,100.0,3.0,27.2,18.9,4139.04283161368
JOR,Jordan,2011,95.9000015258789,73.929,99.6,3.0,34.9,18.4,4363.42800211536
JOR,Jordan,2012,97.8899993896484,74.087,99.5,2.9,37.0,17.9,4593.83609729005
JOR,Jordan,2013,,74.282,99.7,3.1,41.4,17.4,4739.02253641778
JOR,Jordan,2014,,74.606,99.8,3.1,46.2,17.0,4610.60460269382
JOR,Jordan,2015,,75.06,99.9,3.2,54.22000122,16.5,4441.61896013754
JOR,Jordan,2016,,75.55,100.0,4.7,56.15000153,16.1,4366.06999647268
JOR,Jordan,2017,,76.071,100.0,5.3,64.5,15.7,4449.34618076611
JOR,Jordan,2018,95.4300003051758,76.491,99.9,7.2,65.2,15.3,4533.97658437205
JOR,Jordan,2019,,76.865,99.9,8.5,70.08470154,14.9,4557.79334729121
JOR,Jordan,2020,,75.583,99.9,10.7,78.4178009,14.5,4411.48321838396
JOR,Jordan,2021,,74.204,99.9,11.5,85.999997,14.1,4581.71967230365
JOR,Jordan,2022,,77.088,100.0,,90.4999984,13.7,4754.41362207378
JOR,Jordan,2023,94.8499984741211,77.814,100.0,,92.53443944,13.3,4906.23543006639
JPN,Japan,2005,,81.9551219512195,100.0,4.0,66.9210661042901,3.7,38158.6758263963
JPN,Japan,2006,,82.3219512195122,100.0,4.4,68.6852703213795,3.6,36354.4271646349
JPN,Japan,2007,,82.5070731707317,100.0,4.3,74.3,3.5,36129.9535132925
JPN,Japan,2008,,82.5875609756098,100.0,4.4,75.4,3.4,40294.2081309702
JPN,Japan,2009,,82.9314634146342,100.0,4.5,78.0,3.4,41678.1783063195
JPN,Japan,2010,,82.8426829268293,100.0,4.7,78.21,3.3,45378.1378109399
JPN,Japan,2011,,82.5912195121951,100.0,4.8,79.0541135244739,3.3,49122.077634247
JPN,Japan,2012,,83.0960975609756,100.0,4.7,79.4964,3.1,49626.6830327571
JPN,Japan,2013,,83.3319512195122,100.0,5.0,88.219428911,3.0,41369.1948479498
JPN,Japan,2014,,83.5878048780488,100.0,5.6,89.1068330166075,2.9,39172.8471161948
JPN,Japan,2015,,83.7939024390244,100.0,6.2,91.0580283929962,2.8,35664.6446110613
JPN,Japan,2016,,83.9848780487805,100.0,6.4,93.1827212821617,2.7,40214.9688631562
JPN,Japan,2017,,84.099756097561,100.0,6.9,91.7265472366635,2.6,39679.8635262948
JPN,Japan,2018,,84.2109756097561,100.0,7.3,88.7463508901772,2.5,40645.478086519
JPN,Japan,2019,,84.3563414634146,100.0,7.8,92.7303978145525,2.5,41424.8655601543
JPN,Japan,2020,,84.56,100.0,8.5,90.21945812,2.4,41098.9739004553
JPN,Japan,2021,,84.4456097560976,100.0,8.8,82.91407928,2.4,41580.739040705
JPN,Japan,2022,,83.9963414634146,100.0,,84.92343147,2.4,35548.2645222433
JPN,Japan,2023,,84.0412195121951,100.0,,85.00990295,2.4,35215.003535366
KAZ,Kazakhstan,2005,,65.356,100.0,2.1,2.961699963,31.0,3577.35804001782
KAZ,Kazakhstan,2006,,65.722,99.8,2.1,3.268399954,28.9,5030.13494711519
KAZ,Kazakhstan,2007,,66.18,100.0,1.8,4.02,26.8,6449.43931096532
KAZ,Kazakhstan,2008,,66.759,100.0,1.1,11.0,24.7,8123.54705891736
KAZ,Kazakhstan,2009,99.7300033569336,67.46,100.0,1.3,18.2,22.5,6938.01175663001
KAZ,Kazakhstan,2010,,68.257,100.0,1.4,31.6,20.4,8793.07589980782
KAZ,Kazakhstan,2011,,69.108,99.8,1.4,50.6,18.3,11287.1464926039
KAZ,Kazakhstan,2012,,69.939,100.0,1.3,61.9066274652008,16.3,12018.7966527993
KAZ,Kazakhstan,2013,,70.719,100.0,1.2,63.30422443,14.5,13478.459627612
KAZ,Kazakhstan,2014,,71.415,100.0,1.3,66.0,13.0,12427.7094576939
KAZ,Kazakhstan,2015,,72.024,100.0,1.7,70.82993359566,11.9,10196.1226255982
KAZ,Kazakhstan,2016,,72.549,100.0,2.1,74.5877264735738,11.0,7475.56688689424
KAZ,Kazakhstan,2017,,72.996,100.0,2.0,76.4267482325439,10.5,8943.08416791984
KAZ,Kazakhstan,2018,,73.369,100.0,1.9,78.9039190578816,10.3,9472.48527327758
KAZ,Kazakhstan,2019,,73.658,100.0,1.9,81.8776204746284,10.2,9457.12614657136
KAZ,Kazakhstan,2020,,71.195,100.0,1.8,85.94259898,10.1,8781.50797787648
KAZ,Kazakhstan,2021,,70.131,100.0,2.0,90.9239507,10.0,9983.60103576902
KAZ,Kazakhstan,2022,,73.503,100.0,,92.29685266,9.8,11255.3396437881
KAZ,Kazakhstan,2023,,74.402,100.0,,92.87846096,9.6,12879.4275257974
KEN,Kenya,2005,,58.51,24.5,79.2,3.101900101,71.2,523.456312433863
KEN,Kenya,2006,,59.059,26.4,77.6,3.599999905,66.8,699.80237063381
KEN,Kenya,2007,,59.407,28.3,78.2,4.400000095,62.9,840.201439476765
KEN,Kenya,2008,,59.955,30.3,78.2,5.199999809,58.0,915.54435473604
KEN,Kenya,2009,,60.483,23.0,75.6,6.1,55.2,1047.9678324485
KEN,Kenya,2010,,60.915,19.2,74.0,7.2,53.1,1091.51873101194
KEN,Kenya,2011,,61.283,36.2,74.7,8.800000191,51.7,1096.14499807675
KEN,Kenya,2012,,61.537,38.1,76.2,10.5,50.7,1285.00536171512
KEN,Kenya,2013,,61.729,40.1,74.3,13.0,49.4,1370.87885214659
KEN,Kenya,2014,,61.99,36.0,71.8,16.5,48.3,1482.81566253497
KEN,Kenya,2015,,62.279,41.6,69.2,16.5878548475992,46.8,1489.11959777284
KEN,Kenya,2016,,62.526,53.1,68.3,16.6,45.5,1554.12610314423
KEN,Kenya,2017,,62.725,55.8,68.1,17.82710075,44.7,1667.48447230835
KEN,Kenya,2018,,62.825,61.2,68.7,19.5,43.7,1836.45275528993
KEN,Kenya,2019,,62.939,69.7,68.1,22.6687733618171,42.7,1960.40808854893
KEN,Kenya,2020,,61.596,71.5,69.0,24.7227993,42.1,1927.66459027849
KEN,Kenya,2021,,61.225,76.5,67.7,26.96290016,41.3,2061.35622089594
KEN,Kenya,2022,,63.549,76.0,,29.40589905,40.5,2109.56288513137
KEN,Kenya,2023,,63.646,76.2,,32.07040024,39.6,1942.58802756191
KGZ,Kyrgyz Republic,2005,,67.9560975609756,99.4,28.0,10.53380013,39.2,476.548193640077
KGZ,Kyrgyz Republic,2006,,67.6951219512195,98.9,27.8,12.30690002,37.6,543.113512472219
KGZ,Kyrgyz Republic,2007,,67.8951219512195,99.5,24.5,14.03,35.9,721.771577544361
KGZ,Kyrgyz Republic,2008,,68.4512195121951,99.5,22.0,15.69999981,33.8,966.388569370494
KGZ,Kyrgyz Republic,2009,99.2399978637695,69.1024390243903,99.5,24.7,16.0,31.6,870.198894546917
KGZ,Kyrgyz Republic,2010,,69.3,99.0,25.6,16.29999924,29.5,876.954476440354
KGZ,Kyrgyz Republic,2011,,69.6024390243903,98.3,26.0,17.5,27.6,1117.40174350185
KGZ,Kyrgyz Republic,2012,,70.0024390243902,99.8,22.4,19.79999924,26.0,1168.62244675446
KGZ,Kyrgyz Republic,2013,,70.2024390243902,98.9,24.8,23.0,24.7,1269.66303464348
KGZ,Kyrgyz Republic,2014,,70.4024390243902,99.8,26.6,28.29999924,23.5,1264.52668823891
KGZ,Kyrgyz Republic,2015,,70.6512195121951,98.7,23.5,30.24699974,22.3,1105.65193844261
KGZ,Kyrgyz Republic,2016,,70.9512195121951,99.7,22.2,40.52619934,21.1,1103.27489428412
KGZ,Kyrgyz Republic,2017,,71.2,100.0,24.7,50.80530167,20.0,1221.39046807082
KGZ,Kyrgyz Republic,2018,,71.4,100.0,23.4,62.8,19.0,1283.5203037417
KGZ,Kyrgyz Republic,2019,,71.6,99.9,28.3,64.1,18.3,1421.99927504102
KGZ,Kyrgyz Republic,2020,,71.8,99.9,30.0,72.0,17.8,1229.51766602907
KGZ,Kyrgyz Republic,2021,,71.9,99.7,27.6,77.11769867,17.5,1349.99730650542
KGZ,Kyrgyz Republic,2022,,72.0487804878049,99.7,,84.1937027,17.3,1739.72018344174
KGZ,Kyrgyz Republic,2023,,72.2487804878049,100.0,,91.04440308,17.0,2138.22210211478
KHM,Cambodia,2005,,64.113,20.5,79.2,0.317321781089656,64.4,525.797325120926
KHM,Cambodia,2006,,64.886,27.5,78.0,0.468400002,59.3,612.252648550727
KHM,Cambodia,2007,,65.549,20.2,74.8,0.49,54.9,731.692295125426
KHM,Cambodia,2008,76.870002746582,66.147,26.4,74.1,0.51,50.8,866.283999789749
KHM,Cambodia,2009,76.1399993896484,66.747,25.6,68.0,0.53,47.0,875.748936193569
KHM,Cambodia,2010,,67.311,31.1,64.8,1.26,43.5,952.274616324008
KHM,Cambodia,2011,,67.869,37.4,64.0,3.099999905,40.3,1088.98152823081
KHM,Cambodia,2012,,68.371,42.3,64.4,4.94,37.2,1192.80263041673
KHM,Cambodia,2013,79.6500015258789,68.755,50.9,65.0,6.0,34.5,1305.6600972686
KHM,Cambodia,2014,78.0599975585938,69.117,56.1,63.7,14.0,32.0,1431.56396469993
KHM,Cambodia,2015,80.5299987792969,69.398,62.7,60.6,6.43319107021405,29.6,1547.32010444393
KHM,Cambodia,2016,,69.635,68.8,58.0,32.3984517141849,27.5,1675.19555711109
KHM,Cambodia,2017,,69.842,89.1,56.3,32.9002785437986,25.6,1826.35391688754
KHM,Cambodia,2018,,69.993,80.7,58.1,65.0,24.1,2036.67377566578
KHM,Cambodia,2019,87.6600036621094,70.127,84.0,53.0,52.305878224498,22.8,2225.87705485686
KHM,Cambodia,2020,82.5510430822563,70.059,86.4,51.4,56.37590027,21.8,2081.73914242939
KHM,Cambodia,2021,71.9300003051758,69.301,82.5,52.4,60.76269913,20.8,2167.40324198499
KHM,Cambodia,2022,,70.528,92.3,,65.49079895,19.9,2325.03050040841
KHM,Cambodia,2023,,70.668,95.0,,68.92549896,19.1,2429.74853452838
KIR,Kiribati,2005,,65.517,69.7,48.5,4.0,60.1,1161.78341739977
KIR,Kiribati,2006,,65.601,68.8,48.1,4.5,59.7,1123.19258990684
KIR,Kiribati,2007,,65.677,67.7,48.4,6.0,59.2,1352.57814048911
KIR,Kiribati,2008,,65.746,69.4,49.7,7.0,58.7,1410.62246914058
KIR,Kiribati,2009,,65.808,64.2,50.4,8.97,58.2,1316.62753853678
KIR,Kiribati,2010,,65.859,63.2,50.1,9.07,57.7,1522.10068744154
KIR,Kiribati,2011,,65.896,74.9,50.5,10.0,57.5,1771.12926848792
KIR,Kiribati,2012,,65.908,76.7,48.7,10.74680042,57.4,1843.55336349889
KIR,Kiribati,2013,,65.898,78.8,46.2,11.5,57.7,1772.08718317132
KIR,Kiribati,2014,,65.869,83.4,48.0,12.25,58.0,1736.70535682101
KIR,Kiribati,2015,,65.831,90.6,47.5,14.89999962,58.6,1639.85274740652
KIR,Kiribati,2016,,65.799,92.6,48.1,19.41939926,59.1,1742.66799324117
KIR,Kiribati,2017,,65.787,85.7,42.5,25.30960083,59.6,1854.3326920967
KIR,Kiribati,2018,97.9599990844727,65.807,87.5,42.3,32.9864006,59.6,1915.56002581991
KIR,Kiribati,2019,,65.866,89.3,42.2,41.79299927,59.1,1750.24040333237
KIR,Kiribati,2020,98.6079816424987,65.205,91.0,42.2,52.95090103,58.3,1751.87199542272
KIR,Kiribati,2021,,64.148,92.8,42.2,67.08760071,57.2,2223.54147866465
KIR,Kiribati,2022,,66.269,94.4,41.9,84.99849701,55.9,2078.7648751855
KIR,Kiribati,2023,,66.473,95.9,,88.0,54.5,2200.68918614289
KNA,St. Kitts and Nevis,2005,,71.151,96.5,25.3,34.0,19.7,11783.7867154145
KNA,St. Kitts and Nevis,2006,,71.356,96.7,0.0,38.5,19.2,13837.8495311219
KNA,St. Kitts and Nevis,2007,,71.437,97.0,0.0,43.5,18.9,14757.9579751035
KNA,St. Kitts and Nevis,2008,,71.479,97.3,0.0,49.20000076,18.8,16604.9448615905
KNA,St. Kitts and Nevis,2009,,71.488,97.6,0.0,55.70000076,18.7,16503.4119292794
KNA,St. Kitts and Nevis,2010,,71.452,99.8,1.0,63.0,18.8,16622.9457908577
KNA,St. Kitts and Nevis,2011,,71.4,100.0,0.9,63.20000076,18.9,17832.4572919975
KNA,St. Kitts and Nevis,2012,,71.362,100.0,1.3,64.0,19.1,17532.0559008608
KNA,St. Kitts and Nevis,2013,,71.29,100.0,1.4,64.59999847,19.3,18580.1301949935
KNA,St. Kitts and Nevis,2014,,71.228,100.0,1.6,65.38179779,19.4,20219.3954237956
KNA,St. Kitts and Nevis,2015,,71.211,100.0,1.6,66.17310333,19.4,20328.8003530109
KNA,St. Kitts and Nevis,2016,,71.227,100.0,1.7,66.97389984,19.3,21387.5415511103
KNA,St. Kitts and Nevis,2017,,71.284,100.0,1.3,67.78440094,19.0,22464.9899633959
KNA,St. Kitts and Nevis,2018,,71.336,100.0,1.3,68.60479736,18.6,22901.3816403197
KNA,St. Kitts and Nevis,2019,,71.54,100.0,1.3,69.43499756,18.2,23595.4923231291
KNA,St. Kitts and Nevis,2020,,71.181,100.0,1.6,70.27529907,17.8,18859.0190361046
KNA,St. Kitts and Nevis,2021,,69.271,100.0,1.6,74.37159729,17.3,18361.1449697886
KNA,St. Kitts and Nevis,2022,,70.313,100.0,1.5,75.76229858,16.8,21011.5744209816
KNA,St. Kitts and Nevis,2023,,72.145,100.0,,76.58950043,16.4,22576.9248439166
KOR,"Korea, Rep.",2005,,78.1682926829268,100.0,0.9,73.5,5.6,20167.0474902506
KOR,"Korea, Rep.",2006,,78.6682926829268,100.0,0.9,78.1,5.2,22609.7059431449
KOR,"Korea, Rep.",2007,,79.119512195122,100.0,1.0,78.8,4.8,25078.4853957105
KOR,"Korea, Rep.",2008,97.9700012207031,79.5170731707317,100.0,1.1,81.0,4.5,22252.3125108061
KOR,"Korea, Rep.",2009,,79.9682926829268,100.0,1.2,81.6,4.3,19937.3029137734
KOR,"Korea, Rep.",2010,,80.1170731707317,100.0,1.3,83.7,4.1,24071.2620526362
KOR,"Korea, Rep.",2011,,80.5682926829269,100.0,1.4,83.7591201534472,4.0,26175.2398553363
KOR,"Korea, Rep.",2012,,80.819512195122,100.0,1.6,84.07,3.8,26600.5477433903
KOR,"Korea, Rep.",2013,,81.2707317073171,100.0,1.9,84.77,3.7,28449.3591104972
KOR,"Korea, Rep.",2014,,81.7219512195122,100.0,2.9,87.5568264944747,3.6,30667.0912467447
KOR,"Korea, Rep.",2015,,82.0243902439024,100.0,2.7,89.8962557995106,3.5,30171.7906545222
KOR,"Korea, Rep.",2016,,82.2756097560976,100.0,2.6,92.8430256796075,3.4,30832.0628072516
KOR,"Korea, Rep.",2017,,82.6268292682927,100.0,2.8,95.0694218761004,3.3,33296.9845439195
KOR,"Korea, Rep.",2018,,82.6268292682927,100.0,3.2,96.0228595797887,3.2,35363.9508228687
KOR,"Korea, Rep.",2019,,83.2268292682927,100.0,3.2,96.157579184239,3.1,33826.9443301597
KOR,"Korea, Rep.",2020,,83.4268292682927,100.0,3.6,96.50506052,3.1,33645.7719545073
KOR,"Korea, Rep.",2021,,83.5268292682927,100.0,3.6,97.57132698,3.0,37518.4635305697
KOR,"Korea, Rep.",2022,,82.6804878048781,100.0,,97.16855335,2.9,34822.4048404971
KOR,"Korea, Rep.",2023,,83.4292682926829,100.0,,97.41597478,2.9,35674.095995632
KWT,Kuwait,2005,93.2699966430664,76.8007804878049,100.0,0.0,25.92609978,11.8,36122.6142741227
KWT,Kuwait,2006,93.2799987792969,76.8876829268293,100.0,0.0,28.79120064,11.6,42946.6374104066
KWT,Kuwait,2007,93.6600036621094,77.0101707317073,100.0,0.0,34.79999924,11.4,45709.4132876371
KWT,Kuwait,2008,93.9000015258789,77.1890487804878,100.0,0.0,42.0,11.2,55585.1889344442
KWT,Kuwait,2009,,77.4333658536585,100.0,0.0,50.79999924,11.0,37907.1001320042
KWT,Kuwait,2010,94.4700012207031,77.7262195121951,100.0,0.0,61.40000153,10.7,39212.252220155
KWT,Kuwait,2011,,78.052243902439,100.0,0.0,65.7690706867398,10.3,49169.6063813095
KWT,Kuwait,2012,95.5100021362305,78.3950243902439,100.0,0.0,70.44999695,10.0,52155.2225833921
KWT,Kuwait,2013,95.5899963378906,78.7418048780488,100.0,0.0,75.45999908,9.6,49651.0439275077
KWT,Kuwait,2014,,79.0803414634146,100.0,0.0,78.69999695,9.3,44368.7813457751
KWT,Kuwait,2015,95.6900024414062,79.3765609756098,100.0,0.0,82.0,9.1,29882.2126495698
KWT,Kuwait,2016,,79.6775853658537,100.0,0.0,85.59999847,9.0,27323.6890735517
KWT,Kuwait,2017,96.0400009155273,79.9160731707317,100.0,0.0,97.9999893344615,8.9,29047.6536135703
KWT,Kuwait,2018,96.0599975585938,80.1063658536585,100.0,0.0,99.5988495907557,8.9,32067.9623756889
KWT,Kuwait,2019,,81.969756097561,100.0,0.1,99.5426764518489,8.9,31707.8737443551
KWT,Kuwait,2020,96.4599990844727,78.7609756097561,100.0,0.1,99.10587017,8.8,25236.0755848941
KWT,Kuwait,2021,,78.7365853658537,100.0,0.1,99.7,8.7,34018.6342592913
KWT,Kuwait,2022,,80.5878048780488,100.0,,99.74729919,8.6,39981.7691035833
KWT,Kuwait,2023,,83.1878048780488,100.0,,99.74731125,8.4,34091.9714813002
LAC,Latin America & Caribbean (excluding high income),2005,89.9100036621094,72.2728732661841,93.3363923210281,29.0811513732994,16.2,26.1516836669544,4984.72783651475
LAC,Latin America & Caribbean (excluding high income),2006,90.0599975585938,72.547009904381,94.0541891151959,29.1070203496388,20.4,25.0465562706623,5770.60290833363
LAC,Latin America & Caribbean (excluding high income),2007,90.8899993896484,72.7789303182258,94.3168452277057,29.3016422221868,23.3,24.048301894126,6758.18967480352
LAC,Latin America & Caribbean (excluding high income),2008,91.2099990844727,72.9784448770196,95.0995151940561,29.3729295120062,25.9,23.0910646876721,7812.5897626227
LAC,Latin America & Caribbean (excluding high income),2009,91.4100036621094,73.1637293630776,95.2709919426467,30.2607803843605,30.3,22.2837116620653,7221.64357521268
LAC,Latin America & Caribbean (excluding high income),2010,91.3600006103516,73.1176199242098,95.7501138301396,29.3767775506778,34.0,23.0719253457918,8899.0906686542
LAC,Latin America & Caribbean (excluding high income),2011,92.1900024414062,73.6572563740251,96.0646341819472,28.7011302255696,38.7,20.8103918479881,10025.1749134261
LAC,Latin America & Caribbean (excluding high income),2012,92.5199966430664,73.9046419624981,96.4460399311427,28.0419793983269,42.1,20.167814815645,9967.79376326951
LAC,Latin America & Caribbean (excluding high income),2013,92.5100021362305,74.1119744203538,96.7727703657333,27.7875791624106,45.1,19.5785825323383,9901.44144000481
LAC,Latin America & Caribbean (excluding high income),2014,92.9800033569336,74.2961500729974,96.9511899456544,27.8888829813823,47.7,19.0550458732845,9758.39172353217
LAC,Latin America & Caribbean (excluding high income),2015,93.1100006103516,74.4738475625624,97.1998388366848,28.4779962097861,53.3,18.6401025520998,8087.33242325425
LAC,Latin America & Caribbean (excluding high income),2016,93.5599975585938,74.3981617062286,97.3895317965432,29.1948567179388,56.4,18.8642166926167,7751.59336930245
LAC,Latin America & Caribbean (excluding high income),2017,93.6100006103516,74.5563362550727,97.6345956572633,29.7622014930472,59.2,18.0910253911405,8568.05689042807
LAC,Latin America & Caribbean (excluding high income),2018,93.8099975585938,74.7784467692697,97.6720041771543,30.6220212475155,62.6,17.6665057888331,8231.91428708974
LAC,Latin America & Caribbean (excluding high income),2019,93.9899978637695,74.9415412899456,97.9267480324862,31.0995992132705,67.9,17.2871498011787,8006.02224102566
LAC,Latin America & Caribbean (excluding high income),2020,94.0500030517578,72.8521491389008,98.0726539787735,34.8009281991427,73.3,16.9935152165814,6651.15822114273
LAC,Latin America & Caribbean (excluding high income),2021,94.2399978637695,71.442251113131,98.2080478765579,,75.3,16.6106091323366,7694.61136917625
LAC,Latin America & Caribbean (excluding high income),2022,94.4300003051758,74.4013120327618,98.5332606972821,,76.6,16.2946960724099,8838.67169511547
LAC,Latin America & Caribbean (excluding high income),2023,94.5800018310547,75.3619658099591,98.348001499771,,79.7,15.9236740042292,9891.4632795533
LAO,Lao PDR,2005,72.6999969482422,60.688,57.2,73.9,0.850399971,77.7,466.061506997741
LAO,Lao PDR,2006,,61.074,57.0,69.8,1.16989994,73.5,579.391947440719
LAO,Lao PDR,2007,,61.694,55.0,70.7,1.64,69.5,697.323013673925
LAO,Lao PDR,2008,,62.248,66.0,69.3,3.55,65.5,885.747376088762
LAO,Lao PDR,2009,,63.023,67.4,66.4,6.0,61.8,935.03237283283
LAO,Lao PDR,2010,,63.69,70.2,64.8,7.0,58.4,1125.91610151261
LAO,Lao PDR,2011,,64.505,70.0,63.6,9.0,55.1,1361.54704394913
LAO,Lao PDR,2012,,65.126,76.4,62.4,10.74769974,52.1,1563.5650771337
LAO,Lao PDR,2013,,65.723,79.3,58.6,12.5,49.4,1812.51774424651
LAO,Lao PDR,2014,,66.35,82.5,58.2,14.26000023,46.8,1981.03910900473
LAO,Lao PDR,2015,84.6600036621094,66.688,89.7,53.3,18.20000076,44.4,2121.01339097363
LAO,Lao PDR,2016,,67.014,89.0,51.7,21.87000084,42.2,2303.22156035363
LAO,Lao PDR,2017,73.7200012207031,67.345,93.6,50.6,25.51040077,40.2,2432.43059478511
LAO,Lao PDR,2018,,67.594,92.9,50.2,36.27130127,38.3,2545.1075420815
LAO,Lao PDR,2019,,67.911,98.4,50.5,47.03229904,36.5,2589.32081035237
LAO,Lao PDR,2020,,68.339,99.3,50.6,54.0,34.8,2583.77730696131
LAO,Lao PDR,2021,,67.807,100.0,51.5,62.0,33.2,2526.05105018529
LAO,Lao PDR,2022,,68.715,100.0,49.2,64.54000092,31.8,2046.40440255621
LAO,Lao PDR,2023,75.6399993896484,68.964,96.5,,64.39800262,30.5,2066.94979776957
LBN,Lebanon,2005,,76.074,99.2,6.4,10.14000034,15.3,4602.19804637945
LBN,Lebanon,2006,,75.677,99.4,6.4,15.0,14.6,4635.2514117486
LBN,Lebanon,2007,89.6100006103516,76.732,97.8,7.3,18.74,14.1,5125.25809960149
LBN,Lebanon,2008,,76.956,99.9,5.1,22.53,13.6,5912.04532820842
LBN,Lebanon,2009,91.1800003051758,77.262,99.3,4.3,30.13999939,13.2,7090.85493856621
LBN,Lebanon,2010,,77.529,99.5,5.7,43.68000031,13.0,7625.81051551165
LBN,Lebanon,2011,,77.768,99.7,6.2,52.0,12.8,7834.96257108993
LBN,Lebanon,2012,,77.941,99.5,5.6,61.24980164,12.7,8406.98405608118
LBN,Lebanon,2013,,78.037,99.6,5.9,70.5,12.7,8162.37929361396
LBN,Lebanon,2014,,78.148,99.7,4.2,73.0,12.8,7577.6413302369
LBN,Lebanon,2015,,78.275,99.7,4.2,74.0,12.9,7714.1099998804
LBN,Lebanon,2016,,78.306,99.8,4.0,76.11000061,13.2,8089.012088155
LBN,Lebanon,2017,,78.192,99.9,4.0,78.18080139,13.5,8608.21084982387
LBN,Lebanon,2018,92.6699981689453,78.263,99.7,4.7,80.90000153,14.0,9174.53666204759
LBN,Lebanon,2019,92.0099744752418,78.208,100.0,5.1,81.48120117,14.5,8905.88005497437
LBN,Lebanon,2020,,76.299,100.0,6.3,82.0664978,15.1,5561.19166950397
LBN,Lebanon,2021,,73.65,100.0,6.8,82.65599823,15.7,4045.37391066234
LBN,Lebanon,2022,,78.003,100.0,,81.46479797,16.3,3654.35845534878
LBN,Lebanon,2023,,77.817,100.0,,81.7059021,17.0,3477.72489842684
LBR,Liberia,2005,,56.765,,87.8,0.551400006,134.9,287.487333441381
LBR,Liberia,2006,,57.495,,87.6,0.529999971,126.5,320.55808618515
LBR,Liberia,2007,,58.147,3.0,89.8,0.551400006,119.6,374.211308104278
LBR,Liberia,2008,,58.675,1.3,91.8,0.529999971,114.0,451.713856283285
LBR,Liberia,2009,,59.106,1.9,91.8,2.0,109.5,448.386367025545
LBR,Liberia,2010,59.4030316392756,59.358,5.3,88.6,2.3,105.7,492.252808033724
LBR,Liberia,2011,,59.486,4.1,87.1,2.5,102.4,568.087865520004
LBR,Liberia,2012,,59.785,9.3,86.2,2.599999905,99.5,638.368751462083
LBR,Liberia,2013,,59.992,9.8,87.5,3.200000048,97.0,710.744570927863
LBR,Liberia,2014,,59.21,9.4,91.2,5.409999847,97.0,706.714490064507
LBR,Liberia,2015,,59.248,15.2,91.9,10.0,93.2,692.590082351257
LBR,Liberia,2016,,60.483,17.7,92.8,15.69999981,91.5,714.613063145659
LBR,Liberia,2017,,60.777,24.2,93.6,16.29999924,90.3,699.269095727404
LBR,Liberia,2018,,60.999,22.8,94.4,17.27770042,89.4,692.203127129794
LBR,Liberia,2019,,61.232,23.1,89.7,19.89579964,88.7,658.164180770507
LBR,Liberia,2020,,61.267,27.6,93.0,22.91069984,88.3,616.787867006715
LBR,Liberia,2021,,61.166,29.8,93.2,26.38229942,88.0,667.96610514319
LBR,Liberia,2022,,61.934,31.8,92.8,30.38010025,87.8,744.617175237387
LBR,Liberia,2023,,62.163,32.5,,31.22410011,87.3,799.194470229642
LBY,Libya,2005,,71.439,90.1,2.7,3.91779995,23.1,8079.24957329001
LBY,Libya,2006,,71.632,88.4,2.9,4.301099777,21.7,10048.8480434289
LBY,Libya,2007,,71.788,86.8,3.1,4.72199937850513,20.2,11144.9448413435
LBY,Libya,2008,,71.936,85.1,2.9,9.0,18.8,13906.1407818125
LBY,Libya,2009,,72.071,83.5,2.6,10.80000019,17.6,9551.05403869755
LBY,Libya,2010,,72.196,81.9,2.5,14.0,16.6,11600.9068649472
LBY,Libya,2011,,69.95,80.3,3.2,14.0,19.6,7593.8391525702
LBY,Libya,2012,,72.188,78.7,2.6,15.19999981,15.0,14975.8902795144
LBY,Libya,2013,,72.339,77.1,2.4,16.5,14.4,11951.7134126011
LBY,Libya,2014,,71.3,75.5,2.3,17.76000023,13.8,8926.42074591474
LBY,Libya,2015,,71.644,73.8,2.9,25.0,13.3,7458.48917756374
LBY,Libya,2016,,71.799,72.2,2.8,35.0,12.8,7525.80299308216
LBY,Libya,2017,,72.721,70.6,2.9,47.5,12.4,9965.83236729757
LBY,Libya,2018,,73.151,67.0,2.9,47.5,11.9,11196.5854810844
LBY,Libya,2019,,72.941,68.5,3.0,71.40409851,11.6,9963.19489084483
LBY,Libya,2020,,72.388,69.4,3.2,74.35810089,11.2,6650.33810585348
LBY,Libya,2021,,72.062,70.2,3.1,77.438797,10.8,4935.82787349801
LBY,Libya,2022,,74.462,70.0,,80.64720154,10.4,5986.63694851258
LBY,Libya,2023,,69.339,73.2,,82.10469818,31.7,6026.51518708812
LCA,St. Lucia,2005,,72.544,90.1,18.4,21.5675829464215,18.5,6863.43641919345
LCA,St. Lucia,2006,,72.794,90.9,16.9,24.5,18.6,7611.17856675319
LCA,St. Lucia,2007,,72.86,91.8,16.3,27.89999962,18.6,7964.38211480117
LCA,St. Lucia,2008,,72.963,92.7,15.5,30.0,18.7,8516.96075488787
LCA,St. Lucia,2009,,72.946,93.5,15.1,31.0,18.8,8250.52180732734
LCA,St. Lucia,2010,,72.768,94.2,13.2,32.5,18.8,8673.68720340529
LCA,St. Lucia,2011,,72.962,95.4,12.9,34.0,18.8,9128.99442011613
LCA,St. Lucia,2012,,72.86,95.3,12.4,45.865,18.8,9260.30006551714
LCA,St. Lucia,2013,,72.687,97.2,12.1,49.3871994,18.8,9577.21733754358
LCA,St. Lucia,2014,,72.676,98.1,11.7,53.17969894,18.8,10044.8218377677
LCA,St. Lucia,2015,,72.932,99.0,11.5,57.26330185,18.7,10334.9860823918
LCA,St. Lucia,2016,,72.552,99.8,11.2,58.22259903,18.6,10638.1269396653
LCA,St. Lucia,2017,,72.522,99.9,10.2,59.16009903,18.5,11333.1123822102
LCA,St. Lucia,2018,,72.655,100.0,10.2,60.11259842,18.4,11642.6984727769
LCA,St. Lucia,2019,,72.249,100.0,10.0,61.08050156,18.2,11764.3944032403
LCA,St. Lucia,2020,,72.308,100.0,10.0,62.06399918,18.1,8537.11495506727
LCA,St. Lucia,2021,,69.119,100.0,9.7,63.06330109,17.9,10481.1233971786
LCA,St. Lucia,2022,,72.67,100.0,9.7,66.95159912,17.7,12976.1489693474
LCA,St. Lucia,2023,,72.697,100.0,,67.44390106,17.5,13616.6397593734
LCN,Latin America & Caribbean,2005,90.3600006103516,72.5638143751286,93.5227442363083,28.9373842994788,16.6,25.6,5229.89898576251
LCN,Latin America & Caribbean,2006,90.5699996948242,72.8332266680253,94.2593346225013,28.9856660718838,20.7,24.6,6047.73392908046
LCN,Latin America & Caribbean,2007,91.4100036621094,73.0593298775944,94.4765421959323,29.0767468358782,23.7,23.6,7035.79956287181
LCN,Latin America & Caribbean,2008,91.7099990844727,73.2561404095911,95.2230808289009,29.1895755585886,26.4,22.7,8077.96531899755
LCN,Latin America & Caribbean,2009,91.9000015258789,73.4422623291815,95.4266624028369,30.0250169872657,31.0,21.8,7495.05965615866
LCN,Latin America & Caribbean,2010,91.8199996948242,73.4093227755616,95.878387553278,29.068340737703,34.6,22.7,9183.55248272126
LCN,Latin America & Caribbean,2011,92.5199966430664,73.9248923022491,96.1841031200508,28.4958595093532,39.3,20.4,10334.0365238871
LCN,Latin America & Caribbean,2012,92.8300018310547,74.1643943654901,96.569234553016,27.9411911085897,43.0,19.8,10328.6495660788
LCN,Latin America & Caribbean,2013,92.8099975585938,74.3809772735109,96.8646822286805,27.7426663261076,46.1,19.2,10305.4184021496
LCN,Latin America & Caribbean,2014,93.3099975585938,74.5608348669826,97.0540254170861,27.7215959010541,48.7,18.7,10146.146495038
LCN,Latin America & Caribbean,2015,93.4499969482422,74.7432221893097,97.2847276074314,28.2446666189275,54.4,18.3,8546.9179023802
LCN,Latin America & Caribbean,2016,93.8899993896484,74.6774848833781,97.4783821342287,28.8850327404841,57.5,18.5,8241.51169070648
LCN,Latin America & Caribbean,2017,93.9199981689453,74.8318087892113,97.7105992174177,29.4068241645848,60.2,17.8,9065.82390216762
LCN,Latin America & Caribbean,2018,94.0999984741211,75.052717198381,97.756715207991,30.252639118551,63.5,17.4,8778.55673829884
LCN,Latin America & Caribbean,2019,94.2699966430664,75.2042598654921,97.9982113870485,30.6248117743588,67.8,17.0,8539.95940708219
LCN,Latin America & Caribbean,2020,94.3300018310547,73.1889367787058,98.1472760748436,34.1964972995889,73.8,16.7,7169.39235876452
LCN,Latin America & Caribbean,2021,94.5,71.8141764640132,98.2756306140479,,75.8,16.4,8292.15210222359
LCN,Latin America & Caribbean,2022,94.6800003051758,74.6472096226697,98.5788786246178,,77.1,16.0,9412.05924553392
LCN,Latin America & Caribbean,2023,94.8300018310547,75.6435273357906,98.4226177308055,,80.0,15.7,10507.6138782353
LDC,Least developed countries: UN classification,2005,55.2400016784668,58.3100149055359,26.2710490039686,80.759987018664,0.7,105.839816864822,487.477531865706
LDC,Least developed countries: UN classification,2006,52.689998626709,59.0169336288555,29.1401047414385,80.1005342660568,1.0,100.457635767686,552.997930938455
LDC,Least developed countries: UN classification,2007,53.6599998474121,59.6139962487597,29.3521138431476,78.8471069800247,1.8,95.873261787209,648.873362581636
LDC,Least developed countries: UN classification,2008,53.9799995422363,59.8135647530126,30.7407323275746,78.1739617762925,2.2,92.8247276095734,778.954486616236
LDC,Least developed countries: UN classification,2009,54.6100006103516,60.5743561841469,32.1436467206264,77.0426428856211,2.6,90.199391714479,751.965080386192
LDC,Least developed countries: UN classification,2010,57.0800018310547,61.0428031511838,33.0175069297973,75.9030638297872,3.3,85.6899688374813,831.843840698341
LDC,Least developed countries: UN classification,2011,58.7700004577637,61.5023936634084,34.4967065513717,75.2902390351355,4.0,85.405630660543,925.476117160599
LDC,Least developed countries: UN classification,2012,58.1800003051758,62.2276732048151,37.8226066684459,74.1186152161421,4.8,78.9683107630127,947.852167260893
LDC,Least developed countries: UN classification,2013,60.2099990844727,62.7257554327064,38.2291562537799,73.4516390735312,6.0,75.6025193182824,1007.4142967268
LDC,Least developed countries: UN classification,2014,60.7999992370605,62.9617174792618,39.4842881629205,72.8033051049145,8.2,74.8025837290209,1056.97673052647
LDC,Least developed countries: UN classification,2015,62.7299995422363,63.3074864756394,42.3112596715938,72.6420499355701,10.7,72.8100125948255,983.414934367096
LDC,Least developed countries: UN classification,2016,64.5999984741211,63.726492423797,46.3455300500397,71.7069864304561,13.8,71.054277919873,968.123330592586
LDC,Least developed countries: UN classification,2017,65.4899978637695,64.0368817418845,50.2060962041014,70.6528427025745,16.2,70.079615665245,1037.25514816682
LDC,Least developed countries: UN classification,2018,65.9499969482422,64.6054293900193,51.0882635710901,69.6689273124056,19.5,66.2088432218734,1082.35070462921
LDC,Least developed countries: UN classification,2019,66.2200012207031,64.9756210416769,52.8790143070516,69.5024909470932,21.2,64.9894842046459,1106.28664072321
LDC,Least developed countries: UN classification,2020,66.4499969482422,64.8355012784588,54.4739882982852,70.885707743194,24.1,62.7609575491969,1089.46260850363
LDC,Least developed countries: UN classification,2021,67.0299987792969,64.2699057684324,56.1058821370756,,26.1,64.1944650254906,1175.42321388464
LDC,Least developed countries: UN classification,2022,67.5500030517578,65.7663286665813,56.7044105069269,,28.2,65.2073899956534,1298.29338219278
LDC,Least developed countries: UN classification,2023,67.9700012207031,66.5196263232195,58.4334317805897,,29.9,59.9142356695817,1258.15690309732
LIC,Low income,2005,54.0200004577637,56.7098937328984,19.5165337187456,67.1830947638814,1.0,116.7,453.224271956859
LIC,Low income,2006,52.1699981689453,57.5164128657126,22.0489105409309,66.7717998595126,1.3,110.8,513.580915416891
LIC,Low income,2007,53.3899993896484,58.1967760446753,23.5748631384136,67.1067131870741,2.5,105.8,607.256208483496
LIC,Low income,2008,54.25,58.8124314098635,23.0606102478975,66.1411353100674,3.0,101.1,712.253935519919
LIC,Low income,2009,54.7700004577637,59.137335167122,24.6217439660026,68.6095109468297,3.7,102.3,682.919304926707
LIC,Low income,2010,55.2700004577637,59.9228440660563,26.2229922326264,68.5955030078186,4.3,94.8,736.837102872641
LIC,Low income,2011,57.4900016784668,60.0234280143609,26.6853268366793,70.9038757025248,4.9,98.5,774.510492109023
LIC,Low income,2012,57.9799995422363,60.645343297395,29.7691700471348,71.6876678383128,5.4,88.9,715.265721382674
LIC,Low income,2013,58.9000015258789,61.1278756447435,30.8942817805451,74.1188094907247,6.0,85.4,719.03356976024
LIC,Low income,2014,59.0299987792969,61.2355124632344,32.19902354043,74.0960764487469,6.9,86.2,749.407669788052
LIC,Low income,2015,59.7000007629395,61.4773611355614,32.1944741335402,77.0014591898632,7.9,84.9,714.836450326294
LIC,Low income,2016,60.3600006103516,61.9153373144368,37.4479617651254,76.9877810393742,10.0,83.6,633.777355522048
LIC,Low income,2017,61.4199981689453,62.1652180538127,39.1396999246683,73.6994749888377,11.4,83.5,644.852308695691
LIC,Low income,2018,61.7200012207031,62.8810663634809,40.4586751561812,73.1015300989534,13.8,77.9,661.14729086377
LIC,Low income,2019,61.7400016784668,63.3423644700836,41.8440112578434,72.5005003490808,16.4,76.9,671.117139517642
LIC,Low income,2020,61.8800010681152,63.3985123751126,43.236730725436,74.5621747727499,17.6,73.9,645.138571127662
LIC,Low income,2021,62.3300018310547,62.9162289932422,44.8338005527739,,19.0,73.3,694.087880017057
LIC,Low income,2022,62.7700004577637,64.0824869475372,44.9581860319955,,21.2,76.7,778.915065676706
LIC,Low income,2023,63.2099990844727,65.0356834241329,46.8863791540125,,22.0,70.5,765.64916597333
LIE,Liechtenstein,2005,,80.6682926829268,100.0,49.9,63.37139893,,105295.057027611
LIE,Liechtenstein,2006,,80.9487804878049,100.0,50.8,64.21420288,,114167.939211301
LIE,Liechtenstein,2007,,81.2951219512195,100.0,53.4,65.0802002,,130492.595349517
LIE,Liechtenstein,2008,,82.6829268292683,100.0,53.0,70.0,,143249.227302093
LIE,Liechtenstein,2009,,81.5,100.0,55.1,75.0,,126024.714567466
LIE,Liechtenstein,2010,,81.8414634146342,100.0,52.3,80.0,,141089.812849014
LIE,Liechtenstein,2011,,81.7926829268293,100.0,55.3,85.0,,158066.369379163
LIE,Liechtenstein,2012,,82.3829268292683,100.0,55.5,89.40769958,,148842.035144342
LIE,Liechtenstein,2013,,82.2609756097561,100.0,53.5,93.80000305,,172823.607794648
LIE,Liechtenstein,2014,,82.0731707317073,100.0,55.0,95.20999908,,178735.153020908
LIE,Liechtenstein,2015,,82.6560975609756,100.0,55.5,96.6411972,,167187.15730982
LIE,Liechtenstein,2016,,82.2585365853659,100.0,55.8,98.09390259,,165375.491396259
LIE,Liechtenstein,2017,,83.7463414634147,100.0,55.3,99.54660034,,170547.092298954
LIE,Liechtenstein,2018,,83.0414634146342,100.0,56.8,,,174988.775083446
LIE,Liechtenstein,2019,,84.1609756097561,100.0,56.1,93.14610291,,166907.839305016
LIE,Liechtenstein,2020,,81.6585365853659,100.0,55.2,94.34999847,,164671.093553454
LIE,Liechtenstein,2021,,84.4024390243902,100.0,53.6,95.56939697,,201944.830335076
LIE,Liechtenstein,2022,,84.1219512195122,100.0,56.9,97.88069916,,188055.003235348
LIE,Liechtenstein,2023,,84.5951219512195,100.0,,98.13230133,,206780.590353385
LKA,Sri Lanka,2005,,73.073,78.1,60.1,1.792000055,14.0,1207.21994764165
LKA,Sri Lanka,2006,90.8099975585938,72.825,82.0,62.2,2.53756612897332,13.3,1388.89739119932
LKA,Sri Lanka,2007,,72.983,80.0,60.2,3.88,12.6,1578.63451125392
LKA,Sri Lanka,2008,90.5599975585938,72.556,82.9,61.6,4.824500084,12.0,1973.58476901287
LKA,Sri Lanka,2009,,70.298,87.1,63.5,5.868500233,21.5,2026.65939950702
LKA,Sri Lanka,2010,91.1800003051758,74.463,85.3,61.9,6.912399769,11.2,2808.36245207687
LKA,Sri Lanka,2011,,74.74,87.8,56.4,7.956399918,10.8,3224.95745082305
LKA,Sri Lanka,2012,,75.187,87.0,52.9,9.00039959,10.3,3327.77612404326
LKA,Sri Lanka,2013,,75.546,90.2,56.9,10.04440022,9.8,3739.43182292825
LKA,Sri Lanka,2014,92.5346618196112,75.757,92.7,54.2,10.5000026214106,9.2,3972.04377042271
LKA,Sri Lanka,2015,92.5537849020454,75.99,94.3,51.3,15.26249981,8.7,4057.71582716521
LKA,Sri Lanka,2016,92.3899993896484,76.136,97.5,45.1,22.19,8.3,4149.19189391879
LKA,Sri Lanka,2017,91.9000015258789,76.239,97.5,45.8,25.07550049,7.9,4398.88828786059
LKA,Sri Lanka,2018,91.7099990844727,76.485,99.6,47.9,28.33620071,7.6,4358.56095905888
LKA,Sri Lanka,2019,92.25,76.698,99.8,46.1,32.02090073,7.2,4081.94772178134
LKA,Sri Lanka,2020,92.379997253418,76.928,100.0,49.3,36.18473435,6.9,3847.60136741182
LKA,Sri Lanka,2021,92.4300003051758,76.278,100.0,48.8,44.45308724,6.6,3996.96240531688
LKA,Sri Lanka,2022,92.4899978637695,77.3,100.0,,48.3,6.3,3342.63650438046
LKA,Sri Lanka,2023,92.6600036621094,77.483,100.0,,51.2,6.1,3815.41531767474
LMC,Lower middle income,2005,65.9000015258789,63.1102278346515,63.6115728658802,48.4620461423964,3.6,80.2,854.63462964185
LMC,Lower middle income,2006,65.8600006103516,63.5808285753849,64.3546929200155,47.8450851574528,4.4,77.2,988.797129298747
LMC,Lower middle income,2007,66.370002746582,63.9765127251389,66.5219973625518,46.7921462642994,5.6,74.2,1194.21832017754
LMC,Lower middle income,2008,67.0299987792969,64.2324104108652,68.4462514811748,45.6008380215659,6.4,71.9,1311.6253263276
LMC,Lower middle income,2009,67.7099990844727,64.7622113931181,69.0978321506303,44.8184115236839,7.5,68.7,1349.05081824823
LMC,Lower middle income,2010,69.5899963378906,65.0880690485672,70.1969409471129,43.5598599291065,10.1,66.4,1586.51468644818
LMC,Lower middle income,2011,70.2900009155273,65.5448113702143,73.2036502412611,42.7392673855306,12.2,63.7,1685.54076561724
LMC,Lower middle income,2012,70.7200012207031,65.9312132098425,73.8530744719485,42.7041976592586,13.6,61.3,1756.27092877802
LMC,Lower middle income,2013,71.5999984741211,66.2887596631171,75.9068639552835,42.8131798651281,15.2,59.1,1766.55759690392
LMC,Lower middle income,2014,72.2300033569336,66.6478228672882,77.0398843798137,41.9557899562686,17.2,57.1,1855.45211743703
LMC,Lower middle income,2015,73.3099975585938,66.9713052944827,79.5898315547367,41.6750820203892,19.5,55.3,1780.68853695471
LMC,Lower middle income,2016,74.0699996948242,67.3084956145481,81.6559415186104,41.045675670811,21.9,53.5,1817.03211621924
LMC,Lower middle income,2017,74.6100006103516,67.6239325402262,83.6717620116648,40.3045480579492,24.4,52.0,1943.04862156303
LMC,Lower middle income,2018,75.4400024414062,67.9414432210583,86.0358983303437,40.5042813848529,27.2,50.6,1986.83702598126
LMC,Lower middle income,2019,75.4100036621094,68.2362841633293,86.7664523653516,41.4201607411296,33.4,49.3,2116.20506959362
LMC,Lower middle income,2020,76.0400009155273,67.6210996997917,87.534043658525,43.3396056818626,42.5,48.1,1996.97695544468
LMC,Lower middle income,2021,76.6500015258789,66.0070723287166,89.8258266528143,,47.4,47.0,2251.14460096524
LMC,Lower middle income,2022,77.2600021362305,69.0302473093761,89.9475979235739,,52.3,46.0,2347.99329840156
LMC,Lower middle income,2023,77.7799987792969,69.3282445149932,90.5927216759463,,55.4,44.9,2319.95481547486
LMY,Low & middle income,2005,79.3099975585938,67.1609764802491,76.1622254009627,27.9193887771685,,68.6974672801333,1731.57858565204
LMY,Low & middle income,2006,79.25,67.5165744610236,76.9955705622239,27.1612933367489,,65.6410044716513,2012.45292596824
LMY,Low & middle income,2007,79.9499969482422,67.8705140876484,77.7987542218982,26.0356980684312,,62.8298769735926,2438.533897181
LMY,Low & middle income,2008,80.379997253418,68.0858529818689,78.681919816968,25.5598205553574,,60.3603110479709,2864.71513254652
LMY,Low & middle income,2009,80.7799987792969,68.4826507476362,78.9632554785921,25.2924412634656,,58.2281330024569,2835.65326081723
LMY,Low & middle income,2010,81.5299987792969,68.829079801859,79.6902756646493,24.2911816358034,,55.791137924775,3399.2509126603
LMY,Low & middle income,2011,81.9400024414062,69.1237816714452,81.0254041647238,23.408245686256,,54.4087946827606,3921.45366982115
LMY,Low & middle income,2012,82.1900024414062,69.4672754810116,81.5564750427461,23.216711782471,,51.2347363369315,4118.30612372108
LMY,Low & middle income,2013,82.5699996948242,69.7578943672838,82.5311051839365,23.2437945857219,,49.5783672586212,4290.6132325261
LMY,Low & middle income,2014,82.9499969482422,70.0129747334528,83.1453669500425,23.2603600821106,,48.2266301414437,4422.77737437186
LMY,Low & middle income,2015,83.4400024414062,70.2660277698023,84.1611741682089,23.351980133742,,47.1646714262583,4223.77742891002
LMY,Low & middle income,2016,83.8300018310547,70.5023449377455,85.5246558169944,23.5956286475448,,45.7645870534782,4211.54702250163
LMY,Low & middle income,2017,84.0599975585938,70.7083294342373,86.5356490857827,23.6364337035659,,44.8467778578483,4543.08689291431
LMY,Low & middle income,2018,84.4300003051758,71.0377085637557,87.6089655146589,23.7294321628033,,44.0386420740122,4773.03574184686
LMY,Low & middle income,2019,84.4700012207031,71.2751936184695,88.0036720417216,24.2477140331693,,43.400655270482,4857.12471542798
LMY,Low & middle income,2020,84.7200012207031,70.6688288777218,88.3700636132634,25.2319411619148,,43.1040813833532,4646.47209072865
LMY,Low & middle income,2021,84.9300003051758,69.5994726083483,89.5267133602325,,,43.5403455174506,5422.11312035073
LMY,Low & middle income,2022,85.2200012207031,71.5990630119306,89.4668649583682,,,43.7631591536405,5626.6962378216
LMY,Low & middle income,2023,85.4499969482422,71.8872400935005,89.8583124845854,,,41.9595483512666,5733.51584469729
LSO,Lesotho,2005,,43.611,9.6,55.3,2.580199957,114.6,861.381496414995
LSO,Lesotho,2006,66.0999984741211,43.182,9.7,55.5,2.97970818724486,114.7,925.467485502842
LSO,Lesotho,2007,,43.66,13.9,55.3,3.44543125970873,111.9,861.188420899563
LSO,Lesotho,2008,,44.304,16.0,55.0,3.58,111.6,898.482517882593
LSO,Lesotho,2009,,45.055,17.0,54.0,3.72,99.1,878.847950537772
LSO,Lesotho,2010,,46.045,17.0,53.0,3.859999895,90.9,1119.47557793042
LSO,Lesotho,2011,,46.93,22.5,42.3,7.0,85.2,1280.73390931581
LSO,Lesotho,2012,,48.235,20.6,40.8,10.0,81.4,1217.93071228944
LSO,Lesotho,2013,,49.547,26.9,46.1,15.0,79.3,1151.03735837227
LSO,Lesotho,2014,,50.786,27.8,43.2,22.0,77.6,1173.5377928819
LSO,Lesotho,2015,,51.83,31.8,46.0,25.0,75.1,1121.19851342518
LSO,Lesotho,2016,97.2699966430664,52.908,35.1,45.1,32.4538569477365,71.4,992.491840678465
LSO,Lesotho,2017,,53.874,33.7,41.5,39.0,70.1,1069.36673247542
LSO,Lesotho,2018,86.2399978637695,54.638,47.0,42.5,40.79999924,68.8,1170.65569702819
LSO,Lesotho,2019,92.3961659464955,55.249,44.6,41.6,42.301733569273,68.1,1082.05706777516
LSO,Lesotho,2020,,55.133,47.5,43.2,43.65750122,66.3,918.582574704447
LSO,Lesotho,2021,,54.209,50.4,33.6,45.05670166,64.0,1066.58645143823
LSO,Lesotho,2022,,56.812,50.0,34.9,48.06959915,62.0,1030.12582947757
LSO,Lesotho,2023,,57.375,57.3,,48.98590088,61.3,921.435141557056
LTE,Late-demographic dividend,2005,92.75,73.007214154553,97.1664597205879,16.8127063266169,,23.0666406183677,2933.48126780409
LTE,Late-demographic dividend,2006,93.0400009155273,73.3817363374868,97.8885016443465,16.2710933355579,,21.4230637555318,3519.25786036637
LTE,Late-demographic dividend,2007,94.0400009155273,73.7749281005029,97.6286750102813,15.5877124923454,,19.9410205907095,4409.30545340337
LTE,Late-demographic dividend,2008,94.2600021362305,73.9252633570755,97.9949263472304,15.0816450798626,,18.5911842714602,5453.26292482574
LTE,Late-demographic dividend,2009,94.5299987792969,74.3481601286124,97.6887829474675,15.0489853771052,,17.5377591257261,5245.34288910066
LTE,Late-demographic dividend,2010,94.6600036621094,74.7108209347901,98.3525114394723,14.227913389653,,16.3195349532003,6277.14833950582
LTE,Late-demographic dividend,2011,95.0500030517578,74.9999962879426,98.6260218375387,13.4939401643027,,15.4370950892919,7598.75700554996
LTE,Late-demographic dividend,2012,95.2399978637695,75.2993648872023,98.7121889212507,13.5583905267186,,14.4920222605257,8073.2092545931
LTE,Late-demographic dividend,2013,95.3199996948242,75.5790485316218,98.8979674454125,13.6510906148841,,13.7165601776572,8644.25759929064
LTE,Late-demographic dividend,2014,95.4100036621094,75.8239893452747,99.0043394238423,13.7969449361474,,12.963930913128,8923.25719295961
LTE,Late-demographic dividend,2015,95.5699996948242,76.0762328807768,98.7802217306047,13.7947562846974,,12.2863199817925,8331.63288950883
LTE,Late-demographic dividend,2016,95.7900009155273,76.2928997245812,99.1163496922603,14.1053604502349,,11.7039737633974,8297.33628667142
LTE,Late-demographic dividend,2017,95.9499969482422,76.4174343501022,99.2721123074965,14.3601698499908,,11.0144899278281,9138.44151395876
LTE,Late-demographic dividend,2018,96.0999984741211,76.7781489421434,99.2806763593238,14.7113402854056,,10.622397482105,9966.8758096194
LTE,Late-demographic dividend,2019,96.2300033569336,76.9979606258316,99.3289771232339,15.1930553100861,,10.209210734269,10120.4663725773
LTE,Late-demographic dividend,2020,96.3600006103516,76.6935638089228,99.3868589993401,15.8291260683112,,10.0462731195544,9874.06805462328
LTE,Late-demographic dividend,2021,96.4800033569336,76.3060137275686,99.4116181639433,,,9.79989082006787,11760.0897155889
LTE,Late-demographic dividend,2022,96.6100006103516,76.9543673255695,99.4771148328134,,,9.62694958591045,12287.4566066286
LTE,Late-demographic dividend,2023,96.7300033569336,77.1240537371626,99.4570958130029,,,9.32457678981666,12427.24971376
LTU,Lithuania,2005,,71.2536585365854,99.4,17.5,36.22,9.0,7857.03148786492
LTU,Lithuania,2006,,71.0560975609756,99.4,17.5,43.9,8.6,9210.10118229413
LTU,Lithuania,2007,,70.9,99.4,17.1,49.9,8.0,12295.1212779366
LTU,Lithuania,2008,,71.8121951219512,99.4,18.3,55.22,7.3,14955.5345462921
LTU,Lithuania,2009,,72.9146341463415,99.5,20.1,59.76,6.7,11854.3711053096
LTU,Lithuania,2010,,73.2682926829268,99.7,21.5,62.12,6.1,11829.122609457
LTU,Lithuania,2011,99.8199996948242,73.5634146341464,99.7,22.7,63.6399774002179,5.6,14261.8433787325
LTU,Lithuania,2012,,73.8634146341464,100.0,23.9,67.2299893276414,5.3,14288.1853493139
LTU,Lithuania,2013,,73.9146341463415,100.0,26.3,68.4529,5.1,15636.5252586048
LTU,Lithuania,2014,,74.5170731707317,100.0,27.7,72.1335378644566,5.1,16446.1647181663
LTU,Lithuania,2015,,74.3219512195122,100.0,29.0,71.3780590101754,5.0,14269.8039878287
LTU,Lithuania,2016,,74.6707317073171,100.0,31.5,74.3766455618662,4.8,14934.2702840428
LTU,Lithuania,2017,,75.4804878048781,100.0,33.8,77.6152565124514,4.5,16800.1510246099
LTU,Lithuania,2018,,75.6804878048781,100.0,33.7,79.7225827680518,4.2,19247.2315367967
LTU,Lithuania,2019,,76.2829268292683,100.0,33.5,81.5818683764046,3.9,19608.7943945553
LTU,Lithuania,2020,,75.0292682926829,100.0,31.7,83.05554724,3.7,20428.6478157394
LTU,Lithuania,2021,,74.0365853658537,100.0,33.2,86.93054425,3.6,23882.8668916753
LTU,Lithuania,2022,,75.6439024390244,100.0,,87.72420219,3.5,24946.5724005188
LTU,Lithuania,2023,,77.290243902439,100.0,,88.50287484,3.4,27983.3658256887
LUX,Luxembourg,2005,,79.4317073170732,100.0,1.9,70.0,3.5,80988.2044869403
LUX,Luxembourg,2006,,79.2878048780488,100.0,2.1,72.51,3.3,90788.8164271049
LUX,Luxembourg,2007,,79.3829268292683,100.0,3.6,78.92,3.1,107475.320297978
LUX,Luxembourg,2008,,80.5390243902439,100.0,4.0,82.23,3.0,120422.137934157
LUX,Luxembourg,2009,,80.6365853658537,100.0,3.7,87.31,2.9,109419.746953106
LUX,Luxembourg,2010,,80.6317073170732,100.0,3.7,90.62,2.8,110885.991378721
LUX,Luxembourg,2011,,80.9878048780488,100.0,3.8,90.0298585646936,2.7,119025.057203467
LUX,Luxembourg,2012,,81.3926829268293,100.0,4.2,91.9499237417387,2.7,112584.676270958
LUX,Luxembourg,2013,,81.8,100.0,5.7,93.7765,2.6,120000.140729859
LUX,Luxembourg,2014,,82.2292682926829,100.0,6.8,94.6702052774766,2.6,123678.706919314
LUX,Luxembourg,2015,,82.2926829268293,100.0,9.1,96.3767141704759,2.5,105462.012584423
LUX,Luxembourg,2016,,82.6853658536585,100.0,13.5,98.1366986657616,2.5,106899.293549552
LUX,Luxembourg,2017,,82.0951219512195,100.0,15.3,97.3629603241751,2.5,110193.213797228
LUX,Luxembourg,2018,,82.2951219512195,100.0,16.0,97.061298705829,2.4,116926.759593905
LUX,Luxembourg,2019,,82.6390243902439,100.0,16.4,97.120635693272,2.4,112696.649059674
LUX,Luxembourg,2020,,82.1439024390244,100.0,20.8,98.45962893,2.4,116860.02817236
LUX,Luxembourg,2021,,82.5975609756098,100.0,20.5,98.66086333,2.3,134965.815442152
LUX,Luxembourg,2022,,82.9463414634147,100.0,,98.24203749,2.3,123719.658915996
LUX,Luxembourg,2023,,83.309756097561,100.0,,99.34785707,2.2,133230.619178899
LVA,Latvia,2005,,71.3560975609756,99.7,36.3,46.0,10.5,7283.78738127622
LVA,Latvia,2006,,70.8658536585366,99.6,34.0,53.63,9.9,9211.7374468148
LVA,Latvia,2007,,71.019512195122,99.7,33.1,59.17,9.3,13370.9789452508
LVA,Latvia,2008,,72.419512195122,99.7,33.7,63.41,8.8,15677.6080864506
LVA,Latvia,2009,,73.0804878048781,100.0,38.4,66.84,8.3,11996.0322729773
LVA,Latvia,2010,,73.4829268292683,99.8,33.1,68.42,7.7,11188.4191700977
LVA,Latvia,2011,99.9000015258789,73.5756097560976,99.8,35.5,69.7499545592245,7.2,12902.574053337
LVA,Latvia,2012,,73.7780487804878,100.0,40.4,73.1199437663748,6.6,13329.3499931271
LVA,Latvia,2013,,73.9829268292683,100.0,39.6,75.2344,6.1,14484.4715282132
LVA,Latvia,2014,,74.1243902439024,100.0,40.2,75.8261041383556,5.6,15185.814581236
LVA,Latvia,2015,,74.4804878048781,100.0,38.1,79.2005829239344,5.1,13321.9753140616
LVA,Latvia,2016,,74.580487804878,100.0,38.5,79.8420977843089,4.8,13838.5266823272
LVA,Latvia,2017,,74.6292682926829,100.0,42.6,80.1140770037369,4.5,15132.4958333982
LVA,Latvia,2018,,74.7829268292683,100.0,41.0,83.5771748630956,4.2,17252.1710428626
LVA,Latvia,2019,,75.3878048780488,100.0,41.5,86.13545644343,3.9,17294.9751600969
LVA,Latvia,2020,,75.1853658536585,100.0,43.8,88.89796078,3.6,17564.2321549354
LVA,Latvia,2021,,72.9804878048781,100.0,44.0,91.17964988,3.3,20261.8887788916
LVA,Latvia,2022,,74.2780487804878,100.0,,91.03009059,3.0,20221.103686109
LVA,Latvia,2023,,75.4268292682927,100.0,,92.18791291,2.8,22710.2637544197
MAC,"Macao SAR, China",2005,,81.3414634146341,100.0,2.3,34.86289978,,25681.2167315221
MAC,"Macao SAR, China",2006,93.5,81.7292682926829,100.0,2.8,46.4,,29813.7877167933
MAC,"Macao SAR, China",2007,,81.7292682926829,100.0,3.4,47.32699966,,35400.2334659409
MAC,"Macao SAR, China",2008,,82.0268292682927,100.0,4.7,49.24,,38888.5118044503
MAC,"Macao SAR, China",2009,,82.1756097560976,100.0,3.0,54.0,,40354.2810293673
MAC,"Macao SAR, China",2010,,82.2731707317073,100.0,5.5,55.198,,52596.2250160214
MAC,"Macao SAR, China",2011,95.6399993896484,82.4707317073171,100.0,6.4,60.2036967182195,,67046.7284292101
MAC,"Macao SAR, China",2012,,82.4707317073171,100.0,11.1,61.31,,76058.0224963659
MAC,"Macao SAR, China",2013,,82.7219512195122,100.0,16.6,65.8,,87107.8313063626
MAC,"Macao SAR, China",2014,,83.0219512195122,100.0,11.4,69.7809492200465,,88355.3181764446
MAC,"Macao SAR, China",2015,,83.2243902439024,100.0,5.4,77.6001318608868,,69902.9605741233
MAC,"Macao SAR, China",2016,96.5400009155273,83.2756097560976,100.0,5.4,81.6429854646415,,68911.6755919628
MAC,"Macao SAR, China",2017,,83.5268292682927,100.0,3.9,83.1740890688259,,77570.9876166977
MAC,"Macao SAR, China",2018,,83.6780487804878,100.0,8.4,83.7940896091516,,83588.2875009014
MAC,"Macao SAR, China",2019,,83.9292682926829,100.0,8.4,86.4679257062588,,81882.6964523869
MAC,"Macao SAR, China",2020,,84.1292682926829,100.0,11.0,87.46230316,,36883.6652578543
MAC,"Macao SAR, China",2021,,83.7292682926829,100.0,13.6,88.46810492,,44884.8961602393
MAC,"Macao SAR, China",2022,,83.0804878048781,100.0,11.0,89.48549652,,36806.891255461
MAC,"Macao SAR, China",2023,,83.1804878048781,100.0,,89.82640076,,67216.3631112124
MAF,St. Martin (French part),2005,,77.802,99.7,,,,
MAF,St. Martin (French part),2006,,77.989,99.7,,,,
MAF,St. Martin (French part),2007,,78.16,99.7,,,,
MAF,St. Martin (French part),2008,,78.326,99.7,,,,
MAF,St. Martin (French part),2009,,78.513,99.7,,,,
MAF,St. Martin (French part),2010,,78.752,100.0,,,,
MAF,St. Martin (French part),2011,,79.016,100.0,,,,20930.5821177758
MAF,St. Martin (French part),2012,,79.302,100.0,,,,
MAF,St. Martin (French part),2013,,79.528,100.0,,,,
MAF,St. Martin (French part),2014,,79.727,100.0,,,,20638.7705882379
MAF,St. Martin (French part),2015,,79.829,100.0,,,,
MAF,St. Martin (French part),2016,,79.885,100.0,,,,
MAF,St. Martin (French part),2017,,78.762,100.0,,,,
MAF,St. Martin (French part),2018,,80.029,100.0,,,,
MAF,St. Martin (French part),2019,,80.078,100.0,,,,19033.0649634889
MAF,St. Martin (French part),2020,,80.085,100.0,,,,
MAF,St. Martin (French part),2021,,80.206,100.0,,,,21668.3776525323
MAF,St. Martin (French part),2022,,80.236,100.0,,,,
MAF,St. Martin (French part),2023,,80.224,100.0,,,,
MAR,Morocco,2005,,68.748,78.6,20.0,15.0844445240204,41.4,2242.98828125
MAR,Morocco,2006,,69.157,96.5,18.2,19.7711915653115,39.2,2438.12646484375
MAR,Morocco,2007,,69.62,82.2,16.6,21.5,36.9,2755.5859375
MAR,Morocco,2008,55.1500015258789,70.051,84.1,14.4,33.1,34.8,3183.20043945313
MAR,Morocco,2009,56.0800018310547,70.454,85.9,14.2,41.3,32.8,3119.58862304688
MAR,Morocco,2010,,70.821,95.7,13.9,52.0,30.9,3067.9853515625
MAR,Morocco,2011,67.0800018310547,71.263,96.1,11.8,46.107482597,29.2,3301.98876953125
MAR,Morocco,2012,69.1600036621094,71.674,96.4,10.9,55.4160531914894,27.5,3164.17724609375
MAR,Morocco,2013,,72.117,97.2,11.6,56.0,26.0,3379.7431640625
MAR,Morocco,2014,64.2600021362305,72.522,97.3,11.1,56.7746379160074,24.5,3435.40698242188
MAR,Morocco,2015,,72.894,97.3,11.2,57.0799993486116,23.1,3146.24780273438
MAR,Morocco,2016,,73.228,97.8,11.1,58.271236420398,21.9,3140.85546875
MAR,Morocco,2017,,73.608,100.0,10.4,61.7622120123071,20.8,3296.52661132813
MAR,Morocco,2018,,73.946,98.1,10.9,64.8038651924043,19.9,3501.69799804688
MAR,Morocco,2019,,74.245,99.6,10.7,84.1203630467602,19.1,3508.09765625
MAR,Morocco,2020,,73.133,100.0,11.1,84.12036305,18.3,3268.0302734375
MAR,Morocco,2021,,73.385,100.0,10.9,88.13031937,17.6,3785.93627929688
MAR,Morocco,2022,,75.161,100.0,,89.9,17.0,3463.1376953125
MAR,Morocco,2023,,75.313,100.0,,91.0,16.3,3813.72607421875
MCO,Monaco,2005,,84.34,100.0,,55.46480179,4.5,130538.711379722
MCO,Monaco,2006,,84.194,100.0,,61.47600174,4.4,143083.509443656
MCO,Monaco,2007,,83.903,100.0,,64.37770081,4.3,184558.455423983
MCO,Monaco,2008,,83.827,100.0,,67.25,4.2,204263.893236529
MCO,Monaco,2009,,84.187,100.0,,70.1,4.1,169150.337647299
MCO,Monaco,2010,,84.644,100.0,,75.0,4.0,161853.922745228
MCO,Monaco,2011,,85.01,100.0,,80.30000305,3.9,179364.009524397
MCO,Monaco,2012,,85.045,100.0,,87.0,3.8,165444.625782803
MCO,Monaco,2013,,85.056,100.0,,90.69999695,3.7,184940.633666281
MCO,Monaco,2014,,85.093,100.0,,92.40000153,3.6,195693.519540544
MCO,Monaco,2015,,85.323,100.0,,93.36329651,3.5,170437.021128628
MCO,Monaco,2016,,85.63,100.0,,95.20819855,3.4,173604.669723126
MCO,Monaco,2017,,85.878,100.0,,97.0530014,3.3,170663.470051177
MCO,Monaco,2018,,86.084,100.0,,,3.2,188298.389694191
MCO,Monaco,2019,,86.151,100.0,,98.0,3.1,193746.729890885
MCO,Monaco,2020,,86.089,100.0,,98.57080078,3.0,176891.806328966
MCO,Monaco,2021,,85.113,100.0,,99.07759857,2.9,223823.327192464
MCO,Monaco,2022,,85.746,100.0,,98.75189972,2.8,226052.060664649
MCO,Monaco,2023,,86.372,100.0,,98.87049866,2.7,256799.911212051
MDA,Moldova,2005,,68.197,98.6,4.3,14.6302704551796,20.1,1034.39197746993
MDA,Moldova,2006,,68.423,98.9,5.0,19.6206477051634,19.0,1183.02481442894
MDA,Moldova,2007,,68.674,99.0,4.4,20.45,18.2,1531.21618590748
MDA,Moldova,2008,,69.0,99.1,4.9,23.39,17.7,2110.55305353857
MDA,Moldova,2009,,69.406,99.2,4.8,27.5,17.2,1898.43975710988
MDA,Moldova,2010,,69.876,99.3,20.0,29.68000031,16.8,2436.79935102421
MDA,Moldova,2011,,70.173,99.4,20.4,32.06999969,16.5,2941.36224066021
MDA,Moldova,2012,,70.344,99.5,22.1,34.65000153,16.2,3044.8084324815
MDA,Moldova,2013,,70.291,99.6,23.8,37.43999863,16.0,3321.04397795719
MDA,Moldova,2014,99.3600006103516,70.241,99.8,24.3,66.9999982002077,15.8,3289.95758568777
MDA,Moldova,2015,,70.118,99.9,24.7,69.0000044661932,15.6,2749.55137054338
MDA,Moldova,2016,,70.179,99.9,25.3,70.9999991066624,15.5,2847.08794770479
MDA,Moldova,2017,,70.375,100.0,26.1,71.76709747,15.4,3453.26727720294
MDA,Moldova,2018,,70.236,100.0,25.3,72.54239655,15.4,4156.44981956646
MDA,Moldova,2019,,70.181,100.0,22.0,73.32610321,15.5,4405.33418162155
MDA,Moldova,2020,,69.914,100.0,22.3,74.11830139,15.6,4375.7788930524
MDA,Moldova,2021,,68.991,100.0,21.4,74.91899872,15.8,5274.60582195352
MDA,Moldova,2022,,71.546,100.0,,74.91899872,16.0,5744.29618434435
MDA,Moldova,2023,,71.198,100.0,,76.50330353,16.2,6799.58594644576
MDG,Madagascar,2005,,60.664,16.0,84.9,0.567700028,84.1,305.812074924388
MDG,Madagascar,2006,,61.14,16.8,85.9,0.607599974,80.8,324.146874882604
MDG,Madagascar,2007,,61.533,17.5,86.2,0.649999976,77.6,419.548001431865
MDG,Madagascar,2008,,61.992,18.3,86.4,1.649999976,74.8,512.579800058444
MDG,Madagascar,2009,,62.304,17.4,87.2,1.629999995,72.4,446.315238370592
MDG,Madagascar,2010,,62.597,12.3,86.7,1.700000048,70.3,450.009391645726
MDG,Madagascar,2011,,62.86,14.3,84.5,1.899999976,68.6,506.163691559309
MDG,Madagascar,2012,71.5699996948242,63.007,18.7,83.3,2.299999952,67.3,493.511162904211
MDG,Madagascar,2013,,63.161,12.9,81.4,3.0,66.4,515.301589361832
MDG,Madagascar,2014,,63.261,23.0,82.2,3.700000048,65.7,505.684922503435
MDG,Madagascar,2015,,63.362,23.8,83.9,4.173999786,65.3,445.320069480568
MDG,Madagascar,2016,,63.431,22.9,83.8,4.713699818,64.9,453.970714522463
MDG,Madagascar,2017,,63.433,24.1,81.9,6.406000137,64.9,491.866848718929
MDG,Madagascar,2018,76.6800003051758,63.491,36.5,84.2,7.747799873,64.9,500.45718552916
MDG,Madagascar,2019,,63.504,31.0,82.5,9.379400253,65.0,499.818837622534
MDG,Madagascar,2020,,62.706,32.0,84.7,11.35470009,65.1,450.771615205157
MDG,Madagascar,2021,74.6900024414062,62.516,35.1,83.6,13.74590015,65.0,483.469463351195
MDG,Madagascar,2022,,63.068,36.1,83.1,17.81170082,64.5,504.059106969168
MDG,Madagascar,2023,,63.632,39.4,,18.24080086,63.6,514.064076551927
MDV,Maldives,2005,,74.785,90.9,2.0,6.86960506696215,21.6,3796.51546524644
MDV,Maldives,2006,98.4000015258789,75.256,91.7,1.6,11.0363527828647,19.4,5018.94335409159
MDV,Maldives,2007,,75.711,92.6,1.5,16.3,17.6,5758.10286933053
MDV,Maldives,2008,,75.999,93.6,1.5,23.2,16.1,6757.43280929292
MDV,Maldives,2009,,76.371,99.9,1.5,24.8,14.9,6734.03165601895
MDV,Maldives,2010,,76.756,99.0,1.4,26.53,13.8,7173.59601844692
MDV,Maldives,2011,,77.141,99.1,1.3,34.0,12.9,7424.520410971
MDV,Maldives,2012,,77.512,99.2,1.2,38.93009949,12.1,7461.29703686309
MDV,Maldives,2013,,77.847,99.4,1.3,44.09999847,11.3,8236.08177944126
MDV,Maldives,2014,98.6100006103516,78.187,100.0,1.2,49.27999878,10.6,8939.07416571472
MDV,Maldives,2015,,78.607,99.8,1.5,54.4620018,9.9,9644.90655028145
MDV,Maldives,2016,97.7300033569336,78.913,100.0,1.2,59.47750092,9.2,9947.80744731739
MDV,Maldives,2017,94.5100021362305,79.228,99.8,1.3,64.95500183,8.6,10509.628805812
MDV,Maldives,2018,,79.433,100.0,1.3,70.93689728,8.0,11423.2838427029
MDV,Maldives,2019,98.2099990844727,79.707,100.0,1.3,77.46970367,7.4,11740.2724029785
MDV,Maldives,2020,,78.713,100.0,1.6,79.09780121,6.9,7393.8886543933
MDV,Maldives,2021,,78.052,100.0,1.4,81.95760345,6.4,10176.143882547
MDV,Maldives,2022,,80.76,100.0,1.2,83.91189054,6.0,11786.0191492983
MDV,Maldives,2023,,81.041,100.0,,84.55290222,5.7,12587.6126038651
MEA,"Middle East, North Africa, Afghanistan & Pakistan",2005,66.6900024414062,67.529947021124,85.9579036662094,9.03795942767874,8.3,63.2,3050.54818555888
MEA,"Middle East, North Africa, Afghanistan & Pakistan",2006,66.2699966430664,68.0590796974229,87.6565823004563,8.66259508825461,9.6,61.3,3482.13613849624
MEA,"Middle East, North Africa, Afghanistan & Pakistan",2007,67.0500030517578,68.346588319376,87.15191140522,8.16463294723801,11.7,59.4,4009.6538543062
MEA,"Middle East, North Africa, Afghanistan & Pakistan",2008,68.5899963378906,68.7041650814368,88.0946609813966,7.81608678497236,14.1,57.6,4838.92296020983
MEA,"Middle East, North Africa, Afghanistan & Pakistan",2009,69.5699996948242,68.9987213130448,88.74034285556,7.6902671973751,16.1,55.9,4261.00104677278
MEA,"Middle East, North Africa, Afghanistan & Pakistan",2010,70.0400009155273,69.2105446964534,90.5608198614909,7.59280845232692,18.3,54.2,4874.74374602995
MEA,"Middle East, North Africa, Afghanistan & Pakistan",2011,70.2099990844727,69.3940300698411,90.7761559347102,7.43634228145233,20.1,52.5,5735.78283895152
MEA,"Middle East, North Africa, Afghanistan & Pakistan",2012,71.2600021362305,69.4551250054337,91.8541213665318,7.19138786591317,22.4,51.1,6052.38238208124
MEA,"Middle East, North Africa, Afghanistan & Pakistan",2013,71.5500030517578,69.708340253746,93.1479690416445,7.23035612797874,25.2,49.4,5871.07008125381
MEA,"Middle East, North Africa, Afghanistan & Pakistan",2014,71.9300003051758,69.9897867130321,94.0320956677215,7.07122180407551,28.7,47.6,5814.71484290247
MEA,"Middle East, North Africa, Afghanistan & Pakistan",2015,72.75,70.1510409297575,93.4360655461117,7.08007314623562,31.8,46.2,5130.25978607342
MEA,"Middle East, North Africa, Afghanistan & Pakistan",2016,72.3499984741211,70.4288635225293,95.158764819742,7.10925108984167,35.0,44.6,5130.21030038801
MEA,"Middle East, North Africa, Afghanistan & Pakistan",2017,72.7200012207031,70.7096592741194,96.0012431691978,7.14927454903901,39.7,43.5,5283.42471158364
MEA,"Middle East, North Africa, Afghanistan & Pakistan",2018,72.6600036621094,70.9403213532696,94.9706861712285,7.30858693459966,42.3,42.7,5550.31969384997
MEA,"Middle East, North Africa, Afghanistan & Pakistan",2019,72.9000015258789,71.2438695042576,96.0087072984601,7.59670819188084,46.0,41.9,5416.06362418233
MEA,"Middle East, North Africa, Afghanistan & Pakistan",2020,73.4499969482422,69.9110789555644,96.2621204422818,7.54675702757893,50.6,40.8,4749.14341262891
MEA,"Middle East, North Africa, Afghanistan & Pakistan",2021,73.9199981689453,69.7113193479505,96.4166690553693,,54.2,39.8,5622.19134191977
MEA,"Middle East, North Africa, Afghanistan & Pakistan",2022,74.5199966430664,71.6917293154863,95.8637945014964,,57.8,38.7,6436.74030312288
MEA,"Middle East, North Africa, Afghanistan & Pakistan",2023,75.0699996948242,72.0838364704563,96.4226367435274,,59.5,37.8,6144.70308054742
MEX,Mexico,2005,91.629997253418,73.627,98.9,10.3,17.20999908,22.1,8671.75891798441
MEX,Mexico,2006,91.7300033569336,73.746,99.1,9.8,19.52000046,21.3,9512.63575346699
MEX,Mexico,2007,92.8000030517578,73.796,97.9,9.5,20.81,20.7,10134.3327129706
MEX,Mexico,2008,92.9300003051758,73.695,98.9,9.8,21.71,20.0,10523.7685427665
MEX,Mexico,2009,93.4400024414062,73.628,98.3,9.2,26.34,19.5,8423.56933148639
MEX,Mexico,2010,93.0699996948242,73.718,99.2,9.4,31.05,18.9,9728.80078307432
MEX,Mexico,2011,93.5199966430664,73.921,99.0,9.1,37.1762954125184,18.4,10664.4944032313
MEX,Mexico,2012,94.2300033569336,74.128,99.1,9.0,39.75,17.9,10744.1335236186
MEX,Mexico,2013,93.9599990844727,74.289,99.1,9.2,43.46,17.5,11216.800851866
MEX,Mexico,2014,94.5599975585938,74.404,99.2,9.8,44.3856962723411,17.0,11391.3773503964
MEX,Mexico,2015,94.4700012207031,74.431,99.0,9.2,57.4310429923633,16.6,10021.2386113616
MEX,Mexico,2016,94.8600006103516,74.376,99.5,9.2,59.5404459967255,16.2,9097.92397674769
MEX,Mexico,2017,94.9700012207031,74.261,100.0,10.1,53.0317886110982,15.8,9649.27816729586
MEX,Mexico,2018,95.379997253418,74.301,99.5,10.3,56.6595667981289,15.4,10084.7937570364
MEX,Mexico,2019,95.3889403219417,74.53,99.6,10.3,69.6321092705209,15.0,10369.5553593527
MEX,Mexico,2020,95.25,70.449,99.4,12.3,71.49017499,14.6,8841.27074929751
MEX,Mexico,2021,95.6890981310362,69.75,100.0,13.0,75.62650476,14.2,10314.0506733708
MEX,Mexico,2022,95.120002746582,73.973,100.0,,78.63217894,13.8,11405.7940469896
MEX,Mexico,2023,95.8346901734281,75.069,99.7,,81.18318755,13.4,13830.843848864
MHL,Marshall Islands,2005,,64.112,75.7,18.4,3.8787023977433,41.3,2658.65217893885
MHL,Marshall Islands,2006,,64.207,77.2,17.0,3.79559021427832,40.9,2754.26988767503
MHL,Marshall Islands,2007,,64.259,72.3,15.2,3.950000048,40.4,2892.28403958874
MHL,Marshall Islands,2008,,64.3,80.2,14.8,4.599999905,40.0,2817.60522775322
MHL,Marshall Islands,2009,,64.395,81.7,14.0,5.599999905,39.5,2906.63026970914
MHL,Marshall Islands,2010,,64.498,89.4,13.7,7.0,39.0,3095.45768964722
MHL,Marshall Islands,2011,98.2699966430664,64.641,89.9,12.3,10.0,38.4,3319.39815439151
MHL,Marshall Islands,2012,,64.776,90.4,12.0,12.5,37.8,3514.26515490383
MHL,Marshall Islands,2013,,64.954,90.9,12.4,14.0,37.0,3677.90690791421
MHL,Marshall Islands,2014,,65.11,91.5,12.2,16.79999924,36.1,3735.23977829545
MHL,Marshall Islands,2015,,65.292,92.1,11.7,19.28240013,35.2,3764.34426229508
MHL,Marshall Islands,2016,,65.477,92.7,12.1,29.78779984,34.2,4229.80988911945
MHL,Marshall Islands,2017,,65.673,93.8,12.0,38.70119858,33.2,4592.83457628576
MHL,Marshall Islands,2018,,65.87,95.3,12.0,43.88249969,32.2,4858.12079054875
MHL,Marshall Islands,2019,98.1800003051758,66.047,96.8,12.1,49.75749969,31.2,5292.33985502306
MHL,Marshall Islands,2020,,65.387,98.3,12.0,56.41910172,30.3,5661.96787336674
MHL,Marshall Islands,2021,95.7629302411191,65.421,99.8,12.1,63.97259903,29.4,6315.31172190393
MHL,Marshall Islands,2022,,66.725,100.0,12.2,64.26719666,28.5,6455.6603538189
MHL,Marshall Islands,2023,,66.945,100.0,,64.07589722,27.6,6799.39217554794
MIC,Middle income,2005,81.0800018310547,68.1199928300658,80.9491417290175,26.2212618069493,,60.5324100373271,1849.46883810202
MIC,Middle income,2006,81.1699981689453,68.4498049465259,81.72183061819,25.4784722487914,,57.8840436729488,2152.970922294
MIC,Middle income,2007,81.870002746582,68.7885219423492,82.6771542934438,24.4020429130912,,55.3796396069672,2613.04907204417
MIC,Middle income,2008,82.3000030517578,68.9800130190862,83.7730246649828,23.9229934529198,,53.2555633962478,3073.19618643341
MIC,Middle income,2009,82.7200012207031,69.3980951064878,84.2882935656254,23.6037826745994,,50.7596649438918,3047.40789191738
MIC,Middle income,2010,83.5100021362305,69.7152724941539,85.0122491524685,22.6342653302965,,48.8928891337214,3664.92162337478
MIC,Middle income,2011,83.8199996948242,70.0433399389519,86.5181591427215,21.6951261636734,,46.8370771092161,4240.03549037097
MIC,Middle income,2012,84.0800018310547,70.3714424713366,86.8660111839785,21.5565386983821,,44.5499933253951,4467.32549649132
MIC,Middle income,2013,84.4499969482422,70.653650805728,87.8925900364422,21.5276571634814,,43.1106066708463,4661.49740787105
MIC,Middle income,2014,84.870002746582,70.9352424200034,88.5002027830649,21.5009500348231,,41.3874477917751,4808.99653991663
MIC,Middle income,2015,85.3600006103516,71.2016487222758,89.6952302950203,21.533134520195,,40.2919351330772,4597.60474958281
MIC,Middle income,2016,85.7600021362305,71.4300275716491,90.7202018281775,21.7581991859733,,38.8439677609959,4598.01556540424
MIC,Middle income,2017,85.9599990844727,71.6459926445355,91.7393285084935,21.8466187128767,,37.6468384094244,4970.75305971396
MIC,Middle income,2018,86.370002746582,71.9484629361219,92.8753397189939,21.9723469245979,,37.3739192546255,5231.9314869653
MIC,Middle income,2019,86.4599990844727,72.1773912892027,93.2550308654154,22.4899574267419,,36.6238785213717,5333.00944959533
MIC,Middle income,2020,86.75,71.5113174647439,93.6017586619471,23.3730029547735,,36.5137939030937,5110.03730012152
MIC,Middle income,2021,86.9899978637695,70.3885567961503,94.8051776493539,,,36.1471358530293,5980.00050387597
MIC,Middle income,2022,87.3000030517578,72.5034114518773,94.8234868349066,,,35.6871665968619,6209.92727259514
MIC,Middle income,2023,87.5500030517578,72.7277443304535,95.1313255374831,,,35.1714651787478,6342.84660727863
MKD,North Macedonia,2005,,73.6975609756098,99.1,19.0,26.45000076,13.7,3120.98401394233
MKD,North Macedonia,2006,,73.8951219512195,99.0,19.8,28.62,13.1,3440.4411057968
MKD,North Macedonia,2007,,73.8,99.1,15.7,36.29999924,12.3,4204.11328760452
MKD,North Macedonia,2008,,74.4,99.2,15.6,46.04,11.5,5026.4202989873
MKD,North Macedonia,2009,,74.4463414634146,99.2,18.4,51.77,10.8,4799.78722768888
MKD,North Macedonia,2010,,74.9975609756098,99.5,22.3,51.9,10.4,4833.36586759968
MKD,North Macedonia,2011,,75.1,99.7,18.6,56.7,10.2,5416.86672931659
MKD,North Macedonia,2012,,74.9024390243903,99.6,18.3,57.449947312961,10.4,5049.8265386157
MKD,North Macedonia,2013,,75.4,99.7,21.2,65.24,10.7,5626.26115664893
MKD,North Macedonia,2014,,75.4512195121951,99.8,21.2,68.0584815397496,11.1,5925.38592218015
MKD,North Macedonia,2015,,75.4024390243902,99.9,23.9,70.3802030766689,11.1,5262.68671928674
MKD,North Macedonia,2016,,75.4,100.0,21.4,72.1568144676058,10.6,5598.48622617967
MKD,North Macedonia,2017,,75.9536585365854,100.0,19.0,74.5168241807954,9.6,5955.2973863451
MKD,North Macedonia,2018,,76.6487804878049,99.8,20.9,79.1677551850871,8.4,6713.98925398989
MKD,North Macedonia,2019,,76.6024390243903,100.0,17.0,81.4128827618364,7.1,6718.85826635458
MKD,North Macedonia,2020,,74.3951219512195,100.0,20.0,81.40553811,6.0,6659.59651070776
MKD,North Macedonia,2021,,73.2463414634146,100.0,19.5,81.873703,5.1,7620.80296977508
MKD,North Macedonia,2022,,74.4248780487805,100.0,,83.85030365,4.2,7606.2375253797
MKD,North Macedonia,2023,,75.3160975609756,100.0,,88.5,3.4,8674.35846327485
MLI,Mali,2005,,53.792,18.2,82.3,0.507099986,160.1,548.730382848879
MLI,Mali,2006,26.1800003051758,54.305,16.6,81.7,0.729600012,154.6,586.985415512593
MLI,Mali,2007,,54.756,21.7,78.9,0.81,149.2,670.853394978069
MLI,Mali,2008,,55.187,23.4,75.0,1.57,144.0,767.194838946144
MLI,Mali,2009,,55.588,24.0,78.7,1.799999952,138.9,787.48256428259
MLI,Mali,2010,31.1000003814697,55.993,27.0,84.0,2.0,133.8,797.151541141189
MLI,Mali,2011,30.6200008392334,56.367,28.8,83.6,2.2,128.8,938.292902579598
MLI,Mali,2012,,56.696,25.6,81.2,2.799999952,123.9,872.506092463946
MLI,Mali,2013,,57.052,32.4,84.8,3.5,119.1,901.920957649814
MLI,Mali,2014,,57.482,34.2,84.6,7.0,114.4,947.915033293219
MLI,Mali,2015,33.0699996948242,57.852,37.6,81.2,10.32999992,109.7,838.11986940103
MLI,Mali,2016,,58.286,38.8,77.9,14.0,105.1,872.468587171653
MLI,Mali,2017,,58.562,34.8,77.0,18.89999962,100.6,924.057531692284
MLI,Mali,2018,35.4700012207031,58.873,50.9,77.2,21.39999962,96.2,996.379292136901
MLI,Mali,2019,,59.217,47.9,74.9,24.96030045,91.9,971.949318638092
MLI,Mali,2020,,58.858,50.6,72.8,29.11300087,87.6,953.242943290974
MLI,Mali,2021,,59.116,53.4,71.2,33.95650101,83.6,1027.27345365357
MLI,Mali,2022,,60.035,53.0,71.1,35.19919968,79.7,976.914116406452
MLI,Mali,2023,,60.439,54.5,,36.03879929,76.2,1042.44223444837
MLT,Malta,2005,92.3600006103516,79.3,100.0,0.1,41.24,6.9,15831.3439802756
MLT,Malta,2006,,79.4390243902439,100.0,0.2,40.41,6.9,16653.6038312389
MLT,Malta,2007,,79.7926829268293,100.0,0.2,46.9,6.9,19444.1743635565
MLT,Malta,2008,,79.6365853658537,100.0,0.2,50.08,6.9,22405.6426266551
MLT,Malta,2009,,80.2414634146342,100.0,0.3,58.86,6.9,21261.5428699817
MLT,Malta,2010,,81.3975609756098,100.0,1.2,63.0,6.9,21946.6073066905
MLT,Malta,2011,93.3099975585938,80.7463414634146,100.0,2.0,68.0198237885462,6.8,23516.972445816
MLT,Malta,2012,,80.7463414634146,100.0,2.7,68.1998742928975,6.8,22878.3095862582
MLT,Malta,2013,,81.7463414634146,100.0,3.2,68.9138,6.7,25415.5525389054
MLT,Malta,2014,,81.8951219512195,100.0,4.5,73.1141157845193,6.7,27424.5693619702
MLT,Malta,2015,,81.7975609756098,100.0,6.0,75.9600189752747,6.6,25529.6693210673
MLT,Malta,2016,,82.3536585365854,100.0,9.2,78.0751488032182,6.5,26459.0644285369
MLT,Malta,2017,,82.1951219512195,100.0,7.3,81.0119110762945,6.4,30317.2611769875
MLT,Malta,2018,,82.2487804878049,100.0,7.6,81.6580442928014,6.3,33382.280781103
MLT,Malta,2019,,82.6585365853659,100.0,7.4,85.7785963798031,6.1,32421.9087471186
MLT,Malta,2020,,82.0975609756098,100.0,9.2,86.85876183,6.0,31823.422001724
MLT,Malta,2021,,82.2585365853659,100.0,8.6,87.46977742,5.8,38078.0064279067
MLT,Malta,2022,,82.2975609756098,100.0,,91.54062209,5.6,35658.8318250199
MLT,Malta,2023,,83.3560975609756,100.0,,92.07266941,5.5,40932.5238774461
MMR,Myanmar,2005,,61.72,47.3,79.6,0.065200001,76.3,252.685193060728
MMR,Myanmar,2006,,62.026,48.4,81.3,0.18204833106115,73.6,303.495087119254
MMR,Myanmar,2007,,62.367,49.5,80.5,0.217128445069958,70.8,419.375780725042
MMR,Myanmar,2008,,56.364,50.6,85.6,0.22,101.7,658.442487229705
MMR,Myanmar,2009,,63.095,51.8,85.8,0.219999999,65.1,758.442935789255
MMR,Myanmar,2010,,63.479,48.8,84.6,0.25,62.4,1010.53417343401
MMR,Myanmar,2011,,63.859,54.1,83.8,0.98,59.7,1213.62898703376
MMR,Myanmar,2012,,64.251,55.3,78.1,1.399999976,57.0,1202.6658960055
MMR,Myanmar,2013,,64.617,56.5,75.6,1.799999952,54.6,1199.09561597055
MMR,Myanmar,2014,90.3600006103516,64.994,52.0,72.0,7.400000095,52.4,1293.00042298688
MMR,Myanmar,2015,,65.288,60.5,70.0,10.89999962,50.5,1166.73305546337
MMR,Myanmar,2016,84.7799987792969,65.64,55.6,68.8,16.0,48.7,1229.19713515893
MMR,Myanmar,2017,,65.909,69.8,59.5,23.621081950267,46.8,1272.82241830603
MMR,Myanmar,2018,95.8142859113662,66.232,66.1,59.4,29.37899971,45.2,1298.21310320785
MMR,Myanmar,2019,89.0699996948242,66.457,68.3,58.5,36.54050064,43.6,1425.98954211903
MMR,Myanmar,2020,93.527395549521,66.612,70.4,59.2,45.4477005,42.1,1490.21683548367
MMR,Myanmar,2021,,65.553,72.5,62.9,,40.8,1242.72134419599
MMR,Myanmar,2022,,66.506,73.7,,,39.5,1158.05005034332
MMR,Myanmar,2023,,66.889,76.8,,,38.1,1233.19666209269
MNA,"Middle East, North Africa, Afghanistan & Pakistan (excluding high income)",2005,,66.853402612801,84.9004337403584,12.4721454152737,7.5,65.7828528420864,1657.11019014742
MNA,"Middle East, North Africa, Afghanistan & Pakistan (excluding high income)",2006,,67.3815240346302,86.7067349035165,12.0275723840766,8.4,63.8828983214164,1883.12072392022
MNA,"Middle East, North Africa, Afghanistan & Pakistan (excluding high income)",2007,,67.6503603993861,86.1326479228012,11.4371725209298,9.7,61.8559491743971,2237.26190656626
MNA,"Middle East, North Africa, Afghanistan & Pakistan (excluding high income)",2008,,67.9910660173055,87.1227921210742,11.1816613915187,11.7,60.0605390860058,2658.20562971484
MNA,"Middle East, North Africa, Afghanistan & Pakistan (excluding high income)",2009,,68.2744546682628,87.8019637831564,11.0947663614785,13.5,58.3663299864853,2515.92356926376
MNA,"Middle East, North Africa, Afghanistan & Pakistan (excluding high income)",2010,,68.4912505131132,89.7853987089534,11.2058888704594,15.5,56.606004469962,2821.50866622906
MNA,"Middle East, North Africa, Afghanistan & Pakistan (excluding high income)",2011,,68.6624095113408,90.0032683061914,11.0708127254411,16.9,54.8421887091685,3237.8356313737
MNA,"Middle East, North Africa, Afghanistan & Pakistan (excluding high income)",2012,,68.6913310388784,91.1539591115329,11.0420215371111,18.7,53.3649585528709,3417.92480806409
MNA,"Middle East, North Africa, Afghanistan & Pakistan (excluding high income)",2013,,68.9136300385634,92.5410186202545,11.1442150564461,21.3,51.5708395126252,3153.94010992027
MNA,"Middle East, North Africa, Afghanistan & Pakistan (excluding high income)",2014,,69.1715558421355,93.4955408707138,11.0400705993001,24.7,49.8162056878113,3079.70398875281
MNA,"Middle East, North Africa, Afghanistan & Pakistan (excluding high income)",2015,,69.2873263613117,92.8277634911895,11.2870521999878,27.6,48.3695161809907,2808.6233441937
MNA,"Middle East, North Africa, Afghanistan & Pakistan (excluding high income)",2016,,69.5328376363007,94.7049071241041,11.1503064832308,30.8,46.8492727969889,2869.01813118566
MNA,"Middle East, North Africa, Afghanistan & Pakistan (excluding high income)",2017,,69.8141316373328,95.6230221837644,10.9413685116146,34.8,45.7708991752807,2865.83515636992
MNA,"Middle East, North Africa, Afghanistan & Pakistan (excluding high income)",2018,,70.0733668958653,94.5093636648155,10.9619732223084,37.6,45.0311073861595,2815.3901774218
MNA,"Middle East, North Africa, Afghanistan & Pakistan (excluding high income)",2019,,70.417484585256,95.6437471934695,11.4865470725413,41.5,43.9889081854891,2701.71325265282
MNA,"Middle East, North Africa, Afghanistan & Pakistan (excluding high income)",2020,,69.050634286622,95.9173702775193,11.2181326344417,46.4,42.7294271759822,2415.26254491139
MNA,"Middle East, North Africa, Afghanistan & Pakistan (excluding high income)",2021,,68.9280214782653,96.0956018888668,,50.2,41.7122880124507,2760.50031198582
MNA,"Middle East, North Africa, Afghanistan & Pakistan (excluding high income)",2022,,71.0055315443397,95.483714372763,,54.1,40.5260963028876,3022.54814280134
MNA,"Middle East, North Africa, Afghanistan & Pakistan (excluding high income)",2023,,71.2758849884582,96.0854287468734,,55.9,39.6509729252887,2872.39008505083
MNE,Montenegro,2005,,73.9829268292683,99.8,47.6,27.10000038,10.6,3675.98851272723
MNE,Montenegro,2006,,73.8390243902439,99.0,44.8,28.89999962,9.7,4422.55172559508
MNE,Montenegro,2007,,74.3390243902439,99.0,42.3,30.79999924,8.9,5979.43813180981
MNE,Montenegro,2008,,75.1365853658537,99.0,38.8,32.90000153,8.1,7390.01481290503
MNE,Montenegro,2009,,75.1439024390244,99.1,49.2,35.09999847,7.4,6726.67589734408
MNE,Montenegro,2010,,75.990243902439,99.2,49.1,37.5,6.7,6678.63939560908
MNE,Montenegro,2011,98.4400024414062,76.0829268292683,99.0,42.8,35.6115412460109,6.1,7265.51771176628
MNE,Montenegro,2012,,76.3,99.3,45.9,56.8387825490631,5.5,6552.47970337373
MNE,Montenegro,2013,,76.490243902439,99.7,49.3,60.31,5.0,7102.7776714702
MNE,Montenegro,2014,,76.3390243902439,97.7,46.0,63.8868840056697,4.6,7342.17147363741
MNE,Montenegro,2015,,76.6024390243903,99.5,43.0,68.1197860085679,4.2,6421.00005731419
MNE,Montenegro,2016,,76.5414634146342,99.6,43.9,69.8816468416779,3.9,6968.01202883651
MNE,Montenegro,2017,,76.6853658536585,100.0,37.8,71.2723325399382,3.6,7674.2856571219
MNE,Montenegro,2018,98.5299987792969,77.8853658536585,100.0,40.6,71.5171004874886,3.3,8673.59469069858
MNE,Montenegro,2019,,76.6829268292683,100.0,38.7,73.4766657478691,3.1,8749.25629734676
MNE,Montenegro,2020,,75.9317073170732,99.9,39.6,77.60879306,2.9,7555.48699036321
MNE,Montenegro,2021,,73.8243902439024,99.8,39.6,82.21969752,2.8,9315.86435643142
MNE,Montenegro,2022,,76.1878048780488,100.0,,88.22192026,2.6,10038.1849482517
MNE,Montenegro,2023,,77.5878048780488,100.0,,88.5515976,2.5,12258.1600477339
MNG,Mongolia,2005,,65.2807317073171,86.2,5.3,9.0,40.5,994.90010913241
MNG,Mongolia,2006,,65.9021951219512,77.0,4.5,9.0,37.0,1329.89179579053
MNG,Mongolia,2007,,66.5934146341464,78.1,4.7,9.0,33.8,1627.68787743359
MNG,Mongolia,2008,,67.2460975609756,79.2,4.7,9.800000191,31.0,2127.42678594737
MNG,Mongolia,2009,,67.9690243902439,80.3,4.4,10.0,28.5,1703.32756790019
MNG,Mongolia,2010,98.2600021362305,68.5056097560976,78.5,4.5,10.2,26.3,2625.21881402433
MNG,Mongolia,2011,,69.109268292683,72.1,4.0,12.4999911084745,24.4,3736.04201455077
MNG,Mongolia,2012,,69.500243902439,83.7,3.0,16.4,22.8,4328.89001905655
MNG,Mongolia,2013,,70.0980487804878,81.2,3.0,17.699984237,21.5,4340.14310544449
MNG,Mongolia,2014,,70.5831707317073,86.0,3.3,19.9424474349209,20.4,4126.23975800524
MNG,Mongolia,2015,,70.810243902439,88.0,3.5,22.5000041337688,19.4,3838.92126989984
MNG,Mongolia,2016,,70.2239024390244,90.8,3.4,22.2657705007562,18.4,3619.90026383792
MNG,Mongolia,2017,,70.5434146341463,93.6,1.8,23.71430016,17.4,3645.96708669551
MNG,Mongolia,2018,96.9000015258789,70.8270731707317,98.1,2.1,47.1300018848989,16.4,4107.64288528468
MNG,Mongolia,2019,98.4599990844727,71.0531707317073,98.9,2.3,51.079994082603,15.6,4347.54610314873
MNG,Mongolia,2020,99.1800003051758,71.3490243902439,99.5,2.9,62.50002848,14.8,4001.25193077703
MNG,Mongolia,2021,99.2143568969301,71.6451219512195,100.0,3.0,81.60682285,14.3,4517.61578018785
MNG,Mongolia,2022,98.7300033569336,71.9007317073171,100.0,,81.07720184,13.9,4993.51487463495
MNG,Mongolia,2023,98.6399993896484,72.1224390243902,100.0,,83.74320221,13.6,5838.63108083902
MNP,Northern Mariana Islands,2005,,77.307,99.8,0.0,,,17015.7487891715
MNP,Northern Mariana Islands,2006,,77.688,99.7,0.0,,,16314.5578590027
MNP,Northern Mariana Islands,2007,,77.863,100.0,0.0,,,15914.2193040498
MNP,Northern Mariana Islands,2008,,77.938,100.0,0.0,,,16430.4461942257
MNP,Northern Mariana Islands,2009,,77.903,100.0,0.0,,,14369.6339810212
MNP,Northern Mariana Islands,2010,,77.8,100.0,0.0,,,14771.4037455399
MNP,Northern Mariana Islands,2011,,77.688,100.0,0.0,,,13598.7166094613
MNP,Northern Mariana Islands,2012,,77.566,100.0,0.0,,,14013.6003306158
MNP,Northern Mariana Islands,2013,,77.452,100.0,0.0,,,14632.8518897608
MNP,Northern Mariana Islands,2014,,77.377,100.0,0.0,,,15945.417608954
MNP,Northern Mariana Islands,2015,,77.36,100.0,0.0,,,17665.1007493109
MNP,Northern Mariana Islands,2016,,77.392,100.0,0.0,,,24225.474169342
MNP,Northern Mariana Islands,2017,,77.47,100.0,0.0,,,31225.6049960968
MNP,Northern Mariana Islands,2018,,77.51,100.0,0.0,,,26509.3628379893
MNP,Northern Mariana Islands,2019,,77.844,100.0,0.0,,,24496.6652122421
MNP,Northern Mariana Islands,2020,,78.03,100.0,0.3,,,18220.8382427201
MNP,Northern Mariana Islands,2021,,78.16,100.0,0.5,,,19455.50139424
MNP,Northern Mariana Islands,2022,,78.531,100.0,0.5,,,23785.754590043
MNP,Northern Mariana Islands,2023,,78.808,100.0,,,,
MOZ,Mozambique,2005,,52.322,11.8,93.7,0.854399979,125.7,436.773856167384
MOZ,Mozambique,2006,,52.748,13.0,93.1,0.842954488044236,118.8,457.487647833183
MOZ,Mozambique,2007,,53.255,12.4,87.5,0.91,110.7,507.874923914304
MOZ,Mozambique,2008,,53.799,13.6,88.1,1.56,104.4,592.159111184122
MOZ,Mozambique,2009,50.5800018310547,54.4,15.0,86.1,2.68,98.3,547.697144193651
MOZ,Mozambique,2010,,55.04,18.9,84.9,4.17,95.6,496.185839392659
MOZ,Mozambique,2011,,55.733,20.2,85.4,4.599999905,91.1,618.17649286789
MOZ,Mozambique,2012,,56.46,21.2,84.5,5.0,86.5,685.685748199513
MOZ,Mozambique,2013,,57.189,22.4,83.1,5.5,82.9,686.505672517351
MOZ,Mozambique,2014,,57.965,24.8,81.2,6.0,79.7,697.142680444123
MOZ,Mozambique,2015,56.0400009155273,58.711,24.0,80.1,6.5,75.8,610.563774706589
MOZ,Mozambique,2016,,59.455,26.2,77.4,7.0,73.3,441.489734819071
MOZ,Mozambique,2017,60.6599998474121,60.148,24.3,78.2,7.7963266079129,72.0,470.93856305196
MOZ,Mozambique,2018,,60.79,31.1,79.0,10.89999962,70.2,517.507260258101
MOZ,Mozambique,2019,,61.306,29.7,77.5,12.47929955,68.6,519.09255091362
MOZ,Mozambique,2020,59.7799987792969,61.39,30.6,80.2,14.28740025,67.6,462.433876479921
MOZ,Mozambique,2021,,60.268,31.5,76.9,16.35759926,65.5,509.907829475551
MOZ,Mozambique,2022,61.6653441678133,63.011,33.2,,18.96220016,63.9,578.273222184503
MOZ,Mozambique,2023,,63.611,36.0,,19.94560051,61.7,622.191133245967
MRT,Mauritania,2005,,63.92,18.2,38.8,0.670000017,72.5,998.96583416747
MRT,Mauritania,2006,,64.493,27.0,39.1,0.979700029,68.1,1300.60367988659
MRT,Mauritania,2007,,64.885,33.0,35.6,1.433599949,64.3,1405.15016203368
MRT,Mauritania,2008,,65.233,30.0,35.8,1.870000005,61.3,1635.5630623124
MRT,Mauritania,2009,,65.485,31.1,33.4,2.279999971,58.8,1435.43010811893
MRT,Mauritania,2010,,65.661,34.2,34.0,4.0,56.8,1659.96369705455
MRT,Mauritania,2011,,65.754,35.3,33.3,4.5,55.1,1931.19975525465
MRT,Mauritania,2012,,65.808,36.4,31.9,5.0,53.5,1859.11733247641
MRT,Mauritania,2013,62.0699996948242,65.89,37.6,35.1,6.199999809,52.1,1936.26950446101
MRT,Mauritania,2014,,66.207,38.8,31.0,11.80000019,50.6,1718.97089374709
MRT,Mauritania,2015,65.1100006103516,66.498,39.5,28.3,17.60000038,49.1,1558.84205473416
MRT,Mauritania,2016,,66.823,41.2,31.7,19.23279953,47.7,1568.00551190332
MRT,Mauritania,2017,,67.088,42.9,25.5,21.01720047,46.2,1617.93401542267
MRT,Mauritania,2018,,67.419,43.6,21.6,22.96699905,44.7,1723.37809442655
MRT,Mauritania,2019,,67.64,44.9,21.2,25.0977993,43.4,1767.072710621
MRT,Mauritania,2020,59.5299987792969,66.794,45.4,20.9,29.90649986,42.0,1795.72437324423
MRT,Mauritania,2021,,66.762,47.7,22.1,35.63660049,40.7,1947.47413907209
MRT,Mauritania,2022,,68.281,49.0,19.6,42.46450043,39.4,1961.28166648869
MRT,Mauritania,2023,,68.484,50.3,,44.95629883,38.1,2127.9576285973
MUS,Mauritius,2005,,72.4321951219512,99.0,17.6,15.1722002,15.6,5354.02974260642
MUS,Mauritius,2006,,72.4321951219512,99.0,16.4,16.7,15.4,5784.22491883026
MUS,Mauritius,2007,,72.5707317073171,99.0,15.7,20.22,15.2,6677.37538616398
MUS,Mauritius,2008,,72.5707317073171,99.0,12.7,21.81,15.0,8140.47983639243
MUS,Mauritius,2009,,72.8824390243903,99.0,12.8,22.51,14.9,7426.86137313939
MUS,Mauritius,2010,,72.9673170731707,99.4,12.8,28.33,14.8,8113.17670740212
MUS,Mauritius,2011,89.25,73.2668292682927,99.6,12.0,34.95000076,14.9,9324.24232310496
MUS,Mauritius,2012,91.7699966430664,73.8634146341464,99.4,11.4,35.42,15.0,9421.52514098225
MUS,Mauritius,2013,91.4899978637695,74.0170731707317,99.4,11.4,40.116825135,14.9,9877.13865958834
MUS,Mauritius,2014,92.4700012207031,74.1943902439024,99.5,10.6,44.8032753683379,14.7,10490.3315563853
MUS,Mauritius,2015,92.7099990844727,74.3531707317073,99.6,11.5,50.1393184766711,14.5,9630.5437837507
MUS,Mauritius,2016,93.1600036621094,74.3948780487805,99.7,10.3,52.19129944,14.6,10095.1225574156
MUS,Mauritius,2017,,74.5146341463415,99.6,9.4,55.4032403002657,15.0,10986.7034093005
MUS,Mauritius,2018,,74.4163414634146,99.8,9.2,58.596169704299,15.4,11818.7480619272
MUS,Mauritius,2019,,74.2358536585366,100.0,8.9,61.7299551453346,15.7,11568.2533399824
MUS,Mauritius,2020,,74.1770731707317,99.5,9.4,67.73290684,15.8,9135.84773751062
MUS,Mauritius,2021,92.9800213334339,73.680243902439,99.6,8.6,71.59999847,15.7,9177.71195973013
MUS,Mauritius,2022,,73.5146341463415,100.0,,75.5,15.5,10246.5017455553
MUS,Mauritius,2023,94.2877776512134,73.4121951219512,100.0,,79.5,15.4,11269.9684462139
MWI,Malawi,2005,,52.469,6.6,83.2,0.384499997,109.7,414.361121984475
MWI,Malawi,2006,,53.652,3.7,82.8,0.425099999,102.7,440.822149023873
MWI,Malawi,2007,,54.687,7.4,82.2,0.965864736553132,96.9,475.180261659331
MWI,Malawi,2008,,55.715,7.8,80.4,0.7,91.0,554.048820396119
MWI,Malawi,2009,,56.714,8.3,80.0,1.07,85.3,625.869729869625
MWI,Malawi,2010,,57.787,8.7,81.2,2.26,80.1,683.124694716799
MWI,Malawi,2011,,58.859,7.6,80.2,3.33,74.0,763.061000394572
MWI,Malawi,2012,,59.87,7.4,80.2,4.350599766,67.9,558.46208832772
MWI,Malawi,2013,,60.816,9.0,79.8,5.050000191,62.9,496.947368267313
MWI,Malawi,2014,,61.651,11.9,82.8,5.829999924,60.0,529.5133440206
MWI,Malawi,2015,,62.324,10.8,81.0,6.0,57.4,539.605363240686
MWI,Malawi,2016,,63.163,11.0,78.9,6.300000191,55.8,450.506105510719
MWI,Malawi,2017,72.8266778164735,63.914,12.7,76.9,7.0,53.8,495.769683367165
MWI,Malawi,2018,76.7200012207031,64.464,18.0,73.2,8.798299789,52.0,533.202567189331
MWI,Malawi,2019,,64.995,11.2,70.9,11.05860043,51.3,580.889139762475
MWI,Malawi,2020,70.1500015258789,65.216,11.5,71.5,13.89949989,50.4,602.507478176106
MWI,Malawi,2021,,64.782,14.2,71.1,15.30300045,50.0,617.446994451007
MWI,Malawi,2022,,66.037,14.0,62.9,16.84830093,50.1,604.269740360317
MWI,Malawi,2023,,67.353,15.6,,17.98810346,49.6,633.214767978695
MYS,Malaysia,2005,,74.37,98.7,3.0,48.6291702459839,8.3,5555.58179951206
MYS,Malaysia,2006,,74.697,98.8,3.1,51.6379889864403,8.3,6158.40785533236
MYS,Malaysia,2007,,74.961,98.9,2.8,55.7,8.3,7168.93031942508
MYS,Malaysia,2008,,75.151,99.0,3.0,55.8,8.2,8371.82156086005
MYS,Malaysia,2009,,75.269,99.3,2.3,55.9,8.2,7191.43287234626
MYS,Malaysia,2010,93.120002746582,75.376,99.5,2.0,56.3,8.1,8899.34505544675
MYS,Malaysia,2011,,75.488,99.5,2.2,61.0,8.1,10217.1068585031
MYS,Malaysia,2012,,75.552,99.8,2.5,65.8,8.0,10600.5744240026
MYS,Malaysia,2013,,75.464,99.6,2.8,57.05751226,8.0,10713.6407638899
MYS,Malaysia,2014,,75.345,99.7,3.0,63.6654258813225,8.1,11013.3107334403
MYS,Malaysia,2015,,75.288,99.9,3.4,71.0640678111957,8.2,9648.6797937523
MYS,Malaysia,2016,94.879997253418,75.371,99.9,4.4,78.7883099275229,8.2,9476.53409809923
MYS,Malaysia,2017,95.0800018310547,75.542,100.0,5.2,80.1404790103961,8.2,9862.54806612235
MYS,Malaysia,2018,94.8499984741211,75.734,100.0,5.3,81.2010486181174,8.2,10901.8019954421
MYS,Malaysia,2019,94.9700012207031,75.9,100.0,5.7,84.1871450078281,8.2,10920.191763972
MYS,Malaysia,2020,,76.057,100.0,7.0,89.55501192,8.2,9957.52626697613
MYS,Malaysia,2021,,73.917,100.0,7.5,96.7514278,8.2,10903.1037480772
MYS,Malaysia,2022,95.7699966430664,75.444,100.0,,97.3986404,8.2,11754.5678336248
MYS,Malaysia,2023,,76.657,100.0,,97.69272633,8.3,11386.0395636528
NAC,North America,2005,98.6399993896484,77.7462382909607,100.0,7.50163259617031,68.3,7.8,43368.601911774
NAC,North America,2006,98.6600036621094,77.9690402937581,100.0,7.99064384156515,69.3,7.7,45741.3313198546
NAC,North America,2007,98.6699981689453,78.2395331531403,100.0,7.94211967922515,74.8,7.6,47727.7733811193
NAC,North America,2008,98.6900024414062,78.3038592516027,100.0,8.39672268148695,74.3,7.5,48398.3833708608
NAC,North America,2009,,78.6547128363776,100.0,8.92392050805303,71.9,7.3,46581.4200397343
NAC,North America,2010,,78.8169547045614,100.0,8.88269795903184,72.5,7.2,48545.8113186856
NAC,North America,2011,,78.9234323511493,100.0,9.86206424776275,71.0,7.0,50252.0190049531
NAC,North America,2012,,79.0322253270364,100.0,10.0055359347168,75.5,6.9,51812.8656700661
NAC,North America,2013,,79.0411295925553,100.0,10.3906457230113,72.8,6.8,53240.3655883832
NAC,North America,2014,,79.135655352291,100.0,10.4893842157596,74.4,6.7,54742.8371458308
NAC,North America,2015,,79.0036254654542,100.0,10.3923884465868,76.1,6.6,55534.4614029189
NAC,North America,2016,,78.8800103845064,100.0,10.724670511025,86.1,6.6,56416.7892083026
NAC,North America,2017,98.75,78.868288279967,100.0,11.2091690751112,87.8,6.5,58555.9003870103
NAC,North America,2018,98.7600021362305,78.960276789842,100.0,11.3114262085469,89.1,6.4,61228.2000482629
NAC,North America,2019,98.7600021362305,79.1328897249464,100.0,11.5807525012806,89.7,6.4,63306.810223782
NAC,North America,2020,98.7699966430664,77.4492825889982,100.0,12.4628823400948,90.5,6.4,62319.8671337986
NAC,North America,2021,98.7900009155273,76.8590190564362,100.0,,91.5,6.4,69532.9041926862
NAC,North America,2022,98.7900009155273,77.817206254568,100.0,,92.6,6.4,75769.6975468613
NAC,North America,2023,,78.7304513464606,100.0,,93.3,6.4,79647.6390981082
NAM,Namibia,2005,,52.557,39.6,34.6,4.010000229,71.0,3685.77299991587
NAM,Namibia,2006,,53.183,40.5,35.8,4.39887064732726,66.0,4017.1834716928
NAM,Namibia,2007,,54.026,43.7,36.5,4.83561077833704,62.0,4379.04313682732
NAM,Namibia,2008,,54.74,42.4,32.5,5.32900377208954,57.5,4204.78555422749
NAM,Namibia,2009,,55.347,44.1,33.4,6.5,53.2,4302.91374148376
NAM,Namibia,2010,,56.093,44.4,31.2,11.6,50.3,5418.21633365814
NAM,Namibia,2011,88.2699966430664,56.647,42.3,31.6,12.0,50.0,5834.7917675794
NAM,Namibia,2012,,57.733,46.4,31.9,12.94139957,52.6,5942.64680978673
NAM,Namibia,2013,,58.468,47.4,30.7,13.89999962,50.8,5346.62131149967
NAM,Namibia,2014,,59.311,48.4,30.2,14.84000015,50.0,5378.32326241205
NAM,Namibia,2015,,60.008,51.6,29.3,25.68790054,51.8,4774.10650865775
NAM,Namibia,2016,88.1304979203867,60.81,49.7,29.2,31.0333004,51.4,4395.68776162376
NAM,Namibia,2017,,61.661,52.5,30.2,36.83739853,49.8,5143.96072323076
NAM,Namibia,2018,88.2832376600657,62.579,52.3,30.9,42.8207016,48.5,5308.60813408705
NAM,Namibia,2019,,63.546,53.3,30.2,49.77590179,46.6,4731.9210318831
NAM,Namibia,2020,,64.071,52.3,31.2,57.8608017,44.8,3878.58982993966
NAM,Namibia,2021,,60.85,55.2,30.0,60.25999832,43.2,4412.8355693052
NAM,Namibia,2022,,64.19,56.2,,62.99720001,41.6,4349.79908493314
NAM,Namibia,2023,87.6399993896484,67.385,56.7,,63.69549942,41.1,4225.99102418102
NCL,New Caledonia,2005,,74.867,100.0,5.1,32.3590147531561,,25528.2918353444
NCL,New Caledonia,2006,,75.016,100.0,4.5,33.5157146807209,,28193.2537573387
NCL,New Caledonia,2007,,75.181,100.0,5.8,35.05,,35177.6535261448
NCL,New Caledonia,2008,,75.398,100.0,7.8,34.51,,35723.9033194947
NCL,New Caledonia,2009,,75.676,100.0,7.0,33.99,,33836.494080472
NCL,New Caledonia,2010,,75.992,100.0,4.8,42.0,,35798.9084757829
NCL,New Caledonia,2011,,76.315,100.0,5.9,50.0,,38835.9401851385
NCL,New Caledonia,2012,,76.615,100.0,6.2,58.0,,35559.5672006157
NCL,New Caledonia,2013,,76.867,100.0,6.6,66.0,,36671.1566752621
NCL,New Caledonia,2014,,77.053,100.0,4.3,70.0,,37816.9558599295
NCL,New Caledonia,2015,,77.206,100.0,5.1,74.00175279141,,30858.7237060533
NCL,New Caledonia,2016,,77.359,100.0,3.7,,,30782.8544433514
NCL,New Caledonia,2017,,77.504,100.0,5.1,82.0058408035186,,32354.7102832901
NCL,New Caledonia,2018,,77.557,100.0,4.6,,,34902.8968780031
NCL,New Caledonia,2019,,77.262,100.0,5.2,,,33411.3358835672
NCL,New Caledonia,2020,,77.049,100.0,6.1,,,33270.330597637
NCL,New Caledonia,2021,,77.113,100.0,8.3,,,35311.5543551452
NCL,New Caledonia,2022,,77.698,100.0,9.6,,,33516.363085906
NCL,New Caledonia,2023,,78.766,100.0,,,,33701.8923322781
NER,Niger,2005,28.6700000762939,53.32,7.1,87.5,0.221300006,171.4,318.643121918273
NER,Niger,2006,,54.223,9.3,87.4,0.294,161.6,333.345078419447
NER,Niger,2007,,55.063,11.2,86.2,0.390399992,153.1,387.168065883301
NER,Niger,2008,,55.852,11.8,86.1,0.7,146.0,475.044955398162
NER,Niger,2009,,56.487,12.3,83.2,0.76,140.3,461.131533961487
NER,Niger,2010,,57.08,13.6,80.7,0.829999983,136.0,474.425692340831
NER,Niger,2011,,57.6,14.3,77.2,0.9,132.7,510.75956176268
NER,Niger,2012,30.5599994659424,57.987,14.4,72.7,1.049999952,130.3,528.510104469655
NER,Niger,2013,,58.364,15.2,78.7,1.149999976,128.3,552.103334363117
NER,Niger,2014,29.0437067944143,58.693,15.7,78.1,1.24867568902241,126.8,565.30989731175
NER,Niger,2015,,58.85,16.6,78.9,2.476200104,125.4,485.662574175279
NER,Niger,2016,,59.228,17.0,80.2,4.322800159,124.3,499.910520068193
NER,Niger,2017,,59.524,17.6,82.0,10.2243115586561,123.1,529.929418934868
NER,Niger,2018,33.0499992370605,59.765,17.6,82.0,10.74180031,121.9,576.927536415462
NER,Niger,2019,,60.031,18.5,80.7,11.28549957,120.8,541.265819870273
NER,Niger,2020,,59.89,18.7,81.9,11.85680008,119.5,575.451340306915
NER,Niger,2021,,59.542,18.6,79.6,12.45689964,118.0,609.585703670137
NER,Niger,2022,35.6100006103516,60.398,19.5,,13.08749962,116.0,613.614736429298
NER,Niger,2023,,61.183,20.1,,12.98079967,113.5,647.930108509567
NGA,Nigeria,2005,,49.538,46.8,83.9,3.54915571796492,145.8,1211.37703504386
NGA,Nigeria,2006,70.1999969482422,49.876,47.6,85.8,5.54503608300536,140.9,1599.53891556365
NGA,Nigeria,2007,,50.381,50.1,87.1,6.769999981,136.5,1815.52697545827
NGA,Nigeria,2008,,50.748,50.3,85.7,8.0,132.5,2154.10543545364
NGA,Nigeria,2009,,51.08,50.0,88.1,9.300000191,129.2,1820.48633854782
NGA,Nigeria,2010,,51.315,48.0,86.0,11.5,126.3,2202.25672957344
NGA,Nigeria,2011,,51.49,55.9,84.1,13.80000019,123.8,2418.41316975875
NGA,Nigeria,2012,,51.688,53.0,83.9,16.10000038,121.6,2633.19734671361
NGA,Nigeria,2013,,51.827,55.6,81.4,19.10000038,119.9,2872.79083379398
NGA,Nigeria,2014,,51.94,54.2,79.9,21.0,118.7,3088.72131316169
NGA,Nigeria,2015,,51.939,52.5,81.3,22.51420021,117.8,2585.73360671797
NGA,Nigeria,2016,58.2200012207031,52.189,59.3,81.1,24.13750076,117.4,2070.4127339595
NGA,Nigeria,2017,,52.397,54.4,81.6,25.87789917,117.2,1876.34027111773
NGA,Nigeria,2018,,52.669,56.5,80.8,27.74370003,117.2,2057.87944554011
NGA,Nigeria,2019,,53.009,55.4,80.1,29.74410057,117.4,3189.81286496183
NGA,Nigeria,2020,,53.072,55.4,81.8,31.88879967,117.4,2797.184580679
NGA,Nigeria,2021,63.1599998474121,53.455,59.5,80.3,35.50979996,117.6,2787.48779220991
NGA,Nigeria,2022,,54.079,60.5,,39.14720154,117.5,2899.16047469267
NGA,Nigeria,2023,,54.462,61.2,,40.06399918,116.8,2138.76383718757
NIC,Nicaragua,2005,78.0,70.374,73.8,52.8,2.566400051,29.7,1183.30214010175
NIC,Nicaragua,2006,,70.958,76.3,53.3,2.8055730627337,28.4,1248.17371577788
NIC,Nicaragua,2007,,71.197,76.9,52.6,3.900000095,27.1,1350.38145753377
NIC,Nicaragua,2008,,71.404,77.5,53.8,5.300000191,25.8,1523.68437086409
NIC,Nicaragua,2009,,71.499,77.9,54.6,7.300000191,24.5,1467.08288052845
NIC,Nicaragua,2010,,71.761,80.1,54.4,10.0,23.2,1526.56706951408
NIC,Nicaragua,2011,,72.033,81.2,53.3,10.6,21.9,1679.71192084633
NIC,Nicaragua,2012,85.6105708963441,72.435,81.3,53.3,13.5,20.6,1784.69836017555
NIC,Nicaragua,2013,,72.551,81.9,54.3,15.5,19.4,1835.43996363715
NIC,Nicaragua,2014,87.327180649097,72.792,81.9,53.0,17.60000038,18.3,1958.37047579547
NIC,Nicaragua,2015,,72.899,83.2,50.0,19.70429993,17.2,2074.45620634731
NIC,Nicaragua,2016,,73.18,83.9,49.5,24.57180023,16.1,2131.68704828322
NIC,Nicaragua,2017,,73.389,84.6,48.9,30.39999962,15.3,2182.61380995674
NIC,Nicaragua,2018,,73.879,85.2,51.3,33.9129982,14.6,2035.16549390507
NIC,Nicaragua,2019,,73.764,85.7,50.5,39.01079941,14.3,1958.62051528095
NIC,Nicaragua,2020,,70.766,86.0,52.2,44.87490082,14.2,1938.44704754382
NIC,Nicaragua,2021,,70.478,86.3,50.4,51.62039948,14.2,2138.38573878237
NIC,Nicaragua,2022,,74.463,86.5,,59.38000107,14.3,2322.89069619459
NIC,Nicaragua,2023,,74.947,88.3,,60.30120087,13.8,2609.44491147975
NLD,Netherlands,2005,,79.3463414634146,100.0,2.7,81.0,5.3,42165.396168388
NLD,Netherlands,2006,,79.6975609756098,100.0,3.1,83.7,5.1,45123.5432406426
NLD,Netherlands,2007,,80.0975609756098,100.0,3.7,85.82,4.9,52100.7996285947
NLD,Netherlands,2008,,80.2512195121951,100.0,3.9,87.42,4.7,58246.7026905874
NLD,Netherlands,2009,,80.5487804878049,100.0,4.4,89.63,4.6,53172.0261581418
NLD,Netherlands,2010,,80.7024390243902,100.0,3.9,90.72,4.4,51305.7338533973
NLD,Netherlands,2011,,81.2048780487805,100.0,4.7,91.4199957622284,4.3,54701.7728030611
NLD,Netherlands,2012,,81.1048780487805,100.0,4.9,92.859992359525,4.2,50473.9442002689
NLD,Netherlands,2013,,81.3048780487805,100.0,5.0,93.9564,4.2,52602.2860520766
NLD,Netherlands,2014,,81.7073170731707,100.0,5.6,91.6666666666667,4.1,53457.2234864322
NLD,Netherlands,2015,,81.509756097561,100.0,5.8,91.7241379310345,4.1,45793.8135434697
NLD,Netherlands,2016,,81.5609756097561,100.0,5.6,90.4109589041096,4.1,46808.5291492503
NLD,Netherlands,2017,,81.7609756097561,100.0,6.4,93.1972789115646,4.0,49513.6817346384
NLD,Netherlands,2018,,81.8121951219512,100.0,7.4,91.8918918918919,4.0,53955.0770024266
NLD,Netherlands,2019,,82.1121951219512,100.0,8.6,93.2885906040269,4.0,53554.9007491475
NLD,Netherlands,2020,,81.3585365853659,100.0,10.7,91.33333333,4.0,53467.9277413737
NLD,Netherlands,2021,,81.309756097561,100.0,12.2,92.05298013,4.0,60141.9880911492
NLD,Netherlands,2022,,81.6146341463415,100.0,,92.51968504,4.0,59123.318556487
NLD,Netherlands,2023,,81.8634146341464,100.0,,97.00680272,3.9,63515.6030780019
NOR,Norway,2005,,80.0414634146342,100.0,58.6,81.99,4.1,67358.3615969796
NOR,Norway,2006,,80.3439024390244,100.0,57.0,82.55,3.9,75047.741700385
NOR,Norway,2007,,80.3951219512195,100.0,57.4,86.93,3.7,86600.2387607877
NOR,Norway,2008,,80.5926829268293,100.0,58.5,90.57,3.6,99001.5300678626
NOR,Norway,2009,,80.7951219512195,100.0,56.7,92.08,3.4,81939.726548458
NOR,Norway,2010,,80.9975609756098,100.0,56.0,93.39,3.3,90020.342257973
NOR,Norway,2011,,81.2951219512195,100.0,56.0,93.4899826515194,3.1,103545.218988177
NOR,Norway,2012,,81.4512195121951,100.0,56.9,94.6499780533304,3.0,104627.93694681
NOR,Norway,2013,,81.7512195121951,100.0,56.6,95.0534,2.9,106333.138368566
NOR,Norway,2014,,82.1,100.0,55.8,96.3005098242892,2.8,100410.020200979
NOR,Norway,2015,,82.3048780487805,100.0,56.5,96.810325691365,2.7,77220.9524311414
NOR,Norway,2016,,82.4073170731707,100.0,57.7,97.2982036675068,2.6,73222.4006864905
NOR,Norway,2017,,82.609756097561,100.0,58.9,96.3576012951191,2.5,78771.2151264554
NOR,Norway,2018,,82.7585365853659,100.0,58.9,96.4916579887094,2.5,85579.0776455494
NOR,Norway,2019,,82.9585365853659,100.0,59.8,98.0000043853142,2.4,79329.3075190012
NOR,Norway,2020,,83.209756097561,100.0,60.9,94.60755647,2.4,71057.5879471399
NOR,Norway,2021,,83.1634146341463,100.0,61.4,99.0000036,2.4,96442.5552173002
NOR,Norway,2022,,82.509756097561,100.0,,98.99997764,2.4,113122.130765691
NOR,Norway,2023,,83.0121951219512,100.0,,99.00000258,2.4,90984.4087141111
NPL,Nepal,2005,,65.275,46.1,89.5,0.82655126590551,60.0,309.024168339372
NPL,Nepal,2006,,65.891,51.2,91.2,1.14138916388191,57.3,340.431796437968
NPL,Nepal,2007,,66.169,52.6,91.3,1.41,54.7,385.449767660642
NPL,Nepal,2008,55.5600725155626,66.442,56.0,90.5,1.73,52.4,464.817391891529
NPL,Nepal,2009,,66.6,59.3,88.9,1.97,50.1,473.078751198621
NPL,Nepal,2010,,66.772,68.6,87.3,7.93,47.9,585.278491984574
NPL,Nepal,2011,59.6300010681152,67.123,67.3,87.0,9.0,45.8,785.518656222132
NPL,Nepal,2012,,67.364,75.2,84.7,11.14929962,43.7,788.202937148377
NPL,Nepal,2013,,67.598,77.4,86.0,13.30000019,41.7,803.269595420477
NPL,Nepal,2014,,67.812,84.9,84.0,15.43999958,39.7,821.455224911731
NPL,Nepal,2015,,67.374,82.0,85.2,17.58160019,37.8,875.543635474862
NPL,Nepal,2016,65.5,68.444,90.7,79.4,20.70000076,36.0,877.256454696737
NPL,Nepal,2017,66.8653947551556,68.74,86.6,76.8,24.3,34.2,1034.28374906846
NPL,Nepal,2018,,69.036,93.9,75.0,28.60000038,32.6,1179.19843190389
NPL,Nepal,2019,68.7099990844727,69.299,89.9,78.2,33.33660126,31.0,1203.14294706401
NPL,Nepal,2020,,69.106,89.9,73.1,36.96530151,29.6,1154.21517578318
NPL,Nepal,2021,,68.385,89.9,73.7,40.98910141,28.3,1252.75076731986
NPL,Nepal,2022,,70.087,91.3,,45.45080185,27.1,1385.91066002922
NPL,Nepal,2023,,70.354,94.0,,45.80680084,26.1,1382.38300895424
NRU,Naoero,2005,,59.361,99.0,0.0,,34.0,2992.40382776926
NRU,Naoero,2006,,59.409,99.0,0.1,,32.7,2910.14145794684
NRU,Naoero,2007,,59.49,99.8,0.1,,31.4,2272.15291307045
NRU,Naoero,2008,,59.675,99.1,0.1,,29.8,3756.84531228766
NRU,Naoero,2009,,59.852,99.1,0.0,,28.2,4410.56764668962
NRU,Naoero,2010,,60.074,99.2,0.0,,26.4,4735.92000502092
NRU,Naoero,2011,,60.287,99.0,0.0,54.0,24.6,6444.03642094634
NRU,Naoero,2012,,60.533,99.4,0.1,,22.7,9842.77032731856
NRU,Naoero,2013,,60.701,99.4,0.1,,20.9,8974.51886874433
NRU,Naoero,2014,,60.834,99.5,0.0,,19.2,9230.05440328927
NRU,Naoero,2015,,60.897,99.0,0.1,,17.5,7747.25584993607
NRU,Naoero,2016,,60.996,99.7,0.2,,15.9,8748.15632605428
NRU,Naoero,2017,,61.101,99.8,0.6,62.38510132,14.4,9656.97976571484
NRU,Naoero,2018,,61.238,99.9,0.7,,13.1,11413.7463016389
NRU,Naoero,2019,,61.393,100.0,0.6,74.73789978,12.0,10801.7705659635
NRU,Naoero,2020,,61.527,100.0,1.3,77.46659851,10.9,10709.068810538
NRU,Naoero,2021,94.6337926033357,61.331,100.0,1.6,80.29499817,10.0,12748.1701249353
NRU,Naoero,2022,,61.93,100.0,1.9,83.22660065,9.3,15309.8345351924
NRU,Naoero,2023,96.5899963378906,62.109,100.0,,83.03970337,8.7,13602.6372112893
NZL,New Zealand,2005,,79.8512195121951,100.0,26.8,62.72019958,6.6,27751.0654708859
NZL,New Zealand,2006,,80.0487804878049,100.0,27.0,69.0,6.5,26654.5932018985
NZL,New Zealand,2007,,80.1512195121951,100.0,27.0,69.76000214,6.4,32479.9817381467
NZL,New Zealand,2008,,80.3512195121951,100.0,26.1,72.02999878,6.4,31324.7397977102
NZL,New Zealand,2009,,80.7024390243902,100.0,28.5,79.7,6.3,28276.7255416225
NZL,New Zealand,2010,,80.9048780487805,100.0,29.4,80.45999908,6.2,33761.9009639947
NZL,New Zealand,2011,,81.1560975609756,100.0,30.3,81.23000336,6.1,38425.829997974
NZL,New Zealand,2012,,81.4073170731707,100.0,28.8,81.644470179502,6.0,40041.7524816244
NZL,New Zealand,2013,,81.4048780487805,100.0,28.3,82.77999878,5.9,42984.9571801167
NZL,New Zealand,2014,,81.4568292682927,100.0,29.0,84.0,5.8,44599.8992733675
NZL,New Zealand,2015,,81.6124390243903,100.0,29.3,85.19999695,5.6,38648.7302562109
NZL,New Zealand,2016,,81.6585365853659,100.0,30.1,86.5,5.5,40088.3205470499
NZL,New Zealand,2017,,81.8585365853659,100.0,28.4,87.69999695,5.4,42912.1537002148
NZL,New Zealand,2018,,81.7073170731707,100.0,28.9,89.0,5.3,43204.1305124872
NZL,New Zealand,2019,,82.0560975609756,100.0,28.0,89.86370087,5.2,42872.2681243427
NZL,New Zealand,2020,,82.2560975609756,100.0,28.7,90.92099762,5.1,42054.6743136586
NZL,New Zealand,2021,,82.2073170731707,100.0,28.9,91.99060059,5.0,49902.154346032
NZL,New Zealand,2022,,81.9585365853658,100.0,,93.07289886,5.0,49141.6316294227
NZL,New Zealand,2023,,81.7585365853659,100.0,,93.32610321,4.9,49302.341876493
OED,OECD members,2005,,77.953987145508,99.7390734427573,8.2750689008543,,10.8427954935279,30304.5007827724
OED,OECD members,2006,,78.2501352258837,99.7396526812623,8.75159229776806,,10.3626086722289,31752.91909492
OED,OECD members,2007,,78.4729454763552,99.6287855276073,9.008152485838,,9.94498031482296,34523.8151277644
OED,OECD members,2008,,78.6146332445559,99.7439647923726,9.51078406141571,,9.56241048704293,36379.9826441371
OED,OECD members,2009,,78.8670589595977,99.6917727585993,10.1205121168934,,9.28419539882045,33797.3269999518
OED,OECD members,2010,,79.0473008520596,99.8076262147082,10.3743144709912,,8.92189627668077,35218.2377011995
OED,OECD members,2011,,79.2685938676768,99.7872116882093,10.9046224842115,,8.69271975908628,37684.316544302
OED,OECD members,2012,,79.429885982955,99.8129467749549,11.3823454495312,,8.42946117167397,37418.2889334065
OED,OECD members,2013,,79.6249265687692,99.835031540964,11.877535320146,,8.24204327810092,37734.7608375528
OED,OECD members,2014,,79.876650819389,99.8480257662197,12.1275743053496,,8.01901609332278,38322.7280627757
OED,OECD members,2015,,79.7619467978058,99.8393576230718,12.2611450949417,,7.81948408324089,35931.9232791311
OED,OECD members,2016,,79.8914217482034,99.8959369290422,12.432384629223,,7.61012730966197,36407.3771727139
OED,OECD members,2017,,79.9309175598336,99.9408589463576,12.7954391065077,,7.45157408345812,37802.8422452392
OED,OECD members,2018,,80.0273651713987,99.8987530248709,13.2024399046234,,7.31724142421779,39756.7556647363
OED,OECD members,2019,,80.2449221878264,99.940072384951,13.6864487000325,,7.21198030537372,39940.835037623
OED,OECD members,2020,97.2099990844727,78.9578582698334,99.9329793160221,14.8380363213872,,7.09705176462164,38947.5669905773
OED,OECD members,2021,,78.5867205183939,100.0,,,6.96683223067391,43495.5049948213
OED,OECD members,2022,,79.5170877696899,100.0,,,6.88348262804695,44455.8357743973
OED,OECD members,2023,,80.1629734061989,99.922945762566,,,7.1165633495838,47135.6137232065
OMN,Oman,2005,,75.07,99.9,0.0,6.683599949,12.9,14434.8577924647
OMN,Oman,2006,,75.354,99.9,0.0,8.299699783,12.5,16930.8565071853
OMN,Oman,2007,,75.596,100.0,0.0,16.68,12.2,18792.653772482
OMN,Oman,2008,86.620002746582,76.124,100.0,0.0,20.0,12.0,26576.779241509
OMN,Oman,2009,,76.631,100.0,0.0,26.79999924,11.9,20655.9180249218
OMN,Oman,2010,86.9400024414062,77.184,100.0,0.0,35.8278,11.7,23570.1798147325
OMN,Oman,2011,,77.74,100.0,0.0,48.0,11.6,25188.0074151885
OMN,Oman,2012,,78.187,100.0,0.0,60.0,11.4,24642.2978768596
OMN,Oman,2013,,78.633,100.0,0.0,66.45,11.3,23458.0233840053
OMN,Oman,2014,,79.03,100.0,0.0,70.22000122,11.2,23160.6502252547
OMN,Oman,2015,93.0400009155273,79.346,100.0,0.0,73.52999878,11.1,18808.3077921839
OMN,Oman,2016,,79.581,100.0,0.0,76.8453904741456,11.0,17110.1897460545
OMN,Oman,2017,95.5800018310547,79.748,100.0,0.0,80.18560028,11.0,17820.0661809335
OMN,Oman,2018,95.6500015258789,79.864,100.0,0.0,85.5,10.9,19901.7615642016
OMN,Oman,2019,,79.946,100.0,0.0,90.25939941,10.8,19180.1864152801
OMN,Oman,2020,96.9000015258789,77.763,100.0,0.1,95.23229321,10.7,16784.8630630058
OMN,Oman,2021,,75.969,100.0,0.1,95.23880005,10.6,19403.4600160211
OMN,Oman,2022,97.3399963378906,77.911,100.0,,95.24530029,10.5,23223.5829405935
OMN,Oman,2023,,80.031,100.0,,95.25170135,10.4,21027.7384572657
OSS,Other small states,2005,79.8499984741211,67.5574840535073,75.7984756834167,34.9750106337729,,58.337564960843,8233.42010554921
OSS,Other small states,2006,79.4199981689453,67.8310957913256,76.1827098373868,33.1250047938639,,54.8443961077682,9046.80164945419
OSS,Other small states,2007,80.0,68.1699901591828,77.6573850936105,34.3738268461259,,52.1729947304819,10758.8136221104
OSS,Other small states,2008,80.7900009155273,68.5798272966725,78.4662641033856,36.1920582047686,,50.0340991815804,11530.7215015978
OSS,Other small states,2009,80.9100036621094,69.0687004196222,78.9212198624386,39.4830543154762,,47.7621627153638,9814.08008723362
OSS,Other small states,2010,81.7300033569336,69.566524844548,79.8432778556983,40.1984612532443,,44.9563981042654,10149.5633726375
OSS,Other small states,2011,82.2099990844727,69.9373436903887,82.3763169043455,40.4458062116422,,41.7939032990082,11469.9525501466
OSS,Other small states,2012,82.5599975585938,70.3920318149408,83.2159663044917,40.7171691176471,,39.8702260901179,11084.4148894956
OSS,Other small states,2013,83.0,70.8040790092001,84.0687457795862,41.1903048108704,,38.6929656208662,11421.7952581155
OSS,Other small states,2014,83.4199981689453,71.0941610047193,85.5436919645938,41.5939404934688,,37.7056726380277,11682.6156441392
OSS,Other small states,2015,84.2200012207031,71.4757935597765,86.4520330481869,42.5760198652004,,36.3627671239323,10359.1167773921
OSS,Other small states,2016,85.870002746582,71.7707341897413,87.8544041310444,42.1565383945673,,34.8615275003077,10813.3811118925
OSS,Other small states,2017,86.2300033569336,72.1178742995091,89.3280026877149,41.4366535230585,,34.0687697615638,11950.9760651787
OSS,Other small states,2018,86.5,72.4217850423792,90.472453074168,42.3626099950191,,32.9009289232935,13026.838449762
OSS,Other small states,2019,86.7099990844727,72.6570116424877,91.8035513133262,42.3904707420726,,32.4535817474853,12908.1967698249
OSS,Other small states,2020,86.5500030517578,72.5097097789427,92.8384985004429,45.4042214532872,,31.6722970550828,11772.0946960495
OSS,Other small states,2021,86.7300033569336,71.7699719301416,93.8560728212473,,,30.5945761092755,13718.3632503913
OSS,Other small states,2022,86.8600006103516,72.9062214171014,93.9605317818207,,,30.2201997769141,14326.3081658507
OSS,Other small states,2023,87.0100021362305,73.5849815358082,94.4954692175265,,,29.517920526929,15346.6488924949
PAK,Pakistan,2005,49.8699989318848,62.416,78.1,48.0,6.332300186,96.0,827.619861189926
PAK,Pakistan,2006,54.1500015258789,63.624,79.1,47.0,6.5,94.2,900.873564984808
PAK,Pakistan,2007,52.1399993896484,63.807,80.2,44.9,6.800000191,92.3,998.090114197524
PAK,Pakistan,2008,55.5299987792969,64.002,81.4,46.6,7.0,90.5,1067.04324565284
PAK,Pakistan,2009,54.8899993896484,64.206,82.5,46.4,7.5,88.5,963.788066395225
PAK,Pakistan,2010,55.3800010681152,64.378,87.1,47.4,8.0,86.5,987.304571124485
PAK,Pakistan,2011,54.7400016784668,64.659,87.8,46.8,8.0,84.3,1131.73513834324
PAK,Pakistan,2012,56.7599983215332,64.883,88.6,47.2,8.100000381,82.0,1204.36475491585
PAK,Pakistan,2013,55.5900001525879,65.129,89.3,48.1,9.0,79.6,1225.4340119198
PAK,Pakistan,2014,56.9799995422363,65.374,90.1,47.2,10.0,77.2,1266.61340849959
PAK,Pakistan,2015,,65.641,91.0,45.9,11.0,74.8,1380.47020838317
PAK,Pakistan,2016,,65.943,91.8,43.7,12.385446763381,72.4,1424.69161195897
PAK,Pakistan,2017,59.1300010681152,66.223,92.7,42.1,13.77999973,70.1,1519.23459514248
PAK,Pakistan,2018,57.0099983215332,66.481,93.4,43.4,15.34000015,67.9,1569.33814626355
PAK,Pakistan,2019,58.0,66.729,93.9,45.9,17.070901719916,65.8,1390.41690981745
PAK,Pakistan,2020,,65.701,94.5,42.7,18.935,63.7,1278.39735206896
PAK,Pakistan,2021,58.8600006103516,65.773,94.9,41.6,,61.7,1455.31922370186
PAK,Pakistan,2022,,67.417,95.0,,,59.7,1538.3228133171
PAK,Pakistan,2023,,67.649,95.6,,,57.8,1360.32417758419
PAN,Panama,2005,,75.16,84.1,22.8,11.48400021,21.9,5017.7410922824
PAN,Panama,2006,,75.429,84.8,22.1,17.34959984,21.2,5528.76705469354
PAN,Panama,2007,,75.675,85.5,22.8,22.29,20.5,6317.81730274124
PAN,Panama,2008,,75.937,86.3,23.4,33.82,19.8,7347.59050324397
PAN,Panama,2009,,76.228,87.0,20.4,39.08,19.2,7796.92617035048
PAN,Panama,2010,94.0899963378906,76.417,86.8,20.6,40.1,18.7,8331.46421351868
PAN,Panama,2011,,76.659,88.6,19.7,42.7,18.3,9662.29592216607
PAN,Panama,2012,,76.877,89.3,21.2,40.3018952210488,17.9,11064.8063606203
PAN,Panama,2013,,77.129,89.1,20.7,44.03,17.5,12273.3225037637
PAN,Panama,2014,,77.365,90.8,19.8,44.9238152577893,17.3,13213.1989637473
PAN,Panama,2015,,77.583,91.6,22.0,51.2054249948687,17.1,14082.6548502728
PAN,Panama,2016,,77.772,92.4,22.1,54.0,17.0,14832.3611608191
PAN,Panama,2017,,77.901,93.7,23.6,59.9506309038683,16.7,15694.6297454295
PAN,Panama,2018,95.4100036621094,78.266,93.8,24.5,61.8055313202468,16.3,16151.3273478476
PAN,Panama,2019,95.7399978637695,78.514,93.9,19.0,63.6284147731451,15.9,16477.9066285687
PAN,Panama,2020,,76.33,95.3,28.5,64.82430267,15.5,13290.5608347594
PAN,Panama,2021,96.2119100135584,77.004,95.3,28.0,66.04270172,15.2,15509.8069109784
PAN,Panama,2022,,79.324,95.0,,67.2838974,15.1,17378.6070083597
PAN,Panama,2023,96.0893871402691,79.594,97.0,,68.54851592,15.1,18797.1933894611
PER,Peru,2005,87.9100036621094,71.988,77.2,38.4,17.10000038,26.6,2706.66947297608
PER,Peru,2006,88.6999969482422,72.337,80.2,38.7,20.70000076,25.0,3129.55996496982
PER,Peru,2007,89.5899963378906,72.746,82.0,36.0,25.20000076,23.6,3581.0893081917
PER,Peru,2008,,72.743,84.7,33.7,30.57,22.3,4197.58444634142
PER,Peru,2009,,72.631,86.4,32.9,31.4,21.2,4181.18755462253
PER,Peru,2010,,72.886,88.1,32.2,34.77,20.2,5072.11494019615
PER,Peru,2011,,73.327,89.7,30.6,36.01,19.3,5861.35793645245
PER,Peru,2012,93.8399963378906,73.979,91.1,30.8,38.2,18.5,6519.37852981527
PER,Peru,2013,,74.591,92.1,28.4,39.2,17.8,6746.80025696601
PER,Peru,2014,93.7099990844727,75.26,92.9,28.6,40.2446560091704,17.2,6667.13410360861
PER,Peru,2015,94.1600036621094,75.732,93.9,27.4,40.8526009090468,16.6,6231.71150338894
PER,Peru,2016,94.1699981689453,75.951,94.2,27.2,45.4617406869459,16.1,6217.03599995447
PER,Peru,2017,94.1500015258789,75.958,94.8,27.6,50.4504121848143,15.7,6736.16693725487
PER,Peru,2018,94.4100036621094,76.018,95.2,27.9,55.0543342443197,15.3,6978.49121548627
PER,Peru,2019,,76.275,95.6,27.1,59.9505036049006,14.9,7037.00803692604
PER,Peru,2020,94.5,73.832,96.2,31.6,65.25179796,14.5,6133.32552410183
PER,Peru,2021,,71.596,95.6,30.6,71.10782643,14.1,6828.53422535638
PER,Peru,2022,,76.834,96.2,,74.67495213,13.7,7353.74598721667
PER,Peru,2023,,77.74,96.2,,79.48484477,13.3,7919.04634828547
PHL,Philippines,2005,,68.423,79.8,31.3,5.397600174,32.8,1220.46018559867
PHL,Philippines,2006,,68.172,80.2,33.3,5.74058632534702,32.0,1426.14649179546
PHL,Philippines,2007,,68.549,82.0,32.4,5.97,31.3,1712.65543282793
PHL,Philippines,2008,95.4199981689453,68.643,83.3,33.9,6.22,30.7,1959.29233534978
PHL,Philippines,2009,,68.631,84.3,34.1,9.0,30.1,1864.45043406471
PHL,Philippines,2010,97.0899963378906,68.883,85.5,32.7,25.0,29.5,2162.91375885614
PHL,Philippines,2011,,69.096,87.2,33.8,29.0,29.0,2383.91892522087
PHL,Philippines,2012,,69.237,87.1,34.1,30.79999924,28.6,2614.61644401308
PHL,Philippines,2013,96.4000015258789,69.283,87.5,33.1,32.70000076,28.3,2781.27957677397
PHL,Philippines,2014,,69.311,89.8,32.4,34.70000076,28.0,2866.83803761407
PHL,Philippines,2015,98.1800003051758,69.45,89.1,30.8,36.90000153,27.9,2909.85818010301
PHL,Philippines,2016,,69.49,92.0,28.6,39.20000076,27.8,2985.19564024046
PHL,Philippines,2017,,69.966,93.0,27.8,41.59999847,27.8,3038.12124959289
PHL,Philippines,2018,,69.761,94.2,27.6,44.09999847,27.9,3168.51036609727
PHL,Philippines,2019,96.2799987792969,69.68,95.3,26.9,43.0266118680279,28.0,3400.78949767074
PHL,Philippines,2020,98.4700012207031,70.097,96.4,29.1,53.76490021,28.0,3227.57910235199
PHL,Philippines,2021,,66.675,97.5,28.0,66.90779877,27.9,3484.38593882819
PHL,Philippines,2022,,69.472,94.8,,75.21114422,27.5,3548.06930572116
PHL,Philippines,2023,,69.833,98.0,,77.86699677,27.0,3804.08274131718
PLW,Palau,2005,,66.219,98.9,0.0,,22.1,9367.68615343862
PLW,Palau,2006,,66.633,98.3,0.0,,21.3,9737.01943934058
PLW,Palau,2007,,67.113,98.4,0.0,,20.6,10155.0470806134
PLW,Palau,2008,,67.562,98.5,0.0,,20.1,10471.1510008417
PLW,Palau,2009,,67.99,98.6,0.0,,19.7,9837.49883077663
PLW,Palau,2010,,68.347,98.8,0.0,,19.5,10018.065238367
PLW,Palau,2011,,68.638,98.9,0.0,,19.5,10795.639900708
PLW,Palau,2012,,68.863,97.6,0.0,,19.7,12098.4124331551
PLW,Palau,2013,99.5,68.981,99.2,0.0,,20.1,12820.5931621147
PLW,Palau,2014,,69.062,99.8,0.3,,20.6,13854.730278013
PLW,Palau,2015,96.5899963378906,69.07,99.5,0.4,,21.3,15938.3652222848
PLW,Palau,2016,,69.046,100.0,0.6,,21.9,17043.6660673147
PLW,Palau,2017,,69.019,100.0,0.6,,22.5,16280.241199753
PLW,Palau,2018,,68.989,100.0,0.6,,22.9,16179.877834849
PLW,Palau,2019,,68.982,100.0,0.9,,23.0,15841.8923474548
PLW,Palau,2020,99.8448081264108,68.689,100.0,0.9,,22.9,14556.30954221
PLW,Palau,2021,,68.563,100.0,0.9,,22.7,13267.4877340719
PLW,Palau,2022,,68.922,100.0,0.9,82.56749725,22.4,13934.951996171
PLW,Palau,2023,,69.269,100.0,,82.91629791,21.9,15578.3497630733
PNG,Papua New Guinea,2005,,61.868,14.1,58.6,1.71619047556782,65.9,744.486489977433
PNG,Papua New Guinea,2006,,62.018,12.4,58.9,1.754487260668,64.6,1238.18282926706
PNG,Papua New Guinea,2007,,62.211,14.9,57.1,1.790599942,63.2,1370.753415829
PNG,Papua New Guinea,2008,,62.511,15.3,56.9,1.15,61.8,1624.79319935188
PNG,Papua New Guinea,2009,,62.772,17.2,56.0,1.61,60.3,1568.83193368607
PNG,Papua New Guinea,2010,68.9689096424639,63.056,19.5,55.2,1.28,58.9,1866.86889851208
PNG,Papua New Guinea,2011,,63.382,17.3,54.7,2.0,57.5,2288.37591141234
PNG,Papua New Guinea,2012,,63.639,17.5,55.5,3.5,56.1,2635.0873631547
PNG,Papua New Guinea,2013,,63.927,17.8,58.3,5.099999905,54.7,2560.77458976327
PNG,Papua New Guinea,2014,,64.198,18.1,56.9,6.5,53.3,2723.17529825196
PNG,Papua New Guinea,2015,,64.473,18.4,55.3,7.900000095,57.3,2484.5963398603
PNG,Papua New Guinea,2016,,64.7,13.5,54.8,9.601499557,50.4,2316.39479758492
PNG,Papua New Guinea,2017,70.0599975585938,64.923,19.2,54.7,11.20919991,48.9,2477.76530986323
PNG,Papua New Guinea,2018,,65.114,16.6,53.4,12.35789967,47.5,2566.36833735041
PNG,Papua New Guinea,2019,,65.331,23.6,53.2,13.62419987,46.1,2575.77274140393
PNG,Papua New Guinea,2020,,65.075,20.5,53.6,15.02040005,44.7,2429.61134585269
PNG,Papua New Guinea,2021,,64.358,20.9,54.5,16.55960083,43.2,2607.97769973161
PNG,Papua New Guinea,2022,87.0046890533686,65.274,19.0,54.6,18.25659943,41.9,3102.29409730005
PNG,Papua New Guinea,2023,,66.134,20.5,,18.56130028,40.6,2966.06455045333
POL,Poland,2005,,74.9951219512195,99.8,7.2,38.81,7.6,8043.92332253757
POL,Poland,2006,,75.1439024390244,99.8,7.2,44.58,7.3,9068.85528307627
POL,Poland,2007,,75.2439024390244,99.8,7.3,48.6,7.0,11272.5293683383
POL,Poland,2008,,75.5439024390244,99.8,8.0,53.13,6.7,14048.5604672654
POL,Poland,2009,,75.6951219512195,100.0,8.8,58.97,6.3,11556.3026866026
POL,Poland,2010,,76.2463414634146,100.0,9.5,62.32,6.0,12567.7317676382
POL,Poland,2011,,76.6951219512195,100.0,10.4,61.94999896898,5.7,13867.6669408192
POL,Poland,2012,,76.7463414634146,100.0,10.9,62.3099972714691,5.4,13087.420943321
POL,Poland,2013,,77.0,100.0,11.4,62.8492,5.2,13621.9023794031
POL,Poland,2014,,77.6024390243903,100.0,11.6,66.5987360557248,5.0,14262.2841914116
POL,Poland,2015,,77.4512195121951,100.0,11.9,67.9969871556415,4.9,12637.5220324406
POL,Poland,2016,,77.8512195121951,100.0,11.3,73.3007040962669,4.8,12464.0121044827
POL,Poland,2017,,77.7536585365854,100.0,11.1,75.9853659493832,4.6,13913.3415190124
POL,Poland,2018,,77.6024390243903,100.0,15.1,77.5417345350006,4.5,15658.210586693
POL,Poland,2019,,77.9048780487805,100.0,15.6,80.4359068768673,4.5,15874.5220531254
POL,Poland,2020,,76.4,100.0,16.1,83.18488715,4.4,16150.9304813473
POL,Poland,2021,,75.3512195121951,100.0,15.2,85.37490906,4.4,18635.5104895754
POL,Poland,2022,,77.1560975609756,100.0,,86.94113479,4.3,18891.2121169279
POL,Poland,2023,,78.2585365853659,100.0,,86.414744,4.3,22145.2660647429
PRE,Pre-demographic dividend,2005,57.6800003051758,54.3650816168261,29.7551436826789,78.0809457508779,,121.591205491695,815.995032153718
PRE,Pre-demographic dividend,2006,56.5,54.9712541124866,31.0220812450439,78.1089116230743,,115.833179292551,998.07823930556
PRE,Pre-demographic dividend,2007,55.3600006103516,55.550345439484,32.3547012106704,77.9827883948906,,111.105326355607,1174.15015770746
PRE,Pre-demographic dividend,2008,55.6399993896484,56.1355264401913,32.1585618077132,77.0470225009081,,106.675489316872,1424.0703685436
PRE,Pre-demographic dividend,2009,55.8899993896484,56.509207413095,32.2387188706753,77.5774660421546,,104.898559682785,1253.05147524894
PRE,Pre-demographic dividend,2010,56.5999984741211,57.1220509386403,32.7206426489856,75.7135622523074,,99.6869369057198,1422.25838961236
PRE,Pre-demographic dividend,2011,58.5,57.3117928365729,36.1212191704977,74.6528191627611,,99.7290060999196,1597.7670422466
PRE,Pre-demographic dividend,2012,59.7900009155273,58.015496924455,37.5007052148145,73.1865442433771,,93.5323319667408,1687.90559427919
PRE,Pre-demographic dividend,2013,60.8300018310547,58.4505165351906,38.4095912462678,72.2325804041222,,90.3645430472991,1797.07620788678
PRE,Pre-demographic dividend,2014,61.4599990844727,58.608641358086,39.8903694751135,72.7170196904253,,89.7347559293146,1849.26650645876
PRE,Pre-demographic dividend,2015,62.0800018310547,58.9361548123525,40.116553542693,73.339891666412,,88.0082711512247,1526.04099231967
PRE,Pre-demographic dividend,2016,62.6800003051758,59.2361026971089,44.6703060990128,72.8428194718611,,86.6216026727294,1318.65578321566
PRE,Pre-demographic dividend,2017,63.8400001525879,59.5398409028105,44.3558795540309,72.7571519329351,,85.8918608835943,1341.55710823713
PRE,Pre-demographic dividend,2018,65.7900009155273,60.207194494983,47.1030867324641,71.906862473446,,82.3130203380837,1452.10811367974
PRE,Pre-demographic dividend,2019,65.9300003051758,60.5564155644205,47.5849028108597,71.4398709500275,,81.3480106523881,1682.64777483043
PRE,Pre-demographic dividend,2020,66.1600036621094,60.5007902438254,48.3815278923719,73.3285283869645,,79.2919052506055,1497.18872625076
PRE,Pre-demographic dividend,2021,66.5500030517578,60.2743516231876,50.5123491097242,,,78.5546084126998,1594.39804852433
PRE,Pre-demographic dividend,2022,66.9899978637695,61.3824217457713,51.0976149094662,,,79.7149340894285,1769.1914721872
PRE,Pre-demographic dividend,2023,67.3899993896484,62.1630603690952,52.5242986079524,,,76.0732942575731,1559.36615928619
PRI,Puerto Rico (US),2005,,76.703,100.0,0.6,23.4000504486583,,21959.322696986
PRI,Puerto Rico (US),2006,,77.561,100.0,0.5,25.4424182102582,,22935.9411586313
PRI,Puerto Rico (US),2007,,77.659,100.0,0.5,27.86,,23664.8823485096
PRI,Puerto Rico (US),2008,,78.111,100.0,0.5,38.0,,24898.3345857045
PRI,Puerto Rico (US),2009,,78.377,100.0,0.5,41.5,,25768.7258883384
PRI,Puerto Rico (US),2010,91.9700012207031,78.717,100.0,0.4,45.3,,26414.8810634548
PRI,Puerto Rico (US),2011,,78.766,100.0,0.7,48.0,,27170.0766543278
PRI,Puerto Rico (US),2012,,79.258,100.0,0.5,68.9999826014151,,27742.024476618
PRI,Puerto Rico (US),2013,,80.318,100.0,1.4,68.999990004,,28212.0499737431
PRI,Puerto Rico (US),2014,,80.039,100.0,1.6,76.1338597201667,,28576.0988023209
PRI,Puerto Rico (US),2015,,80.677,100.0,1.9,63.4663353848474,,29242.041465085
PRI,Puerto Rico (US),2016,,80.355,100.0,1.9,68.6438071976518,,29978.0889268918
PRI,Puerto Rico (US),2017,92.3899993896484,79.07,100.0,2.3,68.7407731407209,,30328.479490518
PRI,Puerto Rico (US),2018,,81.086,100.0,1.4,70.8563997424362,,30679.9181934488
PRI,Puerto Rico (US),2019,,81.438,100.0,2.4,77.7364393708352,,31830.5284993358
PRI,Puerto Rico (US),2020,,80.009,100.0,2.5,,,31427.1034994916
PRI,Puerto Rico (US),2021,,79.77,100.0,2.6,84.78666399,,32618.8705106244
PRI,Puerto Rico (US),2022,,79.427,100.0,2.5,87.29178106,,35353.5613891039
PRI,Puerto Rico (US),2023,,81.69,100.0,,,,36980.7653928068
PRK,"Korea, Dem. People's Rep.",2005,,69.168,,9.2,,33.3,
PRK,"Korea, Dem. People's Rep.",2006,,69.061,,9.0,,32.8,
PRK,"Korea, Dem. People's Rep.",2007,,69.021,,10.9,,32.4,
PRK,"Korea, Dem. People's Rep.",2008,100.0,69.303,,10.2,,31.0,
PRK,"Korea, Dem. People's Rep.",2009,,69.702,26.0,10.4,,30.0,
PRK,"Korea, Dem. People's Rep.",2010,,70.246,29.3,11.0,,28.7,
PRK,"Korea, Dem. People's Rep.",2011,,70.772,31.4,14.8,,27.2,
PRK,"Korea, Dem. People's Rep.",2012,,71.317,33.6,15.4,,25.7,
PRK,"Korea, Dem. People's Rep.",2013,,71.867,35.7,20.8,,24.1,
PRK,"Korea, Dem. People's Rep.",2014,,72.451,37.8,18.5,,22.6,
PRK,"Korea, Dem. People's Rep.",2015,,72.825,40.0,22.6,,21.4,
PRK,"Korea, Dem. People's Rep.",2016,,72.971,42.1,24.0,,20.6,
PRK,"Korea, Dem. People's Rep.",2017,,73.034,44.2,10.2,,19.1,
PRK,"Korea, Dem. People's Rep.",2018,,73.02,46.3,11.9,,18.4,
PRK,"Korea, Dem. People's Rep.",2019,,72.928,48.4,10.0,,17.7,
PRK,"Korea, Dem. People's Rep.",2020,,72.783,50.5,11.2,,17.4,
PRK,"Korea, Dem. People's Rep.",2021,,73.437,52.6,14.7,,17.4,
PRK,"Korea, Dem. People's Rep.",2022,,73.641,54.7,,,17.7,
PRK,"Korea, Dem. People's Rep.",2023,,73.642,57.5,,,18.0,
PRT,Portugal,2005,,78.0707317073171,100.0,18.1,34.99,4.7,18780.12751241
PRT,Portugal,2006,,78.419512195122,100.0,22.3,38.01,4.4,19839.4540499032
PRT,Portugal,2007,,78.3219512195122,100.0,23.1,42.09,4.2,22811.0564844365
PRT,Portugal,2008,,78.5243902439025,100.0,23.2,44.13,4.0,24949.0413566739
PRT,Portugal,2009,,78.7268292682927,100.0,24.9,48.27,3.9,23151.2154130712
PRT,Portugal,2010,,79.0268292682927,100.0,27.8,53.3,3.8,22551.935098809
PRT,Portugal,2011,94.4800033569336,80.4707317073171,100.0,27.2,55.2499968797194,3.7,23246.5425416481
PRT,Portugal,2012,,80.3731707317073,100.0,25.5,60.3399974868057,3.7,20593.4274224109
PRT,Portugal,2013,,80.7219512195122,100.0,30.2,62.0956,3.6,21676.4859642714
PRT,Portugal,2014,,81.1219512195122,100.0,30.5,64.5924200648949,3.6,22120.6850127107
PRT,Portugal,2015,,81.1243902439025,100.0,27.2,68.6328614804299,3.6,19215.7813014347
PRT,Portugal,2016,,81.1243902439025,100.0,29.0,70.423567088723,3.6,19980.2808866516
PRT,Portugal,2017,,81.4243902439025,100.0,24.4,73.7912139515729,3.6,21442.3842768879
PRT,Portugal,2018,,81.3243902439024,100.0,27.5,74.6609681487507,3.5,23541.1401075289
PRT,Portugal,2019,,81.6756097560976,100.0,28.2,75.3463779408712,3.5,23343.3628970034
PRT,Portugal,2020,,81.3292682926829,100.0,31.3,78.26166044,3.4,22299.4044062173
PRT,Portugal,2021,,81.3780487804878,100.0,32.3,82.30902804,3.3,24711.4510062111
PRT,Portugal,2022,,81.6317073170732,100.0,,84.49690644,3.3,24620.5197587181
PRT,Portugal,2023,,82.3292682926829,100.0,,85.79012676,3.2,27634.6183139773
PRY,Paraguay,2005,,71.317,94.7,68.8,7.90700786141285,29.7,1970.87169852378
PRY,Paraguay,2006,,71.584,96.7,66.5,7.962100029,28.9,2439.43124694576
PRY,Paraguay,2007,94.5599975585938,71.817,96.5,68.4,11.21,28.2,3211.93621659546
PRY,Paraguay,2008,93.2900009155273,72.047,96.7,65.8,14.27,27.3,4384.9546943793
PRY,Paraguay,2009,93.75,72.282,96.9,65.4,18.9,26.5,3941.84815479271
PRY,Paraguay,2010,93.870002746582,72.551,97.4,63.6,19.8,25.7,4750.96273669322
PRY,Paraguay,2011,,72.787,98.2,62.5,24.7635158793993,24.9,5805.40154543044
PRY,Paraguay,2012,94.1999969482422,73.105,97.8,63.4,29.34,24.2,5642.1699167298
PRY,Paraguay,2013,95.0599975585938,73.292,99.0,62.5,36.9,23.4,6435.68342733182
PRY,Paraguay,2014,95.0299987792969,73.415,99.0,62.5,43.0073750122614,22.7,6652.25478942291
PRY,Paraguay,2015,95.5500030517578,73.454,99.3,60.5,49.716304663966,21.9,5879.33792308671
PRY,Paraguay,2016,94.6500015258789,73.487,98.4,62.5,53.4041274791009,21.2,5775.1596339946
PRY,Paraguay,2017,,73.45,99.3,60.1,61.0757562215797,20.5,6152.26711537703
PRY,Paraguay,2018,94.0199966430664,73.627,99.6,59.2,64.9935430235756,19.9,6258.44991640954
PRY,Paraguay,2019,93.2099990844727,73.668,99.7,60.1,68.5176284222264,19.2,5821.18199548637
PRY,Paraguay,2020,94.5400009155273,72.72,99.7,61.5,73.95751114,18.6,5365.47220721191
PRY,Paraguay,2021,,68.108,100.0,58.8,77.01838621,18.0,5974.9057185863
PRY,Paraguay,2022,,72.319,100.0,,76.25916611,17.5,6189.10205375331
PRY,Paraguay,2023,,73.844,99.8,,78.09481878,16.9,6303.26495017292
PSE,West Bank and Gaza,2005,,72.004,99.6,22.8,16.00499916,26.0,1543.70141392774
PSE,West Bank and Gaza,2006,93.4499969482422,71.831,99.7,18.1,18.41,25.1,1570.10439962728
PSE,West Bank and Gaza,2007,93.7600021362305,72.064,98.8,20.5,21.1760006,24.3,1664.24571669276
PSE,West Bank and Gaza,2008,94.0100021362305,72.204,99.8,20.1,24.3579998,23.5,2035.20234121766
PSE,West Bank and Gaza,2009,94.4300003051758,72.306,99.9,16.5,32.23,22.7,2191.78178736868
PSE,West Bank and Gaza,2010,94.7200012207031,73.302,99.9,14.1,37.40000153,21.9,2557.07562356699
PSE,West Bank and Gaza,2011,95.0299987792969,73.557,99.7,15.4,41.08000183,21.1,2880.79843707909
PSE,West Bank and Gaza,2012,95.6699981689453,73.722,99.8,12.2,43.4,20.3,3067.43872735614
PSE,West Bank and Gaza,2013,96.0500030517578,74.14,99.9,11.7,46.59999847,19.6,3315.29753909282
PSE,West Bank and Gaza,2014,96.2099990844727,72.781,99.9,10.8,53.6651997924171,21.9,3352.11259506043
PSE,West Bank and Gaza,2015,96.4800033569336,74.577,99.9,11.0,56.70000076,18.2,3272.15432360708
PSE,West Bank and Gaza,2016,96.7200012207031,74.917,100.0,12.3,59.90000153,17.5,3527.61382413178
PSE,West Bank and Gaza,2017,96.9199981689453,75.216,99.9,10.5,63.29999924,16.9,3620.36048715937
PSE,West Bank and Gaza,2018,97.2200012207031,75.38,100.0,12.7,64.3999937114499,16.3,3562.33094270256
PSE,West Bank and Gaza,2019,97.379997253418,75.811,100.0,13.9,70.6225837001758,15.7,3656.85827137011
PSE,West Bank and Gaza,2020,97.5100021362305,74.998,100.0,15.0,76.18160248,15.2,3233.56863835858
PSE,West Bank and Gaza,2021,97.6840000894857,73.89,100.0,15.4,,14.6,3678.63565662194
PSE,West Bank and Gaza,2022,97.8399963378906,76.662,100.0,15.4,88.64690554,14.1,3799.95527015163
PSE,West Bank and Gaza,2023,,65.17,100.0,,86.63765334,41.9,3607.41611858821
PSS,Pacific island small states,2005,,67.2332794133166,62.2414370499196,37.4314960629921,,27.1694637786972,2490.44783617075
PSS,Pacific island small states,2006,,67.3577049121232,61.6671146830488,36.3674816625917,,27.0895257234727,2586.22776155533
PSS,Pacific island small states,2007,,67.3668379536838,63.9376929353584,34.2550368550369,,26.8676522210876,2817.98969436478
PSS,Pacific island small states,2008,,67.5747311016589,67.26129946415,36.9616666666667,,26.509661866396,2989.60481007125
PSS,Pacific island small states,2009,,67.4527929020498,64.8201897407066,34.7113372093023,,26.6762424299923,2666.87195227178
PSS,Pacific island small states,2010,,67.9059171883101,71.7961252713048,29.6785326086957,,25.6275626351767,2899.88573139903
PSS,Pacific island small states,2011,,68.0222810195532,72.8044582293327,31.4028947368421,,25.1378193645706,3338.30793678792
PSS,Pacific island small states,2012,,67.6660532253593,73.8316460480866,31.2037135278515,,24.6122514542364,3493.28831201062
PSS,Pacific island small states,2013,,68.0054625635404,72.6617984322668,31.0864532019704,,24.2277773480407,3630.10394299084
PSS,Pacific island small states,2014,,68.0376132124002,76.5754031125716,31.2214953271028,,23.9384676739014,3891.36256203141
PSS,Pacific island small states,2015,,68.1166096033138,78.5477895035505,31.3321759259259,,23.827468127215,3761.06673610832
PSS,Pacific island small states,2016,,68.2856508563666,79.9083422592839,28.8504854368932,,23.8342089864802,3898.87961923979
PSS,Pacific island small states,2017,,68.519287500513,82.1041734677982,28.9891402714932,,23.940274908752,4147.00368611764
PSS,Pacific island small states,2018,,68.5825887890247,82.69782730903,27.3537444933921,,24.1138361240092,4295.18182253285
PSS,Pacific island small states,2019,,68.6421578303985,84.3434350882329,27.3889848812095,,24.5015472120248,4185.0758997627
PSS,Pacific island small states,2020,,68.3568108792759,86.1939811336602,29.425845410628,,24.2955926184286,3632.52907231285
PSS,Pacific island small states,2021,,67.4810209240703,85.6708178235478,,,24.1984298176051,3646.98862815783
PSS,Pacific island small states,2022,,69.1004348993561,85.6038100577211,,,23.9466811196837,3941.90128416234
PSS,Pacific island small states,2023,,69.2745949035856,88.8705713618501,,,23.5465315516911,4199.64948077192
PST,Post-demographic dividend,2005,,78.410884260835,99.8064210710187,7.64178402819778,,6.46866845764791,34268.541288057
PST,Post-demographic dividend,2006,,78.7291498117515,99.8027859638569,8.13944321805613,,6.33282296175081,35873.6218378841
PST,Post-demographic dividend,2007,,78.9805173339684,99.830497747895,8.4238448802232,,6.16199940978813,38925.4514993488
PST,Post-demographic dividend,2008,,79.1456240590947,99.8432655331659,8.91292216843766,,6.02057201286674,40986.2032462103
PST,Post-demographic dividend,2009,,79.4684041481196,99.8622101103662,9.54731401320155,,5.89017464140797,38399.5766429162
PST,Post-demographic dividend,2010,,79.6785405516336,99.8801524112079,9.8170711241403,,5.68148348144133,39869.2354180288
PST,Post-demographic dividend,2011,,79.9443824717695,99.8927586055928,10.3374053454359,,5.57377640570646,42699.7581912628
PST,Post-demographic dividend,2012,,80.088710974095,99.9029465280479,10.855740352061,,5.41281926487336,42453.1056245877
PST,Post-demographic dividend,2013,,80.2734408942833,99.91888365851,11.3357713927499,,5.3092283245699,42757.0705462921
PST,Post-demographic dividend,2014,,80.5389847887351,99.9320556078746,11.6687849102506,,5.21094423525424,43482.2905959942
PST,Post-demographic dividend,2015,,80.4400588000625,99.9447341377698,11.8425604176608,,5.15157604406349,40960.9089975197
PST,Post-demographic dividend,2016,,80.611199448631,99.9577816305613,12.0622071586832,,5.06126925886041,41720.329677393
PST,Post-demographic dividend,2017,,80.6648214527058,99.971122525168,12.4846381438532,,4.97408120426222,43356.99969696
PST,Post-demographic dividend,2018,,80.7434751770259,99.9821600556642,12.8576178839564,,4.90667244185543,45787.7299792029
PST,Post-demographic dividend,2019,,80.9699107710013,99.9932424627619,13.2726556995631,,4.88668719285686,46125.7453007656
PST,Post-demographic dividend,2020,,80.0657027820539,99.9972400773978,14.4278548426441,,4.85821344234638,45174.5036479433
PST,Post-demographic dividend,2021,,79.7932796702764,99.9988344208097,,,4.84143434776053,50433.5519322417
PST,Post-demographic dividend,2022,,80.1925594478523,100.0,,,4.86397469797607,51597.0182783268
PST,Post-demographic dividend,2023,,80.8342678318764,100.0,,,4.86367907455807,54507.2154710128
PYF,French Polynesia,2005,,79.951,100.0,8.0,21.5421854743002,,21984.1936230719
PYF,French Polynesia,2006,,80.1,100.0,10.1,25.1079642462589,,22330.8676659055
PYF,French Polynesia,2007,,80.328,100.0,9.8,28.59,,24888.1781337361
PYF,French Polynesia,2008,,80.587,100.0,9.3,33.87,,26592.0262835732
PYF,French Polynesia,2009,,80.867,100.0,9.3,44.6,,24434.2197555208
PYF,French Polynesia,2010,,81.141,100.0,7.5,49.0,,22494.806706186
PYF,French Polynesia,2011,,81.434,100.0,6.9,49.0,,22831.5185348524
PYF,French Polynesia,2012,,81.695,100.0,6.6,52.8766305867993,,20846.5457478364
PYF,French Polynesia,2013,,81.935,100.0,6.5,56.8,,21955.6329264095
PYF,French Polynesia,2014,,82.151,100.0,7.4,60.68,,22258.6321384251
PYF,French Polynesia,2015,,82.339,100.0,7.8,64.560209747212,,19166.9594761931
PYF,French Polynesia,2016,,82.555,100.0,8.1,68.440419493378,,19690.0775734589
PYF,French Polynesia,2017,,82.774,100.0,8.1,72.7038953132942,,20826.9312492172
PYF,French Polynesia,2018,,82.985,100.0,7.7,,,21925.616043938
PYF,French Polynesia,2019,,83.195,100.0,7.7,,,21582.5892046801
PYF,French Polynesia,2020,,82.459,100.0,8.2,,,19966.4838503859
PYF,French Polynesia,2021,,79.571,100.0,7.4,,,21426.3854449835
PYF,French Polynesia,2022,,83.859,100.0,7.0,,,20053.9569369322
PYF,French Polynesia,2023,,84.07,100.0,,,,21832.2831795569
QAT,Qatar,2005,,76.909,100.0,0.0,24.73349953,10.4,53949.6764091147
QAT,Qatar,2006,,77.323,100.0,0.1,28.97410011,10.1,62582.4453138755
QAT,Qatar,2007,93.0800018310547,77.741,100.0,0.1,37.0,9.8,65954.1146428814
QAT,Qatar,2008,93.9899978637695,78.262,100.0,0.1,44.29999924,9.6,80781.2113909506
QAT,Qatar,2009,94.7200012207031,78.837,100.0,0.1,53.09999847,9.3,60785.7351551657
QAT,Qatar,2010,96.2799987792969,79.444,100.0,0.1,69.0,9.1,77387.2936379616
QAT,Qatar,2011,96.4100036621094,79.994,100.0,0.1,69.0,8.9,103261.510293068
QAT,Qatar,2012,96.6800003051758,80.499,100.0,0.0,69.3,8.7,108470.378825036
QAT,Qatar,2013,97.4800033569336,80.974,100.0,0.0,85.3,8.4,103697.008372373
QAT,Qatar,2014,97.75,81.395,100.0,0.0,91.48999786,8.1,95840.6310094498
QAT,Qatar,2015,,81.785,100.0,0.0,92.8848264535481,7.8,68985.2946961507
QAT,Qatar,2016,,82.147,100.0,0.1,95.1246621661148,7.5,61253.6375482797
QAT,Qatar,2017,,82.458,100.0,0.1,97.3888491654164,7.1,63279.8556949332
QAT,Qatar,2018,,82.714,100.0,0.0,99.6528491261175,6.8,71039.8490579352
QAT,Qatar,2019,,82.945,100.0,0.1,99.6528042086389,6.6,66841.3013484919
QAT,Qatar,2020,,80.409,100.0,0.0,99.65284913,6.3,51683.5054376677
QAT,Qatar,2021,,81.083,100.0,0.0,99.65280151,6.2,71751.8831257169
QAT,Qatar,2022,,81.857,100.0,,98.03800201,6.1,88701.463352273
QAT,Qatar,2023,,82.368,100.0,,98.15229797,6.0,80195.8746508549
ROU,Romania,2005,,71.9121951219512,95.6,18.5,21.5,18.2,4618.00350802913
ROU,Romania,2006,,72.1634146341463,95.9,17.4,24.66,16.7,5757.53127301178
ROU,Romania,2007,,72.5658536585366,96.1,18.2,28.3,15.2,8360.33775916596
ROU,Romania,2008,,72.5658536585366,96.5,20.4,32.42,13.9,10435.1561230787
ROU,Romania,2009,,73.309756097561,96.8,22.1,36.6,13.0,8548.4543409242
ROU,Romania,2010,,73.4585365853659,97.1,24.1,39.93,12.4,8399.5374234284
ROU,Romania,2011,98.5999984741211,74.409756097561,97.4,21.1,40.0099967810008,11.8,9560.6755277458
ROU,Romania,2012,,74.4121951219512,97.8,21.5,45.8799942529424,11.2,8929.95366231474
ROU,Romania,2013,,75.0634146341463,98.1,23.1,49.7645,10.6,9497.67411615237
ROU,Romania,2014,,74.909756097561,98.4,24.3,54.0783206550943,9.9,10031.7710755404
ROU,Romania,2015,,74.9121951219512,98.8,23.7,55.7631556336233,9.2,8977.01748158196
ROU,Romania,2016,,75.209756097561,99.1,24.4,59.5039512852713,8.5,9404.54005870715
ROU,Romania,2017,,75.209756097561,100.0,23.4,63.7472821822484,7.9,10727.9822007426
ROU,Romania,2018,,75.3585365853659,99.8,23.0,70.6812779273268,7.3,12416.134317959
ROU,Romania,2019,,75.6073170731707,100.0,23.5,73.6574757545465,6.8,12909.6104013244
ROU,Romania,2020,,74.2536585365854,100.0,24.1,78.45526895,6.5,13009.1525348396
ROU,Romania,2021,99.1600036621094,72.809756097561,100.0,23.6,83.5904265,6.4,14908.0412813921
ROU,Romania,2022,,75.1536585365854,100.0,,85.50309124,6.6,15503.4691366242
ROU,Romania,2023,,76.4048780487805,100.0,,89.20335498,6.9,18244.4186876321
RUS,Russian Federation,2005,,65.529756097561,98.0,3.6,15.22669983,13.9,5323.455078125
RUS,Russian Federation,2006,,66.7275609756098,98.1,3.5,18.02330017,12.8,6920.19970703125
RUS,Russian Federation,2007,,67.5868292682927,98.2,3.7,24.66,12.0,9101.2392578125
RUS,Russian Federation,2008,,67.9492682926829,98.3,3.3,32.0,11.3,11635.2841796875
RUS,Russian Federation,2009,,68.6846341463415,98.4,3.6,42.55,10.7,8562.82421875
RUS,Russian Federation,2010,99.6800003051758,68.8412195121951,99.3,3.3,49.0,10.4,10674.990234375
RUS,Russian Federation,2011,,69.6839024390244,99.2,3.2,58.0,10.2,14305.33203125
RUS,Russian Federation,2012,,70.0721951219512,100.0,3.2,66.0,9.9,15401.8515625
RUS,Russian Federation,2013,,70.5787804878049,100.0,3.6,67.97,9.5,15941.4482421875
RUS,Russian Federation,2014,,70.7436585365854,100.0,3.3,70.5175682574413,8.9,14055.47265625
RUS,Russian Federation,2015,,71.1834146341463,95.5,3.2,70.0992412263947,8.2,9277.7138671875
RUS,Russian Federation,2016,,71.6512195121951,99.4,3.4,73.091434617897,7.5,8663.158203125
RUS,Russian Federation,2017,,72.4514634146342,100.0,3.2,76.0081385339105,6.9,10658.9130859375
RUS,Russian Federation,2018,,72.6621951219512,100.0,3.2,80.8647218726954,6.4,11211.8876953125
RUS,Russian Federation,2019,,73.0839024390244,99.8,3.2,82.6421618670668,6.0,11447.701171875
RUS,Russian Federation,2020,,71.3387804878049,99.9,3.7,84.99466978,5.7,10108.3271484375
RUS,Russian Federation,2021,99.9300003051758,69.900243902439,100.0,3.5,88.21384578,5.5,12425.029296875
RUS,Russian Federation,2022,,72.5456097560976,100.0,,90.41799163,5.4,15625.6328125
RUS,Russian Federation,2023,,73.2546341463415,100.0,,92.24496346,5.3,13986.9951171875
RWA,Rwanda,2005,,56.968,4.8,89.2,0.555999994,104.5,324.016863847189
RWA,Rwanda,2006,,58.342,11.4,90.6,,93.4,352.093916578347
RWA,Rwanda,2007,,59.504,12.8,90.3,2.115400076,84.1,420.733580702508
RWA,Rwanda,2008,,60.641,6.0,90.6,4.5,76.0,522.288339420679
RWA,Rwanda,2009,,61.813,15.6,90.5,7.7,69.1,556.97399621739
RWA,Rwanda,2010,,62.804,9.7,90.5,8.0,63.3,586.599950359877
RWA,Rwanda,2011,,63.476,10.8,89.7,7.0,58.1,643.356138618166
RWA,Rwanda,2012,68.3300018310547,64.189,17.5,88.8,8.023900032,54.2,697.760143509565
RWA,Rwanda,2013,,64.651,15.2,88.5,9.0,51.4,695.397140963607
RWA,Rwanda,2014,70.8000030517578,65.088,19.8,88.0,10.60000038,49.2,715.36808783393
RWA,Rwanda,2015,,65.419,22.8,86.3,12.45600033,47.3,725.691418696952
RWA,Rwanda,2016,,65.733,29.4,85.5,14.63710022,45.8,721.258515833094
RWA,Rwanda,2017,,66.14,34.1,84.5,17.2,44.7,751.049039527547
RWA,Rwanda,2018,73.2200012207031,66.354,38.0,82.8,19.16659927,43.7,772.754982959354
RWA,Rwanda,2019,,66.691,46.6,81.8,21.3579998,42.7,823.355304065304
RWA,Rwanda,2020,80.0500030517578,66.953,45.2,81.7,23.8,41.6,802.638686936204
RWA,Rwanda,2021,,66.85,48.7,79.4,24.4416008,40.6,842.581492947672
RWA,Rwanda,2022,78.7600021362305,67.528,50.6,79.9,28.01679993,39.7,1007.05989322914
RWA,Rwanda,2023,,67.785,63.9,,28.80579948,38.8,1061.05788154076
SAS,South Asia,2005,62.439998626709,65.131596636791,65.8536460162923,46.222419891066,2.1,72.0,686.338193475473
SAS,South Asia,2006,62.5299987792969,65.5691020177667,65.9235565867572,45.2453053396588,2.6,68.7,769.378704313512
SAS,South Asia,2007,63.3800010681152,65.9890229742237,69.284881859242,43.5322600697748,3.7,65.5,967.697911561283
SAS,South Asia,2008,64.2099990844727,66.4314116387286,71.778258866002,41.4480675621599,4.1,62.4,958.275511460297
SAS,South Asia,2009,65.0400009155273,66.84109704634,72.9865860973521,39.4741030953443,4.9,59.4,1054.43555885745
SAS,South Asia,2010,67.9400024414062,67.3525068406787,74.0765736340237,38.1566630116378,7.1,56.3,1294.02734415145
SAS,South Asia,2011,68.6999969482422,67.8108394834024,77.3091651585732,36.8092713088936,9.4,53.4,1397.0068255002
SAS,South Asia,2012,68.5299987792969,68.2629615309516,78.4195444509049,36.3851888844937,10.4,50.5,1387.18205938261
SAS,South Asia,2013,69.8399963378906,68.6853288301062,80.847453203069,36.6107558472827,11.7,47.7,1405.84072374278
SAS,South Asia,2014,70.5599975585938,69.1208563538772,82.8480224291431,35.5096522398152,13.0,45.1,1528.4920875126
SAS,South Asia,2015,71.9599990844727,69.5110334122263,86.5327784624672,34.8834168535168,14.7,42.6,1570.54142452744
SAS,South Asia,2016,73.3499984741211,69.9184707063298,88.3184480403398,34.2074772429003,16.7,40.3,1722.90703396273
SAS,South Asia,2017,74.0199966430664,70.2904723380061,91.3983728307397,33.5888874710393,18.8,38.1,1956.06707563972
SAS,South Asia,2018,74.7399978637695,70.6523573971364,94.8192024055978,33.8834998158718,20.9,36.0,1988.36633317988
SAS,South Asia,2019,74.5100021362305,70.9975623145981,95.4698953988653,34.4293579877468,29.7,34.1,2067.05975680251
SAS,South Asia,2020,75.2399978637695,70.3622206982499,96.4013617397441,36.8864659122341,42.5,32.4,1957.20343709781
SAS,South Asia,2021,76.0599975585938,67.8215299767513,99.3693129133951,,48.0,30.8,2273.72055805692
SAS,South Asia,2022,76.9000015258789,72.0115731308447,99.0895114731934,,54.2,29.3,2326.72890585805
SAS,South Asia,2023,77.5699996948242,72.3247648783903,99.4087889697405,,58.3,28.0,2449.857142451
SAU,Saudi Arabia,2005,,74.4,100.0,0.0,12.7050359882849,16.3,15975.7473782258
SAU,Saudi Arabia,2006,,74.762,100.0,0.0,19.4595543513634,15.4,17563.6145370639
SAU,Saudi Arabia,2007,,75.066,100.0,0.0,30.0,14.5,18596.1502627898
SAU,Saudi Arabia,2008,,75.301,100.0,0.0,36.0,13.7,22320.4888964331
SAU,Saudi Arabia,2009,,75.447,100.0,0.0,38.0,12.9,17718.3911648365
SAU,Saudi Arabia,2010,,75.616,100.0,0.0,41.0,12.1,22028.3901426586
SAU,Saudi Arabia,2011,,75.808,100.0,0.0,47.5,11.4,27126.7498747702
SAU,Saudi Arabia,2012,,76.09,100.0,0.0,54.0,10.8,28733.4375513452
SAU,Saudi Arabia,2013,94.4300003051758,76.517,100.0,0.0,60.5,10.1,27865.465604962
SAU,Saudi Arabia,2014,,77.116,100.0,0.0,64.713657369019,9.6,27805.4850319422
SAU,Saudi Arabia,2015,,77.776,100.0,0.0,69.6162358014004,9.0,23256.1549553531
SAU,Saudi Arabia,2016,,78.354,99.9,0.0,74.8792746891625,8.5,22267.7217050387
SAU,Saudi Arabia,2017,95.3300018310547,78.721,100.0,0.0,94.1755996113911,8.0,23929.2907135982
SAU,Saudi Arabia,2018,,78.75,99.9,0.0,93.3100018480347,7.6,29360.0658968566
SAU,Saudi Arabia,2019,,78.313,100.0,0.0,95.7247355953812,7.2,29566.7933827436
SAU,Saudi Arabia,2020,97.5899963378906,77.596,100.0,0.1,97.8623325,6.9,24338.8307301067
SAU,Saudi Arabia,2021,,77.089,100.0,0.1,100.0,6.7,31920.7653655643
SAU,Saudi Arabia,2022,,77.31,100.0,,100.0,6.4,38510.2276211037
SAU,Saudi Arabia,2023,,78.732,100.0,,100.0,6.2,36156.8562500172
SDN,Sudan,2005,,57.226,30.5,72.3,,98.8,905.543640136719
SDN,Sudan,2006,,60.4,30.8,69.2,,83.0,1132.474609375
SDN,Sudan,2007,,61.442,31.1,65.6,8.66,80.4,1444.37219238281
SDN,Sudan,2008,53.5200004577637,61.261,20.0,63.5,,77.9,1527.58239746094
SDN,Sudan,2009,,62.676,29.0,63.1,,75.5,1178.22180175781
SDN,Sudan,2010,,62.979,36.0,61.3,,73.4,1305.63598632813
SDN,Sudan,2011,,63.181,38.3,63.7,,71.3,1332.6572265625
SDN,Sudan,2012,,63.427,40.7,63.7,,69.3,1019.22210693359
SDN,Sudan,2013,,63.443,43.1,64.3,,67.3,1138.62780761719
SDN,Sudan,2014,,63.99,44.9,63.7,,65.4,1275.43835449219
SDN,Sudan,2015,,64.375,48.0,61.9,12.0,63.5,1292.37963867188
SDN,Sudan,2016,,64.677,50.5,58.9,14.0999999446534,61.6,1033.21594238281
SDN,Sudan,2017,,65.146,53.0,59.4,18.60000038,59.7,966.505676269531
SDN,Sudan,2018,,65.501,55.3,59.8,,57.8,731.027465820313
SDN,Sudan,2019,,65.803,57.6,59.4,,56.1,709.975280761719
SDN,Sudan,2020,,65.124,59.7,62.6,,54.3,577.795227050781
SDN,Sudan,2021,,64.46,61.8,61.0,,52.7,712.122009277344
SDN,Sudan,2022,,65.695,63.2,,,51.0,1046.24084472656
SDN,Sudan,2023,,66.331,66.0,,,63.1,797.283447265625
SEN,Senegal,2005,,60.98,47.1,40.3,4.78668408310535,87.6,979.846101520171
SEN,Senegal,2006,41.8899993896484,61.801,49.9,43.4,5.61173865217952,80.8,1017.20196747987
SEN,Senegal,2007,,62.653,48.1,40.0,6.889999866,75.0,1188.93877808175
SEN,Senegal,2008,,63.201,49.7,39.8,7.119999886,70.1,1398.79218010021
SEN,Senegal,2009,48.0400009155273,63.751,53.5,51.3,7.5,66.1,1308.69404336205
SEN,Senegal,2010,,64.221,56.5,49.5,8.0,62.8,1275.88357492357
SEN,Senegal,2011,51.810001373291,64.799,56.5,48.0,9.800000191,60.0,1374.67591873844
SEN,Senegal,2012,,65.229,56.5,49.6,10.80000019,57.6,1326.83798848379
SEN,Senegal,2013,43.5299987792969,65.638,57.0,42.7,13.10000038,55.5,1379.83196553924
SEN,Senegal,2014,,66.001,61.0,42.5,17.70000076,53.7,1398.89137601382
SEN,Senegal,2015,43.5900001525879,66.451,60.5,39.1,21.70000076,52.2,1218.00613555438
SEN,Senegal,2016,46.0999984741211,66.724,64.5,36.7,25.66480064,50.8,1266.43957151587
SEN,Senegal,2017,51.9000015258789,67.059,61.7,36.8,29.64310074,49.4,1354.77007193387
SEN,Senegal,2018,46.6100006103516,67.379,66.0,34.2,35.29999924,47.9,1452.55612562445
SEN,Senegal,2019,46.8300018310547,67.668,70.4,36.2,43.37969971,46.2,1431.18128932159
SEN,Senegal,2020,,67.496,64.3,38.7,53.30879974,44.2,1461.08720350553
SEN,Senegal,2021,,66.868,68.0,35.4,55.04040146,42.2,1598.10676952274
SEN,Senegal,2022,,67.788,67.9,,56.82830048,40.1,1574.0281059306
SEN,Senegal,2023,50.3600006103516,68.683,74.2,,59.18740082,38.2,1698.03387300843
SGP,Singapore,2005,,79.990243902439,100.0,0.5,61.0,3.0,29961.3172812732
SGP,Singapore,2006,,80.1414634146341,100.0,0.5,59.0,2.9,33768.4528234651
SGP,Singapore,2007,,80.4414634146342,100.0,0.5,69.9,2.9,39432.8860198877
SGP,Singapore,2008,,80.790243902439,100.0,0.5,69.0,2.8,40008.5720489092
SGP,Singapore,2009,,81.2414634146342,100.0,0.5,69.0,2.8,38926.8054365453
SGP,Singapore,2010,95.8600006103516,81.5414634146342,100.0,0.5,71.0,2.8,47236.683084953
SGP,Singapore,2011,96.1900024414062,81.7439024390244,100.0,0.5,71.0,2.8,53891.4570264372
SGP,Singapore,2012,96.370002746582,81.9951219512195,100.0,0.5,72.0,2.8,55547.5553077786
SGP,Singapore,2013,96.5500030517578,82.2463414634147,100.0,0.6,80.90209961,2.8,56967.4257940383
SGP,Singapore,2014,96.7200012207031,82.4951219512195,100.0,0.6,79.0292358633435,2.7,57564.8023114977
SGP,Singapore,2015,96.8300018310547,82.7439024390244,100.0,0.7,79.0129570025584,2.7,55645.6068614606
SGP,Singapore,2016,97.0500030517578,82.8463414634146,100.0,0.7,84.4522678893074,2.6,57204.0340105222
SGP,Singapore,2017,97.1999969482422,83.0951219512195,100.0,0.7,84.4522678893074,2.6,61436.1325502558
SGP,Singapore,2018,97.3399963378906,83.2975609756098,100.0,0.8,88.1656360313447,2.5,67032.8225769734
SGP,Singapore,2019,97.4800033569336,83.5951219512195,100.0,0.9,88.9492526850762,2.5,66068.7003106378
SGP,Singapore,2020,97.129997253418,83.5439024390244,100.0,0.9,92.00434653,2.4,61772.5036492256
SGP,Singapore,2021,97.6500015258789,83.0926829268293,100.0,1.1,96.92468156,2.4,80884.8565369236
SGP,Singapore,2022,,82.8951219512195,100.0,,95.95386476,2.5,91227.6970426492
SGP,Singapore,2023,,83.0975609756098,100.0,,94.28518987,2.6,86382.5900499252
SLB,Solomon Islands,2005,,67.79,19.2,49.7,0.844299972,29.1,1144.49233397681
SLB,Solomon Islands,2006,,67.968,14.4,48.9,1.646299958,28.8,1255.62447417684
SLB,Solomon Islands,2007,,67.845,12.9,47.4,2.0,28.4,1390.14870956707
SLB,Solomon Islands,2008,,68.336,28.1,46.7,3.0,28.0,1525.84666261203
SLB,Solomon Islands,2009,,68.397,21.2,45.8,4.0,27.6,1554.70671006386
SLB,Solomon Islands,2010,,68.669,35.4,45.1,5.0,27.2,1685.14535823757
SLB,Solomon Islands,2011,,68.824,39.1,43.6,6.0,26.7,1924.05795643133
SLB,Solomon Islands,2012,,68.961,42.9,43.8,6.997399807,26.2,2066.25738638356
SLB,Solomon Islands,2013,,69.007,44.7,41.8,8.0,25.8,2161.38627543917
SLB,Solomon Islands,2014,,68.984,50.5,45.9,9.0,25.4,2164.95289873002
SLB,Solomon Islands,2015,,69.323,55.1,48.6,10.00049973,25.0,2045.47721526649
SLB,Solomon Islands,2016,,69.501,58.2,48.7,11.00090027,24.6,2082.62383124213
SLB,Solomon Islands,2017,,69.652,62.9,49.0,15.14840031,24.1,2143.57670489272
SLB,Solomon Islands,2018,,69.806,65.8,48.6,20.8593998,23.6,2278.19908624102
SLB,Solomon Islands,2019,,69.981,69.4,48.4,22.48880005,23.1,2223.65890942466
SLB,Solomon Islands,2020,,69.258,72.9,49.0,24.1984005,22.5,2063.32780991967
SLB,Solomon Islands,2021,,68.89,76.3,49.1,26.03790092,21.9,2043.44413170658
SLB,Solomon Islands,2022,,70.409,76.0,50.1,28.01729965,21.3,1877.78104490956
SLB,Solomon Islands,2023,,70.528,81.3,,28.67239952,20.6,1882.64394148042
SLE,Sierra Leone,2005,,48.306,11.3,88.1,0.215399995,193.2,462.633324427945
SLE,Sierra Leone,2006,,49.547,12.2,84.4,0.227699995,186.5,580.26796974773
SLE,Sierra Leone,2007,,50.024,13.0,86.3,0.239800006,179.6,631.889926264998
SLE,Sierra Leone,2008,,50.693,12.1,86.0,0.25,172.4,705.359014080005
SLE,Sierra Leone,2009,,51.312,14.6,86.1,0.25999999,165.2,652.845806767943
SLE,Sierra Leone,2010,,51.927,11.5,84.9,0.579999983,157.9,685.039673490948
SLE,Sierra Leone,2011,,52.594,14.2,81.0,0.899999976,150.8,761.146365577281
SLE,Sierra Leone,2012,,53.159,17.2,79.1,2.5,144.1,937.504428180231
SLE,Sierra Leone,2013,,54.051,13.5,74.6,4.0,137.9,1117.47183075115
SLE,Sierra Leone,2014,44.3698913332904,54.281,18.8,73.0,6.057300091,135.9,1117.7586465721
SLE,Sierra Leone,2015,49.4000015258789,55.454,19.7,74.0,6.344399929,136.8,964.575980888989
SLE,Sierra Leone,2016,,56.937,20.3,73.6,7.680099964,121.8,844.416411175476
SLE,Sierra Leone,2017,44.8300018310547,57.761,23.4,74.6,9.297100067,117.0,779.186007841728
SLE,Sierra Leone,2018,48.8143667728528,59.059,26.1,75.9,14.42230034,112.4,845.914540460932
SLE,Sierra Leone,2019,43.5800018310547,59.593,22.7,75.4,15.71370029,108.3,843.71251730417
SLE,Sierra Leone,2020,,59.694,26.3,75.1,17.12080002,104.4,845.277558236182
SLE,Sierra Leone,2021,,60.26,27.5,71.1,18.65390015,100.6,885.396401613729
SLE,Sierra Leone,2022,,61.275,29.4,71.6,21.50880051,97.1,860.371067874555
SLE,Sierra Leone,2023,,61.786,35.5,,23.71360016,93.8,758.329137301888
SLV,El Salvador,2005,,69.336,87.5,34.1,4.199999809,24.0,2447.39140845394
SLV,El Salvador,2006,83.5599975585938,69.612,89.2,34.8,5.5,22.7,2665.61807194853
SLV,El Salvador,2007,82.0299987792969,69.82,91.1,28.2,6.11,21.5,2830.65693770733
SLV,El Salvador,2008,83.9499969482422,70.138,91.0,31.5,10.08,20.4,2983.24829577976
SLV,El Salvador,2009,84.0999984741211,70.359,91.1,32.2,12.11,19.4,2910.18651752011
SLV,El Salvador,2010,84.4899978637695,70.909,91.6,32.6,15.9,18.4,3040.07300952878
SLV,El Salvador,2011,85.4899978637695,71.192,92.6,29.5,18.89999962,17.6,3330.60049486653
SLV,El Salvador,2012,85.4624559924635,71.42,93.7,30.3,20.3213877242007,16.7,3497.91256915509
SLV,El Salvador,2013,86.7699966430664,71.225,95.0,27.5,23.1093,16.0,3582.26694005169
SLV,El Salvador,2014,87.4125334516516,71.144,95.1,24.0,24.7617121459061,15.3,3666.01248913873
SLV,El Salvador,2015,87.9700012207031,70.952,95.4,21.0,26.8026049600572,14.6,3790.34089108162
SLV,El Salvador,2016,88.1399993896484,70.908,96.0,20.7,28.99710083,13.9,3901.34014965811
SLV,El Salvador,2017,88.4800033569336,71.007,96.8,25.0,33.8207289048526,13.3,4020.12671373919
SLV,El Salvador,2018,89.0100021362305,71.384,97.0,23.2,43.79999924,12.7,4183.54620971358
SLV,El Salvador,2019,89.1399993896484,71.725,97.4,19.4,50.4911940673888,12.2,4320.11671534627
SLV,El Salvador,2020,89.9800033569336,70.244,99.7,23.7,54.60136976,11.7,3997.19279583709
SLV,El Salvador,2021,89.0586486323527,69.941,97.9,21.9,57.26380157,11.2,4642.60743101342
SLV,El Salvador,2022,89.3537151570456,71.969,100.0,,60.05609894,10.8,5074.60050994225
SLV,El Salvador,2023,89.8499984741211,72.099,98.3,,62.61989975,10.4,5319.7195268688
SMR,San Marino,2005,,81.926,100.0,,,3.6,59877.7862692185
SMR,San Marino,2006,,82.258,100.0,,50.2086593635889,3.3,63270.7994496499
SMR,San Marino,2007,,82.605,100.0,,50.3648221088655,3.1,70124.4249984768
SMR,San Marino,2008,,82.894,100.0,,54.52,2.9,75902.1677701187
SMR,San Marino,2009,,83.224,100.0,,54.21,2.7,62429.0202738462
SMR,San Marino,2010,,83.464,100.0,,,2.6,56543.190562068
SMR,San Marino,2011,,83.713,100.0,,49.6,2.4,55601.4008139955
SMR,San Marino,2012,,83.943,100.0,,,2.3,47945.8917557105
SMR,San Marino,2013,,84.175,100.0,,,2.1,50807.8206340193
SMR,San Marino,2014,,84.394,100.0,,,2.0,51260.4804236805
SMR,San Marino,2015,,84.596,100.0,,,1.9,43146.8035302005
SMR,San Marino,2016,,84.775,100.0,,55.0,1.8,44359.4574206971
SMR,San Marino,2017,,84.933,100.0,,60.18230057,1.7,45192.0530047599
SMR,San Marino,2018,,85.095,100.0,,,1.6,47950.7076296808
SMR,San Marino,2019,,85.257,100.0,,67.85070038,1.5,46626.9998571568
SMR,San Marino,2020,,82.65,100.0,,77.94999695,1.5,44426.6259613672
SMR,San Marino,2021,,83.539,100.0,,81.66999817,1.4,54168.9744311193
SMR,San Marino,2022,99.9100036621094,85.708,100.0,,97.32790375,1.4,54264.5837022908
SMR,San Marino,2023,,85.706,100.0,,97.33640289,1.3,59871.3288101478
SOM,"Somalia, Fed. Rep.",2005,,50.894,15.0,93.3,1.077299953,173.2,439.979907805478
SOM,"Somalia, Fed. Rep.",2006,,50.915,15.2,93.5,1.100200057,172.6,457.996662206659
SOM,"Somalia, Fed. Rep.",2007,,50.885,20.2,93.0,1.122200012,170.5,479.635628065289
SOM,"Somalia, Fed. Rep.",2008,,51.456,22.9,93.4,1.142699957,166.7,507.03744334738
SOM,"Somalia, Fed. Rep.",2009,,52.101,25.5,93.6,1.160599947,162.4,246.513251675105
SOM,"Somalia, Fed. Rep.",2010,,48.9,52.3,93.6,,186.7,219.202453852397
SOM,"Somalia, Fed. Rep.",2011,,32.453,52.0,93.7,1.25,363.1,235.325945610434
SOM,"Somalia, Fed. Rep.",2012,,49.138,51.8,93.9,1.376700044,185.4,350.261946720512
SOM,"Somalia, Fed. Rep.",2013,,54.016,51.5,94.4,1.5,143.2,393.398703952979
SOM,"Somalia, Fed. Rep.",2014,,54.442,51.4,94.6,1.629999995,138.6,429.431656725102
SOM,"Somalia, Fed. Rep.",2015,,55.056,51.2,94.5,1.75999999,134.3,445.583080073396
SOM,"Somalia, Fed. Rep.",2016,,55.283,51.1,94.8,1.879999995,130.2,460.928490585175
SOM,"Somalia, Fed. Rep.",2017,,52.19,52.1,94.9,,156.4,510.939952317726
SOM,"Somalia, Fed. Rep.",2018,,54.767,50.7,94.9,,136.4,509.497273804534
SOM,"Somalia, Fed. Rep.",2019,63.6579378279423,57.249,49.2,95.0,2.731400013,118.4,539.954816211694
SOM,"Somalia, Fed. Rep.",2020,,57.095,49.9,95.5,15.02369976,114.7,518.16113333875
SOM,"Somalia, Fed. Rep.",2021,,55.703,49.3,95.4,23.87479973,111.0,549.056994756254
SOM,"Somalia, Fed. Rep.",2022,54.1199989318848,53.931,48.9,95.4,27.6,143.1,573.141165798229
SOM,"Somalia, Fed. Rep.",2023,,58.816,50.3,,26.12010002,104.3,596.885985135589
SRB,Serbia,2005,,72.8341463414634,99.7,16.1,26.29999924,9.0,3807.97417321786
SRB,Serbia,2006,,73.3853658536585,99.6,15.3,27.2,8.5,4492.7136699046
SRB,Serbia,2007,,73.6317073170732,99.6,14.0,33.15,8.1,6081.08765700202
SRB,Serbia,2008,,73.8853658536585,99.6,15.5,35.6,7.9,7376.73517910716
SRB,Serbia,2009,,73.9853658536585,99.6,20.7,38.1,7.8,6414.0448463847
SRB,Serbia,2010,,74.3365853658537,99.7,20.5,40.9,7.6,5970.92660940072
SRB,Serbia,2011,97.9599990844727,74.5365853658537,99.7,17.4,42.2,7.4,7082.2861666075
SRB,Serbia,2012,,74.8365853658537,99.8,19.5,48.09999847,7.1,6263.04086072815
SRB,Serbia,2013,,75.1853658536585,99.9,20.0,53.450364175,6.8,7040.41812068781
SRB,Serbia,2014,,75.3365853658537,99.7,23.2,62.0750804639377,6.6,6886.67809068704
SRB,Serbia,2015,,75.2878048780488,99.9,21.2,65.3170254003801,6.3,5820.3215576888
SRB,Serbia,2016,98.8399963378906,75.6878048780488,99.9,20.9,67.0568413716938,6.1,5982.37030126471
SRB,Serbia,2017,,75.5390243902439,100.0,20.0,70.3308355269141,5.9,6548.03653824187
SRB,Serbia,2018,,75.890243902439,100.0,21.0,73.360709154564,5.8,7559.86165747394
SRB,Serbia,2019,99.4800033569336,75.9365853658537,99.8,21.4,77.4167736219802,5.6,7755.632986437
SRB,Serbia,2020,,74.4780487804878,100.0,26.0,78.36804864,5.5,8098.70955668849
SRB,Serbia,2021,,72.780487804878,100.0,27.2,81.16588116,5.4,9680.52798074468
SRB,Serbia,2022,99.3399963378906,75.2365853658537,100.0,,83.53825397,5.4,10024.8191112596
SRB,Serbia,2023,,76.1414634146341,100.0,,85.35746686,5.4,12281.707946167
SSA,Sub-Saharan Africa (excluding high income),2005,58.9300003051758,53.8903142647049,29.3445091012333,70.539680944605,2.2,119.719264250144,1072.97884278867
SSA,Sub-Saharan Africa (excluding high income),2006,58.0299987792969,54.5874922955175,31.196220881801,70.6297212213983,2.8,113.983222128896,1233.53123307184
SSA,Sub-Saharan Africa (excluding high income),2007,57.8300018310547,55.2609700981639,32.512764543462,70.1243069363177,3.7,109.094655424529,1390.0998726156
SSA,Sub-Saharan Africa (excluding high income),2008,58.1599998474121,55.8852324866472,32.3970735345555,69.991530551765,4.2,104.385931483501,1536.38359632821
SSA,Sub-Saharan Africa (excluding high income),2009,58.6399993896484,56.3661066129672,32.6194886221914,70.0532751561439,4.9,102.315252031653,1426.74291944931
SSA,Sub-Saharan Africa (excluding high income),2010,59.310001373291,57.1054824459401,33.3300093882027,70.5711431530206,6.7,97.1681832204319,1642.37471849237
SSA,Sub-Saharan Africa (excluding high income),2011,61.0,57.472012962771,35.8931824758725,69.9702399260792,8.3,96.6890782678114,1795.17977483773
SSA,Sub-Saharan Africa (excluding high income),2012,62.2299995422363,58.2268465604768,36.769425653924,68.9835488501321,9.9,90.7321819475296,1817.07773780046
SSA,Sub-Saharan Africa (excluding high income),2013,63.1199989318848,58.716889879682,38.0249592064952,67.8647317156227,11.8,87.5694826672545,1879.20059513022
SSA,Sub-Saharan Africa (excluding high income),2014,63.6599998474121,58.9844549293868,38.3448910796734,67.6452011850627,13.9,86.6642219799093,1906.51557748593
SSA,Sub-Saharan Africa (excluding high income),2015,64.2600021362305,59.3975354580919,39.1909298102007,68.0411125352474,16.3,84.7814528552198,1646.07300085129
SSA,Sub-Saharan Africa (excluding high income),2016,64.8899993896484,59.8109397138943,43.8232546101961,67.9804339199785,18.5,83.1958037176412,1455.29231657117
SSA,Sub-Saharan Africa (excluding high income),2017,65.2399978637695,60.1572303772595,43.7549547695956,67.8350236280696,20.4,82.2310952069213,1547.77467837023
SSA,Sub-Saharan Africa (excluding high income),2018,67.120002746582,60.7658407661798,46.4094139121308,67.6846305852535,22.8,78.7784543306569,1621.1285196776
SSA,Sub-Saharan Africa (excluding high income),2019,67.7200012207031,61.1283093108513,47.1889611753106,68.1866925105485,25.3,77.7187475707302,1795.55378673641
SSA,Sub-Saharan Africa (excluding high income),2020,67.879997253418,61.1663194682411,48.5365084034364,70.2882962400544,28.0,75.7402568059746,1627.39235037313
SSA,Sub-Saharan Africa (excluding high income),2021,67.8300018310547,60.701952995968,50.6485899183237,,30.3,77.0284601519672,1784.88774854725
SSA,Sub-Saharan Africa (excluding high income),2022,68.1500015258789,61.855676568586,51.5030975279241,,32.7,77.9091743780286,1863.26040059117
SSA,Sub-Saharan Africa (excluding high income),2023,68.4400024414062,62.6015210435979,53.2463204690134,,33.5,73.1417645901684,1680.66097936273
SSD,South Sudan,2005,,53.965,,,,138.4,
SSD,South Sudan,2006,,54.653,,,,131.5,
SSD,South Sudan,2007,,55.425,0.8,,,124.9,
SSD,South Sudan,2008,26.8299999237061,56.28,1.3,,,118.7,1654.21153546555
SSD,South Sudan,2009,,56.848,3.0,,,112.7,1323.22068747862
SSD,South Sudan,2010,,57.485,1.5,,,107.2,1498.27034985194
SSD,South Sudan,2011,,57.674,2.8,,,102.3,1448.98435006408
SSD,South Sudan,2012,,58.241,3.3,30.6,1.5,98.9,1109.26050083408
SSD,South Sudan,2013,,58.285,3.8,30.1,2.200000048,97.2,1650.18943353528
SSD,South Sudan,2014,,45.625,4.3,29.4,2.599999905,182.6,1242.73450181032
SSD,South Sudan,2015,,39.757,4.8,27.5,3.0,240.8,1080.14718624765
SSD,South Sudan,2016,,36.72,5.3,28.7,3.5,272.9,
SSD,South Sudan,2017,,35.351,4.2,35.1,4.1,292.0,
SSD,South Sudan,2018,,51.905,6.3,31.5,4.800000191,133.7,
SSD,South Sudan,2019,,58.129,6.8,31.4,6.671000004,96.7,
SSD,South Sudan,2020,,57.648,7.3,32.8,,96.7,
SSD,South Sudan,2021,,57.047,7.7,32.4,,96.7,
SSD,South Sudan,2022,,57.203,8.4,,,96.7,
SSD,South Sudan,2023,,57.617,5.4,,,96.7,
SSF,Sub-Saharan Africa,2005,58.939998626709,53.8922539208949,29.3516433048232,70.5237330831511,2.0,119.8,1074.12476310665
SSF,Sub-Saharan Africa,2006,58.0299987792969,54.589354695264,31.2034877715293,70.6146202545352,2.6,114.0,1234.75609892112
SSF,Sub-Saharan Africa,2007,57.8300018310547,55.2628174960913,32.5193334285169,70.1100750427751,3.1,109.1,1391.26803582887
SSF,Sub-Saharan Africa,2008,58.1699981689453,55.8870079518376,32.4036605998828,69.9762964238958,3.6,104.5,1537.38333094262
SSF,Sub-Saharan Africa,2009,58.6500015258789,56.367784162949,32.6259292020567,70.0369831155563,4.3,102.8,1427.57787495772
SSF,Sub-Saharan Africa,2010,59.3199996948242,57.107097844285,33.3364008805919,70.5522525849335,6.0,97.2,1643.30753523371
SSF,Sub-Saharan Africa,2011,61.0099983215332,57.4734640185534,35.8991006065751,69.9549214765695,7.5,97.1,1796.16109829226
SSF,Sub-Saharan Africa,2012,62.2400016784668,58.2283469511484,36.7751781158828,68.9684304535012,9.2,90.7,1818.06125449252
SSF,Sub-Saharan Africa,2013,63.1199989318848,58.7182244214244,38.0305164719493,67.8510971013982,11.2,87.6,1880.39980462364
SSF,Sub-Saharan Africa,2014,63.6699981689453,58.985759679416,38.3505383635735,67.6303707658131,13.4,86.8,1907.73210907064
SSF,Sub-Saharan Africa,2015,64.2600021362305,59.3988936826923,39.1964738206413,68.0255515815612,16.2,85.0,1647.32085826836
SSF,Sub-Saharan Africa,2016,64.8899993896484,59.8122443592399,43.8283095558868,67.9625238161754,18.3,83.4,1456.65211115929
SSF,Sub-Saharan Africa,2017,65.25,60.1584852136877,43.7599451875648,67.8175544668556,20.0,82.5,1549.18831908585
SSF,Sub-Saharan Africa,2018,67.129997253418,60.7668941967258,46.4140889472825,67.6660713231228,22.0,79.0,1622.59575329634
SSF,Sub-Saharan Africa,2019,67.7300033569336,61.129417043288,47.1934897675941,68.1693850218034,24.4,78.0,1797.04121765415
SSF,Sub-Saharan Africa,2020,67.8899993896484,61.1676740309985,48.5408462612868,70.2701133853785,26.7,75.9,1628.43873346869
SSF,Sub-Saharan Africa,2021,67.8399963378906,60.7030048050853,50.6526785971142,,29.0,77.1,1785.98118191144
SSF,Sub-Saharan Africa,2022,68.1500015258789,61.8569116778883,51.5078310982515,,31.1,78.3,1864.70686111925
SSF,Sub-Saharan Africa,2023,68.4400024414062,62.6027406477464,53.2507689805499,,32.3,73.2,1682.2261488119
SST,Small states,2005,82.5999984741211,68.0184220231352,77.6783676254051,27.2333608360836,19.6,46.5517688795085,7779.56425219565
SST,Small states,2006,82.3199996948242,68.2773677005452,78.1006771419422,26.6335847609307,21.1,44.2304415855355,8649.77205518934
SST,Small states,2007,82.8399963378906,68.5761118394504,79.5807349251648,26.8431092436975,23.3,42.4416089620418,10056.4113345434
SST,Small states,2008,83.4300003051758,68.9208192339965,80.5950689227549,28.4953543493719,25.6,40.9811635523341,10984.7646983248
SST,Small states,2009,83.5400009155273,69.2706797451225,80.4229826422579,30.2776979308636,28.7,39.5042885017229,9299.40869272154
SST,Small states,2010,84.1100006103516,69.6933118913694,82.199729744185,29.7265690627625,32.0,37.495316150762,9799.55180930436
SST,Small states,2011,84.4599990844727,70.0014375655617,83.906240710336,30.2495982731742,35.5,35.3309977435495,10887.8653862795
SST,Small states,2012,84.6999969482422,70.2725959153837,84.8243310625176,30.1846016646849,38.5,33.9150940110932,10829.4075164827
SST,Small states,2013,84.9899978637695,70.6156980246326,85.2704808451356,30.3387854927225,41.2,32.9662179630421,11137.9509953235
SST,Small states,2014,85.3000030517578,70.850031877117,86.7735637831097,30.1999766218586,44.7,32.1764169270094,11422.9709382889
SST,Small states,2015,85.8600006103516,71.1218770493238,87.6813928879402,31.1755146888735,47.7,31.214093957807,10451.9964952878
SST,Small states,2016,87.0699996948242,71.3735507555474,88.8486713357501,31.3734949541816,50.9,30.2151314953627,10492.0492970632
SST,Small states,2017,87.3300018310547,71.6518752446228,90.1550278534803,31.1677364093193,55.6,29.6415589548415,11319.4921033734
SST,Small states,2018,87.5299987792969,71.8640735615265,90.9647335432231,32.2826634877384,58.0,28.85209966852,12064.6886372837
SST,Small states,2019,87.7099990844727,72.0009607335469,92.0919222790738,31.6559924886778,62.1,28.7067565761136,11997.3036529705
SST,Small states,2020,87.5800018310547,71.8255552822673,93.1195945831784,34.2609139465875,65.6,27.9736535191704,10730.4939107969
SST,Small states,2021,87.7099990844727,70.7756825891382,93.7468179373385,,69.1,27.2395662382228,12435.8612830054
SST,Small states,2022,87.8300018310547,72.380297225352,93.826993722259,,70.5,26.8196916083767,13644.5029834497
SST,Small states,2023,87.9300003051758,72.9130400157843,94.7947483488559,,71.7,26.1930611919865,14360.785757405
STP,Sao Tome and Principe,2005,,62.434,55.8,47.9,13.75949955,55.7,844.169181884274
STP,Sao Tome and Principe,2006,,63.041,56.9,47.3,14.18200016,51.1,861.970707697664
STP,Sao Tome and Principe,2007,,63.336,58.0,47.7,14.5904831987414,46.9,878.885791918745
STP,Sao Tome and Principe,2008,,63.448,59.1,46.0,15.47999954,43.1,1081.8684584729
STP,Sao Tome and Principe,2009,,63.669,56.9,45.4,16.40999985,39.5,1128.28046213305
STP,Sao Tome and Principe,2010,,63.867,61.4,38.2,18.75,36.2,1045.20958234528
STP,Sao Tome and Principe,2011,,64.122,62.6,42.4,20.16119957,33.2,1219.80189089671
STP,Sao Tome and Principe,2012,90.1399993896484,64.505,57.9,40.1,21.57239914,30.4,1210.7926479817
STP,Sao Tome and Principe,2013,,64.93,65.0,42.8,23.0,27.9,1382.5757842916
STP,Sao Tome and Principe,2014,,65.478,68.6,38.4,24.40999985,25.5,1489.67633417608
STP,Sao Tome and Principe,2015,,66.023,67.3,39.2,25.81999969,23.3,1298.10946596396
STP,Sao Tome and Principe,2016,,66.563,69.4,38.1,28.0,21.3,1434.87018050521
STP,Sao Tome and Principe,2017,,67.074,74.3,39.2,32.61640167,19.6,1555.79477812888
STP,Sao Tome and Principe,2018,,67.602,71.0,40.6,37.99380112,18.2,1825.59971753966
STP,Sao Tome and Principe,2019,87.4400024414062,68.043,75.1,38.6,44.25790024,17.1,1935.2931816596
STP,Sao Tome and Principe,2020,,67.979,76.8,41.6,51.55469894,16.1,2167.22001796925
STP,Sao Tome and Principe,2021,,68.026,78.5,40.8,54.94950104,15.3,2362.58827248102
STP,Sao Tome and Principe,2022,,69.237,78.0,42.5,58.56779861,14.7,2389.73729784737
STP,Sao Tome and Principe,2023,,69.718,81.3,,58.70130157,14.1,2990.6606143535
SUR,Suriname,2005,,66.997,94.9,18.9,6.40308628759062,26.5,3453.42865937765
SUR,Suriname,2006,,67.643,91.0,22.1,9.49960041,25.7,5002.65798695759
SUR,Suriname,2007,,68.307,94.7,24.6,14.11,25.1,5530.17615638309
SUR,Suriname,2008,94.620002746582,68.873,94.7,26.2,21.05999947,24.4,6576.08546307249
SUR,Suriname,2009,,69.323,94.6,26.5,31.36,23.8,7129.5768626291
SUR,Suriname,2010,94.6800003051758,69.626,91.2,22.1,31.59,23.2,7943.60482816915
SUR,Suriname,2011,,69.82,94.6,21.2,32.0,22.7,7949.88867218383
SUR,Suriname,2012,92.870002746582,69.957,94.6,15.8,34.68119812,22.2,8851.24050668908
SUR,Suriname,2013,,70.11,94.6,17.6,37.40000153,21.6,9043.19281529222
SUR,Suriname,2014,,70.33,94.6,12.8,40.08000183,21.1,9108.18905406764
SUR,Suriname,2015,,70.567,95.0,11.6,42.76380157,20.6,8813.61705392067
SUR,Suriname,2016,,70.979,95.8,11.1,45.40000153,20.1,5644.2061057532
SUR,Suriname,2017,,71.247,96.6,15.5,48.94520187,19.5,6049.52128553675
SUR,Suriname,2018,,71.468,97.4,18.3,55.10210037,18.9,6665.74180472239
SUR,Suriname,2019,,71.773,97.9,14.9,62.03350067,18.4,6629.66775248603
SUR,Suriname,2020,,72.321,98.4,14.6,,17.9,4755.39221710693
SUR,Suriname,2021,,68.943,98.8,14.5,,17.4,5029.84838543953
SUR,Suriname,2022,,73.254,99.0,,,16.8,6084.43876736445
SUR,Suriname,2023,,73.631,99.6,,87.4,16.3,5521.97602122638
SVK,Slovak Republic,2005,,73.9048780487805,99.9,6.3,55.19,8.3,9087.20357002472
SVK,Slovak Republic,2006,,74.2048780487805,99.9,6.6,56.08,8.0,10629.1782325838
SVK,Slovak Republic,2007,,74.2073170731707,100.0,8.2,61.8,7.7,14330.2064943926
SVK,Slovak Republic,2008,,74.7048780487805,100.0,7.6,66.05,7.4,17973.8436435514
SVK,Slovak Republic,2009,,74.909756097561,100.0,10.0,70.0,7.1,16586.7527805228
SVK,Slovak Republic,2010,,75.1121951219512,100.0,10.3,75.71,6.9,16899.448680529
SVK,Slovak Republic,2011,,75.9585365853659,100.0,10.4,74.4399971746757,6.7,18469.4354316836
SVK,Slovak Republic,2012,,76.109756097561,100.0,10.5,76.7099901181121,6.6,17516.9691054078
SVK,Slovak Republic,2013,,76.4121951219512,100.0,10.7,77.8826,6.4,18312.7805149823
SVK,Slovak Republic,2014,,76.8121951219512,100.0,12.2,79.9843017656729,6.3,18770.9289896545
SVK,Slovak Republic,2015,,76.5634146341463,100.0,13.4,77.6346820339875,6.2,16442.0760860018
SVK,Slovak Republic,2016,,77.1658536585366,100.0,13.1,80.475857275668,6.1,16636.0769133073
SVK,Slovak Republic,2017,,77.1658536585366,100.0,12.4,81.6256675172655,6.0,17645.5298716761
SVK,Slovak Republic,2018,,77.2658536585366,100.0,12.4,80.4489224826099,5.9,19573.3717031314
SVK,Slovak Republic,2019,,77.6658536585366,100.0,17.6,82.8536605021784,5.9,19406.0589683582
SVK,Slovak Republic,2020,,76.8658536585366,100.0,17.6,89.92090413,5.9,19735.4858280801
SVK,Slovak Republic,2021,,74.6146341463415,100.0,17.9,88.92560523,6.0,22123.3342114545
SVK,Slovak Republic,2022,,76.9658536585366,100.0,,89.06766196,6.1,21317.7943982363
SVK,Slovak Republic,2023,,78.119512195122,100.0,,87.2131343,6.2,24614.8734642794
SVN,Slovenia,2005,,77.6121951219512,100.0,18.6,46.81,4.2,17969.7095907161
SVN,Slovenia,2006,,78.0865853658537,100.0,17.4,54.01,4.0,19563.005059144
SVN,Slovenia,2007,,78.5609756097561,100.0,18.4,56.74,3.8,23725.1596001515
SVN,Slovenia,2008,,78.7658536585366,100.0,17.6,58.0,3.6,27461.9764165315
SVN,Slovenia,2009,,78.9707317073171,100.0,19.6,64.0,3.4,24501.7897290425
SVN,Slovenia,2010,,79.4219512195122,100.0,20.1,70.0,3.2,23329.8417691156
SVN,Slovenia,2011,,79.9707317073171,100.0,19.1,67.3399948092396,3.1,24940.6284841605
SVN,Slovenia,2012,,80.1243902439024,100.0,20.2,68.3499745287825,2.9,22442.1417859955
SVN,Slovenia,2013,,80.3219512195122,100.0,22.5,72.6756,2.8,23236.9655321695
SVN,Slovenia,2014,,81.0780487804878,100.0,22.9,71.5862515855601,2.7,24013.0682060959
SVN,Slovenia,2015,,80.7756097560976,100.0,21.4,73.0986599745829,2.6,20697.2748530619
SVN,Slovenia,2016,,81.1756097560976,100.0,21.0,75.4985042610791,2.5,21447.8377796036
SVN,Slovenia,2017,,81.0292682926829,100.0,19.7,78.8854263554775,2.5,23303.077705959
SVN,Slovenia,2018,,81.3780487804878,100.0,20.6,79.7499765956562,2.4,25888.0481065655
SVN,Slovenia,2019,,81.5292682926829,100.0,20.9,83.1083578026717,2.4,25814.1687167572
SVN,Slovenia,2020,,80.5317073170732,100.0,22.7,86.60130109,2.4,25392.0651093612
SVN,Slovenia,2021,,80.6756097560976,100.0,23.4,89.00399524,2.3,29192.8401933019
SVN,Slovenia,2022,,81.2829268292683,100.0,,88.91248552,2.3,28360.3041467268
SVN,Slovenia,2023,,81.9292682926829,100.0,,90.37794678,2.3,32660.4753581346
SWE,Sweden,2005,,80.5463414634146,100.0,39.3,84.83,3.6,43378.4077394363
SWE,Sweden,2006,,80.7487804878049,100.0,40.1,87.76,3.5,46531.3762240485
SWE,Sweden,2007,,80.9,100.0,41.8,82.01,3.3,53568.3057787832
SWE,Sweden,2008,,81.1,100.0,43.2,90.0,3.2,55817.1759726485
SWE,Sweden,2009,,81.3512195121951,100.0,45.7,91.0,3.1,46707.6425044751
SWE,Sweden,2010,,81.4512195121951,100.0,44.7,90.0,3.1,52542.5759090299
SWE,Sweden,2011,,81.8024390243903,100.0,45.4,92.7699860554046,3.0,60379.4814599322
SWE,Sweden,2012,,81.7048780487805,100.0,48.3,93.1799880065108,3.0,57749.5615420853
SWE,Sweden,2013,,81.9560975609756,100.0,47.3,94.7836,2.9,60843.9888799369
SWE,Sweden,2014,,82.2536585365854,100.0,48.6,92.5236065037579,2.9,59583.4584491714
SWE,Sweden,2015,,82.2048780487805,100.0,51.9,90.6101966398616,2.9,51188.1652120493
SWE,Sweden,2016,,82.3073170731707,100.0,50.9,89.6509476102355,2.8,51703.5088332851
SWE,Sweden,2017,,82.409756097561,100.0,51.8,93.0062669652127,2.8,53210.2233318965
SWE,Sweden,2018,,82.5585365853659,100.0,51.6,89.2469631588137,2.7,54018.4554391861
SWE,Sweden,2019,,83.109756097561,100.0,52.9,94.4934434072202,2.6,51648.9892820514
SWE,Sweden,2020,,82.3560975609756,100.0,57.8,94.53943122,2.6,52568.5726980146
SWE,Sweden,2021,,83.0560975609756,100.0,57.9,94.6703163,2.5,60647.5416365347
SWE,Sweden,2022,,83.0585365853659,100.0,,95.00970335,2.5,54836.8907235124
SWE,Sweden,2023,,83.309756097561,100.0,,95.70327461,2.4,54950.2834725622
SWZ,Eswatini,2005,,43.958,34.2,67.0,3.697000027,117.0,2871.06877437449
SWZ,Eswatini,2006,,44.563,35.2,66.8,3.69653878906882,106.4,2964.95865200682
SWZ,Eswatini,2007,,45.16,39.8,66.9,4.1,100.3,3109.11097608864
SWZ,Eswatini,2008,,45.853,42.6,67.8,6.85,97.9,2946.8606613746
SWZ,Eswatini,2009,,46.913,38.6,66.7,8.94,92.4,3189.79679956637
SWZ,Eswatini,2010,,48.331,45.6,68.5,11.04,82.1,3922.74039390733
SWZ,Eswatini,2011,,49.057,51.2,69.3,18.13,67.6,4225.06049411911
SWZ,Eswatini,2012,,50.714,54.3,68.8,20.78179932,62.7,4224.54789174487
SWZ,Eswatini,2013,,52.11,57.5,66.1,24.70000076,59.7,3949.94310039907
SWZ,Eswatini,2014,,53.491,65.0,68.3,25.0,60.0,3771.07228381938
SWZ,Eswatini,2015,,54.941,64.1,68.8,25.64299965,57.5,3419.82276559528
SWZ,Eswatini,2016,,56.228,63.4,64.3,28.56999969,54.4,3238.17611961364
SWZ,Eswatini,2017,,57.574,73.5,65.3,35.33160019,53.6,3853.09956569679
SWZ,Eswatini,2018,,58.707,74.0,65.7,39.38100052,50.4,3972.65450620357
SWZ,Eswatini,2019,,59.85,77.0,64.4,43.93389893,51.5,3913.14577547336
SWZ,Eswatini,2020,,59.862,80.0,63.7,49.01300049,50.5,3466.56936278145
SWZ,Eswatini,2021,,58.228,82.9,65.4,53.99530029,47.9,3984.00229174306
SWZ,Eswatini,2022,90.75,63.028,82.3,64.7,57.34370041,47.3,3894.1620089869
SWZ,Eswatini,2023,,64.123,86.4,,61.33330154,46.2,3755.52111232464
SXM,Sint Maarten (Dutch part),2005,,74.681,99.7,,,,
SXM,Sint Maarten (Dutch part),2006,,74.779,99.7,,,,
SXM,Sint Maarten (Dutch part),2007,,74.812,99.7,,,,
SXM,Sint Maarten (Dutch part),2008,,74.852,99.7,,,,
SXM,Sint Maarten (Dutch part),2009,,74.796,99.7,,,,25528.412619483
SXM,Sint Maarten (Dutch part),2010,,74.821,100.0,,,,26403.8143692163
SXM,Sint Maarten (Dutch part),2011,,74.868,100.0,,,,27317.5178881974
SXM,Sint Maarten (Dutch part),2012,,75.125,100.0,0.0,,,28149.0997855041
SXM,Sint Maarten (Dutch part),2013,,75.391,100.0,0.0,,,28529.7324687053
SXM,Sint Maarten (Dutch part),2014,,75.735,100.0,0.0,,,37134.912423099
SXM,Sint Maarten (Dutch part),2015,,75.899,100.0,0.0,,,37839.6283815163
SXM,Sint Maarten (Dutch part),2016,,75.952,100.0,0.0,,,37308.6147795736
SXM,Sint Maarten (Dutch part),2017,,75.455,100.0,0.0,,,34701.3058494468
SXM,Sint Maarten (Dutch part),2018,,75.693,100.0,0.0,,,31708.3110124742
SXM,Sint Maarten (Dutch part),2019,,75.68,100.0,0.0,,,34861.469528968
SXM,Sint Maarten (Dutch part),2020,,75.002,100.0,0.0,,,30150.8998380477
SXM,Sint Maarten (Dutch part),2021,,74.505,100.0,0.0,,,32548.4366854902
SXM,Sint Maarten (Dutch part),2022,,76.18,100.0,0.0,,,37793.1283815826
SXM,Sint Maarten (Dutch part),2023,,76.371,100.0,,,,39451.822911732
SYC,Seychelles,2005,,72.1317073170732,95.5,0.9,25.4132681462836,13.8,11802.1118276833
SYC,Seychelles,2006,,72.2170731707317,99.0,0.9,34.95197117065,13.8,12782.9938926475
SYC,Seychelles,2007,,73.1439024390244,96.1,1.0,38.38,13.9,12669.3026687222
SYC,Seychelles,2008,,73.1634146341463,96.5,0.9,40.44,13.9,11265.4376270005
SYC,Seychelles,2009,,73.0829268292683,96.8,0.8,,14.0,9747.09180546291
SYC,Seychelles,2010,93.9499969482422,73.1975609756098,97.0,0.7,41.0,14.1,10934.79494629
SYC,Seychelles,2011,,72.7243902439024,98.1,0.8,43.16400146,14.2,12110.0937461973
SYC,Seychelles,2012,,74.2756097560976,98.3,0.8,47.07600021,14.3,12337.1554669388
SYC,Seychelles,2013,,73.119512195122,98.0,1.5,50.40000153,14.4,14821.2921476077
SYC,Seychelles,2014,,73.2292682926829,100.0,1.4,51.25469971,14.5,15188.1902175113
SYC,Seychelles,2015,,74.2951219512195,100.0,1.4,54.25960159,14.6,15333.1051727105
SYC,Seychelles,2016,,74.309756097561,100.0,1.2,56.51470184,14.7,16566.9946042294
SYC,Seychelles,2017,,74.3,100.0,1.2,62.55310059,14.7,17480.3651911372
SYC,Seychelles,2018,,72.8414634146341,100.0,1.2,69.23660278,14.8,18440.2340460932
SYC,Seychelles,2019,,74.0463414634146,100.0,1.2,76.63420105,14.8,19141.5118743615
SYC,Seychelles,2020,,77.2365853658537,100.0,1.3,79.25170135,14.8,14041.4754074575
SYC,Seychelles,2021,,73.3975609756097,100.0,1.7,81.99530029,14.7,14982.9111487767
SYC,Seychelles,2022,,74.509756097561,100.0,1.9,84.83380127,14.5,16682.6990711785
SYC,Seychelles,2023,,75.419512195122,100.0,,86.001297,14.3,18130.5297135548
SYR,Syrian Arab Republic,2005,,72.797,92.0,2.1,5.648099899,19.8,1533.90017615946
SYR,Syrian Arab Republic,2006,,73.04,99.5,1.8,7.832600117,19.4,1718.78469956591
SYR,Syrian Arab Republic,2007,,73.256,91.5,1.5,11.5,19.1,1937.61199094087
SYR,Syrian Arab Republic,2008,,73.368,91.3,1.2,14.0,18.9,2429.1247629459
SYR,Syrian Arab Republic,2009,,73.496,91.1,0.9,17.3,18.8,2462.20127278738
SYR,Syrian Arab Republic,2010,,73.542,92.7,1.4,20.7,18.8,2730.61487784917
SYR,Syrian Arab Republic,2011,,72.259,91.5,1.6,22.5,21.6,2952.14372909443
SYR,Syrian Arab Republic,2012,,66.206,90.7,2.0,24.30010033,34.2,1897.66115018696
SYR,Syrian Arab Republic,2013,,65.146,90.4,3.1,26.20000076,36.9,985.892669221634
SYR,Syrian Arab Republic,2014,,65.492,90.2,2.7,28.09000015,35.5,1060.59105887433
SYR,Syrian Arab Republic,2015,,63.265,90.0,0.6,29.97979927,37.1,847.731545352582
SYR,Syrian Arab Republic,2016,,65.19,89.8,1.3,31.8696003,32.2,656.349017520952
SYR,Syrian Arab Republic,2017,,65.651,89.6,1.1,32.70000076,32.9,851.501972646386
SYR,Syrian Arab Republic,2018,,67.371,86.0,0.9,33.77000046,32.5,1098.06667935023
SYR,Syrian Arab Republic,2019,,70.97,89.2,1.0,,24.6,1109.53933821464
SYR,Syrian Arab Republic,2020,,71.944,89.0,1.1,,21.9,593.911771822527
SYR,Syrian Arab Republic,2021,94.4199981689453,72.418,88.8,1.1,,20.5,688.566109726934
SYR,Syrian Arab Republic,2022,,72.79,89.0,,,20.7,1056.78264718197
SYR,Syrian Arab Republic,2023,,72.12,88.4,,,20.1,
TCA,Turks and Caicos Islands,2005,,75.954,96.0,0.4,,8.9,24122.3028180757
TCA,Turks and Caicos Islands,2006,,76.197,96.2,0.3,,8.5,28734.2873064523
TCA,Turks and Caicos Islands,2007,,76.427,96.6,0.3,,8.1,29443.8523030072
TCA,Turks and Caicos Islands,2008,,76.084,96.9,0.3,,7.8,31453.8228752689
TCA,Turks and Caicos Islands,2009,,76.672,100.0,0.3,,7.5,24596.8938015951
TCA,Turks and Caicos Islands,2010,,76.784,100.0,0.3,,7.3,23093.8498268267
TCA,Turks and Caicos Islands,2011,,76.87,100.0,0.4,,7.0,27327.4006354146
TCA,Turks and Caicos Islands,2012,,76.969,93.1,0.4,,6.8,25923.6156503875
TCA,Turks and Caicos Islands,2013,,77.1,100.0,0.4,,6.6,25653.819867471
TCA,Turks and Caicos Islands,2014,,77.212,100.0,0.4,,6.4,27292.5820256776
TCA,Turks and Caicos Islands,2015,,77.321,100.0,0.4,,6.2,29457.0140691162
TCA,Turks and Caicos Islands,2016,,77.437,100.0,0.4,,6.0,31373.5612684327
TCA,Turks and Caicos Islands,2017,,77.505,100.0,0.3,,5.8,30014.2309523213
TCA,Turks and Caicos Islands,2018,,77.596,100.0,0.4,,5.6,31625.616593277
TCA,Turks and Caicos Islands,2019,,77.691,100.0,0.5,,5.5,31780.5217068989
TCA,Turks and Caicos Islands,2020,,77.499,99.4,0.5,,5.3,20690.9160546118
TCA,Turks and Caicos Islands,2021,,77.234,100.0,0.8,,5.1,27329.2885087196
TCA,Turks and Caicos Islands,2022,,77.918,99.9,0.8,,5.0,31280.5418020808
TCA,Turks and Caicos Islands,2023,,78.008,100.0,,,4.8,35470.2151608295
TCD,Chad,2005,,48.86,4.8,83.8,0.399257700084004,165.4,838.092107712557
TCD,Chad,2006,,48.747,5.1,83.7,0.581045764229641,161.8,906.897260572747
TCD,Chad,2007,,49.21,5.5,82.4,0.847224520710968,158.1,980.483531485103
TCD,Chad,2008,,49.503,5.9,79.8,1.19,154.3,1166.36883453841
TCD,Chad,2009,,49.828,6.3,79.4,1.5,150.5,1035.63719694254
TCD,Chad,2010,,50.107,6.4,79.2,1.700000048,146.7,1141.80069268412
TCD,Chad,2011,,50.426,9.0,80.7,1.899999976,142.9,1308.1421872538
TCD,Chad,2012,,50.765,7.8,76.1,2.099999905,139.3,1354.34344701937
TCD,Chad,2013,,51.051,8.1,72.6,2.5,135.8,1304.88742971475
TCD,Chad,2014,,51.141,8.4,72.5,2.900000095,132.3,1278.78981422494
TCD,Chad,2015,,51.32,7.7,72.7,3.5,128.7,993.990730610869
TCD,Chad,2016,22.3099994659424,51.603,9.2,72.7,5.800000191,125.0,861.831767630746
TCD,Chad,2017,,51.875,10.9,72.8,6.351900101,121.4,854.46120040098
TCD,Chad,2018,,52.447,10.1,73.1,6.956299782,117.6,948.656629871231
TCD,Chad,2019,30.6299991607666,52.993,8.4,72.8,7.618199825,114.0,893.336441643325
TCD,Chad,2020,,53.082,10.9,71.9,8.343099594,110.6,866.947814890409
TCD,Chad,2021,,53.136,11.3,69.9,9.653699875,107.3,946.358500208374
TCD,Chad,2022,,54.528,11.7,70.0,11.17029953,103.9,966.036468278568
TCD,Chad,2023,,55.069,12.0,,12.03590012,100.6,949.991054236266
TEA,East Asia & Pacific (IDA & IBRD countries),2005,92.120002746582,72.440234089532,92.8453973742828,20.8868291125453,8.4,30.254824557307,1673.18872013796
TEA,East Asia & Pacific (IDA & IBRD countries),2006,92.4800033569336,72.698344733116,94.0415260035912,19.9088668343395,10.3,28.3702187955748,1999.8599576078
TEA,East Asia & Pacific (IDA & IBRD countries),2007,93.6999969482422,73.0450331089394,94.0514635510722,18.5148999605136,14.5,26.6902316996262,2510.42063084895
TEA,East Asia & Pacific (IDA & IBRD countries),2008,94.0100021362305,72.9707321912267,94.6719920462074,17.8640720779668,19.5,26.1511049620741,3154.16917322889
TEA,East Asia & Pacific (IDA & IBRD countries),2009,94.2900009155273,73.5161019563418,95.3078523738531,17.0208227881363,24.0,23.658345642277,3398.52810801107
TEA,East Asia & Pacific (IDA & IBRD countries),2010,94.3399963378906,73.8065980873171,95.898601883303,15.7610889736946,29.3,22.3711112891205,4104.80139766727
TEA,East Asia & Pacific (IDA & IBRD countries),2011,94.5699996948242,74.0266932049917,96.4018892391827,14.7046669134649,32.7,21.3043803830477,4970.50414407986
TEA,East Asia & Pacific (IDA & IBRD countries),2012,94.7900009155273,74.2971126258118,96.5865908716016,14.7099408406947,36.1,19.913184008335,5497.15541159145
TEA,East Asia & Pacific (IDA & IBRD countries),2013,94.870002746582,74.5190033698096,96.8583126264425,14.5828878425143,38.7,19.0818008875774,6020.77821511419
TEA,East Asia & Pacific (IDA & IBRD countries),2014,95.2799987792969,74.7479822020749,97.0127423122849,14.8262934267536,41.1,18.0215972955504,6446.18938511466
TEA,East Asia & Pacific (IDA & IBRD countries),2015,95.4899978637695,74.9777768374826,97.3350470103173,14.5102816361425,44.1,17.441339920976,6664.53447337008
TEA,East Asia & Pacific (IDA & IBRD countries),2016,95.6900024414062,75.1832269955477,97.4026392373466,14.9020380294471,50.2,16.4248379117084,6758.79473763568
TEA,East Asia & Pacific (IDA & IBRD countries),2017,95.879997253418,75.2671640185859,98.1121893727336,15.1902273112057,54.6,15.6073305916676,7323.57112357326
TEA,East Asia & Pacific (IDA & IBRD countries),2018,95.9000015258789,75.6101241544348,98.051229750632,15.2801719188239,59.8,15.5008395354015,8136.42934013947
TEA,East Asia & Pacific (IDA & IBRD countries),2019,96.0500030517578,75.8042877234534,98.2517291129462,15.7206717226655,64.3,14.9817931210967,8379.42503514668
TEA,East Asia & Pacific (IDA & IBRD countries),2020,96.2699966430664,75.7338497054699,98.1521712499121,16.2041019103429,72.7,15.1483633261233,8485.28948088661
TEA,East Asia & Pacific (IDA & IBRD countries),2021,96.4100036621094,75.3009806060199,98.5259377999818,,78.3,14.9730901463221,10086.4082581275
TEA,East Asia & Pacific (IDA & IBRD countries),2022,96.5500030517578,75.9610347461336,98.5710601814202,,82.3,14.7957069398733,10220.556668162
TEA,East Asia & Pacific (IDA & IBRD countries),2023,96.6800003051758,75.9085643603807,98.7474424069608,,85.0,14.4130483778755,10240.3474676862
TEC,Europe & Central Asia (IDA & IBRD countries),2005,97.620002746582,69.1399718973032,98.5682871495581,5.99664955248276,14.6,23.7961221368325,4660.83802232756
TEC,Europe & Central Asia (IDA & IBRD countries),2006,97.5699996948242,69.6987479861711,98.6087161248617,5.81734150154749,17.7,22.2317109209457,5633.02971807333
TEC,Europe & Central Asia (IDA & IBRD countries),2007,97.6500015258789,70.1803431982885,98.7246906181739,5.75867132998041,23.0,20.705915778817,7247.0818892658
TEC,Europe & Central Asia (IDA & IBRD countries),2008,97.75,70.5451641405676,98.8132200078566,5.64264695953204,28.2,19.2850177301123,8951.35076734201
TEC,Europe & Central Asia (IDA & IBRD countries),2009,98.1999969482422,71.0832338433596,98.9275231925627,6.30497199994692,34.7,18.0517614978236,7074.11060707405
TEC,Europe & Central Asia (IDA & IBRD countries),2010,98.4800033569336,71.4358973425353,99.3287049619028,6.4529448184641,40.0,17.0847676839038,8293.77511577841
TEC,Europe & Central Asia (IDA & IBRD countries),2011,98.6999969482422,71.9266644042886,99.3269244879236,6.04948456107391,45.4,16.2944506822689,10044.9046719064
TEC,Europe & Central Asia (IDA & IBRD countries),2012,98.8399963378906,72.3336150257883,99.6546769524838,6.28402287149414,50.7,15.4101584121496,10435.8086234655
TEC,Europe & Central Asia (IDA & IBRD countries),2013,98.879997253418,72.7942035795041,99.6978833009023,6.84165697411543,53.5,14.7303815259107,10986.3954318467
TEC,Europe & Central Asia (IDA & IBRD countries),2014,98.9199981689453,73.0389491798356,99.7515903233231,6.52584380803076,57.7,14.0220051709822,10330.3982164695
TEC,Europe & Central Asia (IDA & IBRD countries),2015,98.9700012207031,73.3408132950813,98.3318925466179,6.91555148923036,59.4,13.343577725526,8034.6842596255
TEC,Europe & Central Asia (IDA & IBRD countries),2016,99.0299987792969,73.6902109808947,99.6574040765117,7.04015093233689,63.3,12.6684363631334,7679.02768410566
TEC,Europe & Central Asia (IDA & IBRD countries),2017,99.0899963378906,74.1318681774556,99.9282316965341,6.75633843243037,67.0,12.2525480085223,8571.09823045668
TEC,Europe & Central Asia (IDA & IBRD countries),2018,99.1999969482422,74.2976622013592,99.941528994937,7.25779989922942,71.8,11.9395431519003,8885.56352555245
TEC,Europe & Central Asia (IDA & IBRD countries),2019,99.2699966430664,74.590946255432,99.9069194604741,7.59012527634488,75.2,11.7213148178318,9040.92665915657
TEC,Europe & Central Asia (IDA & IBRD countries),2020,99.2900009155273,73.1492512511888,99.9520668153849,8.02684416318492,78.6,11.4402376555719,8455.78453528889
TEC,Europe & Central Asia (IDA & IBRD countries),2021,99.3099975585938,72.1506406826172,99.9763873001269,,82.6,11.2390654205607,9992.00521619821
TEC,Europe & Central Asia (IDA & IBRD countries),2022,99.3300018310547,74.1883654842503,99.9954427619778,,85.2,11.1412663683546,11422.1622613514
TEC,Europe & Central Asia (IDA & IBRD countries),2023,99.3600006103516,74.6977324805541,100.0,,87.3,11.6608918220628,12070.5942969794
TGO,Togo,2005,,55.931,26.5,77.2,1.799999952,102.4,595.200212014134
TGO,Togo,2006,56.8899993896484,56.154,27.9,79.7,2.0,99.3,596.249203137762
TGO,Togo,2007,,56.395,30.0,79.9,2.200000048,96.5,654.083697666439
TGO,Togo,2008,,56.663,31.8,76.5,2.400000095,93.7,771.351190404751
TGO,Togo,2009,57.0900001525879,56.94,33.7,63.4,2.599999905,90.9,770.172869777254
TGO,Togo,2010,57.2000007629395,57.24,30.8,65.8,3.0,88.3,750.323421086121
TGO,Togo,2011,60.4099998474121,57.624,39.7,69.1,3.5,85.6,834.14671980279
TGO,Togo,2012,,57.953,39.1,72.7,4.0,82.9,813.611525037432
TGO,Togo,2013,,58.356,41.0,76.2,4.5,80.2,885.698522723929
TGO,Togo,2014,,58.776,45.7,81.4,5.699999809,77.7,921.539748631461
TGO,Togo,2015,63.75,59.23,44.7,81.0,7.119999886,75.2,813.894676975085
TGO,Togo,2016,,59.677,46.8,80.7,11.31000042,72.8,843.114204338675
TGO,Togo,2017,60.9537021917226,60.145,48.0,78.4,12.3602249692905,70.4,872.076408845752
TGO,Togo,2018,,60.608,50.0,76.7,15.5,68.1,942.480774393154
TGO,Togo,2019,66.5400009155273,61.061,52.5,78.6,20.72730064,66.0,917.718016777619
TGO,Togo,2020,,61.14,54.1,76.2,29.02370071,63.9,961.219781201934
TGO,Togo,2021,,61.337,55.7,75.1,30.33839989,62.0,1076.29520076949
TGO,Togo,2022,72.5999984741211,62.292,57.2,,35.60749817,60.0,1071.61539220759
TGO,Togo,2023,,62.74,59.2,,37.57020187,58.1,1182.32951436696
THA,Thailand,2005,93.5100021362305,72.894,92.8,20.1,15.0260043588909,17.2,2867.70383436062
THA,Thailand,2006,,73.341,99.1,20.5,17.1607147169285,16.5,3331.32043511773
THA,Thailand,2007,,73.779,94.1,21.6,20.03,15.9,3918.52817434581
THA,Thailand,2008,,74.221,94.8,22.6,18.2,15.2,4309.13509292986
THA,Thailand,2009,,74.669,99.0,22.8,20.1,14.7,4135.43986952819
THA,Thailand,2010,96.4300003051758,75.012,99.7,22.8,22.4,14.1,4973.86288823778
THA,Thailand,2011,,75.302,99.3,23.0,23.669925618731,13.6,5373.6232832898
THA,Thailand,2012,,75.59,99.1,23.6,26.46,13.1,5725.52802835463
THA,Thailand,2013,93.6999969482422,75.96,99.4,23.2,28.94,12.7,6018.08244729255
THA,Thailand,2014,,76.279,99.5,24.4,34.8860535783465,12.3,5801.1978916205
THA,Thailand,2015,92.870002746582,76.563,99.6,22.6,39.3161267365004,11.9,5688.85335397884
THA,Thailand,2016,91.9800033569336,76.769,99.9,22.4,47.5049656215909,11.5,5833.57715617098
THA,Thailand,2017,,76.989,99.9,22.2,52.8919293439676,11.1,6413.09182530343
THA,Thailand,2018,93.7699966430664,77.19,99.8,23.7,56.8174809301456,10.8,7099.77650081458
THA,Thailand,2019,91.2699966430664,77.197,99.9,23.9,66.6524194587528,10.4,7605.69657797759
THA,Thailand,2020,,77.331,100.0,20.9,77.84374066,10.1,6983.03412836245
THA,Thailand,2021,,77.606,100.0,19.0,85.26956666,9.8,7055.18760721422
THA,Thailand,2022,91.0999984741211,75.291,99.9,,87.97724503,9.5,6910.00995211206
THA,Thailand,2023,,76.412,100.0,,89.53525238,9.2,7210.54130832685
TJK,Tajikistan,2005,,66.531,99.3,63.7,0.298690023682825,50.3,333.927150941684
TJK,Tajikistan,2006,,66.997,98.6,61.6,3.77240620666448,46.6,401.018403316427
TJK,Tajikistan,2007,98.0293057466938,67.405,98.6,53.8,7.19761951797855,43.6,516.997210618914
TJK,Tajikistan,2008,,67.924,98.6,54.6,8.78,41.2,703.327375898643
TJK,Tajikistan,2009,99.7298704511844,68.248,99.0,60.6,10.07,39.3,664.795655734657
TJK,Tajikistan,2010,,68.37,98.8,61.8,11.55000019,37.6,737.338883219356
TJK,Tajikistan,2011,,68.698,98.9,60.0,13.02999973,36.2,833.601978202852
TJK,Tajikistan,2012,,69.13,99.1,55.8,14.51000023,35.0,952.452819695469
TJK,Tajikistan,2013,,69.579,99.0,55.1,16.0,34.0,1028.19704279396
TJK,Tajikistan,2014,,69.697,99.1,45.9,17.48999977,33.0,1081.54402932039
TJK,Tajikistan,2015,,69.665,98.0,48.1,18.97999954,32.2,956.916310930656
TJK,Tajikistan,2016,,69.982,99.3,43.7,20.46999931,31.5,788.710481734485
TJK,Tajikistan,2017,,70.524,99.3,44.2,21.95999908,31.0,829.45714764957
TJK,Tajikistan,2018,,70.737,99.3,41.6,32.59999847,30.7,834.288404578801
TJK,Tajikistan,2019,,70.962,99.4,40.1,22.68630028,30.4,871.022372934846
TJK,Tajikistan,2020,,68.605,99.5,38.8,27.54409981,30.1,834.311715460625
TJK,Tajikistan,2021,,69.594,99.6,34.9,36.70560074,29.8,896.748053372182
TJK,Tajikistan,2022,,71.562,100.0,,48.91429901,29.4,1052.17949484894
TJK,Tajikistan,2023,,71.79,100.0,,54.41550064,28.8,1178.47990060249
TKM,Turkmenistan,2005,,66.275,99.5,0.1,0.997300029,52.6,1604.01618452312
TKM,Turkmenistan,2006,,66.574,99.8,0.1,1.3195731180963,50.1,1996.59310717308
TKM,Turkmenistan,2007,,67.02,99.6,0.1,1.40636068812023,48.1,2414.96071986964
TKM,Turkmenistan,2008,,67.584,99.6,0.1,1.75,46.4,3605.50395120549
TKM,Turkmenistan,2009,,68.155,99.7,0.1,1.950000048,45.0,3707.97850699617
TKM,Turkmenistan,2010,,68.608,100.0,0.1,3.0,44.0,4058.53937000739
TKM,Turkmenistan,2011,,68.87,99.8,0.1,5.0,43.4,5143.61929334647
TKM,Turkmenistan,2012,,68.961,99.9,0.0,7.195799828,42.9,6053.8748468749
TKM,Turkmenistan,2013,,68.968,99.9,0.1,9.600000381,42.8,6599.64529055481
TKM,Turkmenistan,2014,,69.001,100.0,0.1,12.19999981,42.9,7164.14536184006
TKM,Turkmenistan,2015,,69.061,100.0,0.1,14.99680042,43.2,5759.497903834
TKM,Turkmenistan,2016,,69.142,100.0,0.1,17.99029922,43.5,5238.00827202546
TKM,Turkmenistan,2017,,69.19,100.0,0.1,,43.8,5125.54920055808
TKM,Turkmenistan,2018,,69.272,100.0,0.1,,43.8,3911.98557297865
TKM,Turkmenistan,2019,,69.405,99.9,0.1,,43.5,4365.1152919542
TKM,Turkmenistan,2020,,68.846,100.0,0.1,,42.9,3935.37749365223
TKM,Turkmenistan,2021,,69.353,100.0,0.1,,42.1,3713.20113171765
TKM,Turkmenistan,2022,99.9000015258789,69.913,100.0,,,41.1,5198.18947409551
TKM,Turkmenistan,2023,,70.073,100.0,,,40.2,5298.46421949276
TLA,Latin America & the Caribbean (IDA & IBRD countries),2005,90.129997253418,72.4275917225936,93.3985919750135,29.1868140682957,16.7,25.8328234546759,5103.97071369353
TLA,Latin America & the Caribbean (IDA & IBRD countries),2006,90.3499984741211,72.7029489273067,94.1560638664242,29.2883960377476,20.9,24.7433305825058,5926.88235769307
TLA,Latin America & the Caribbean (IDA & IBRD countries),2007,91.2099990844727,72.9337716205704,94.3767313243229,29.4162906928946,23.9,23.757604702919,6927.88293213364
TLA,Latin America & the Caribbean (IDA & IBRD countries),2008,91.5299987792969,73.133810817189,95.1417588634308,29.5066403419618,26.7,22.8256789691668,7989.38012096582
TLA,Latin America & the Caribbean (IDA & IBRD countries),2009,91.7200012207031,73.3248238756312,95.3459322821858,30.3669946466489,31.3,22.0443480318613,7386.60044484214
TLA,Latin America & the Caribbean (IDA & IBRD countries),2010,91.6399993896484,73.2840381673624,95.8082861861517,29.4185691870613,35.0,22.7976936225879,9115.37372505227
TLA,Latin America & the Caribbean (IDA & IBRD countries),2011,92.370002746582,73.8112572375492,96.1182240318495,28.7713961731801,39.7,20.6057385360394,10277.434412177
TLA,Latin America & the Caribbean (IDA & IBRD countries),2012,92.6900024414062,74.0531427389642,96.5092457202988,28.2092931078232,43.4,19.9629412397373,10261.7354879621
TLA,Latin America & the Caribbean (IDA & IBRD countries),2013,92.6699981689453,74.2726524054357,96.8091782999087,28.0091335892334,46.4,19.3845279132999,10230.3626492605
TLA,Latin America & the Caribbean (IDA & IBRD countries),2014,93.1800003051758,74.4642031483392,97.0005516962811,27.9234565266568,49.0,18.8600456464094,10059.0239257076
TLA,Latin America & the Caribbean (IDA & IBRD countries),2015,93.3300018310547,74.6505904118153,97.2323920529293,28.4881357094781,54.7,18.4493213611046,8404.04978849744
TLA,Latin America & the Caribbean (IDA & IBRD countries),2016,93.7799987792969,74.5894794269073,97.4280893456675,29.1484835734771,57.7,18.6490115909887,8082.0851229591
TLA,Latin America & the Caribbean (IDA & IBRD countries),2017,93.8099975585938,74.7614101353626,97.6633402843346,29.6408830785882,60.2,17.9065504935804,8918.58515585187
TLA,Latin America & the Caribbean (IDA & IBRD countries),2018,94.0,74.9760978010797,97.7078847938323,30.4953793252595,63.5,17.4813311235823,8620.65095771156
TLA,Latin America & the Caribbean (IDA & IBRD countries),2019,94.1699981689453,75.1319711493442,97.9522021469941,30.8730849505438,67.7,17.1079513892396,8363.2081656376
TLA,Latin America & the Caribbean (IDA & IBRD countries),2020,94.2300033569336,73.0747493617473,98.1036683889447,34.4989632470857,73.8,16.821924099218,6965.15053129735
TLA,Latin America & the Caribbean (IDA & IBRD countries),2021,94.4100036621094,71.7449274626405,98.2338083621938,,75.9,16.4595146278329,8076.87634033776
TLA,Latin America & the Caribbean (IDA & IBRD countries),2022,94.5999984741211,74.5684293540859,98.5448799242171,,77.3,16.1341844487967,9177.79711881332
TLA,Latin America & the Caribbean (IDA & IBRD countries),2023,94.75,75.5699258379688,98.3852491204833,,80.2,15.7828276819354,10259.5487208892
TLS,Timor-Leste,2005,,61.272,33.5,43.6,0.0990317678179026,88.0,487.464555404292
TLS,Timor-Leste,2006,,61.881,36.7,41.9,0.5,84.0,464.667001844159
TLS,Timor-Leste,2007,50.5999984741211,62.396,36.6,41.9,1.0,80.4,540.154584237662
TLS,Timor-Leste,2008,,62.858,43.1,39.7,1.5,76.9,628.153219252849
TLS,Timor-Leste,2009,,63.265,46.3,36.9,2.0,73.9,686.579295832381
TLS,Timor-Leste,2010,58.310001373291,63.66,38.0,34.8,3.0,71.0,813.060177250597
TLS,Timor-Leste,2011,,64.022,52.7,32.8,4.0,68.4,939.045241112693
TLS,Timor-Leste,2012,,64.384,56.0,25.6,7.0,65.9,1022.61903188429
TLS,Timor-Leste,2013,,64.719,59.2,22.6,11.0,63.9,1204.56841532931
TLS,Timor-Leste,2014,,65.027,62.4,18.1,17.5,61.9,1224.74957758801
TLS,Timor-Leste,2015,64.4499969482422,65.326,67.3,18.0,18.60000038,60.2,1319.59297370991
TLS,Timor-Leste,2016,65.7799987792969,65.61,76.5,12.7,21.20000076,58.7,1335.54390089814
TLS,Timor-Leste,2017,,65.898,79.5,13.2,24.20000076,57.3,1266.17767952941
TLS,Timor-Leste,2018,,66.204,85.2,12.7,27.60000038,56.0,1219.46598597604
TLS,Timor-Leste,2019,,66.496,90.6,11.7,28.00460052,54.8,1562.36458881813
TLS,Timor-Leste,2020,,66.919,96.0,11.4,32.01269913,53.4,1630.86935439232
TLS,Timor-Leste,2021,,66.199,100.0,12.1,35.04199982,52.0,2684.92673717299
TLS,Timor-Leste,2022,69.4000015258789,67.368,99.7,11.4,,50.7,2343.24955542816
TLS,Timor-Leste,2023,,67.689,100.0,,,49.2,1502.4114958903
TMN,"Middle East, North Africa, Afghanistan & Pakistan (IDA & IBRD)",2005,,66.8201250398649,84.8054610893122,12.4448450201836,7.4,66.1292380683344,1657.84291463325
TMN,"Middle East, North Africa, Afghanistan & Pakistan (IDA & IBRD)",2006,,67.3526959987589,86.6225518861902,12.0125380030703,8.3,64.2122839401497,1885.14874832022
TMN,"Middle East, North Africa, Afghanistan & Pakistan (IDA & IBRD)",2007,,67.6216572647968,86.0502685841007,11.414820556546,9.6,62.1665400488655,2240.98839135161
TMN,"Middle East, North Africa, Afghanistan & Pakistan (IDA & IBRD)",2008,,67.9635063066435,87.0398617493712,11.1606287551238,11.6,60.3605083500064,2662.28112447526
TMN,"Middle East, North Africa, Afghanistan & Pakistan (IDA & IBRD)",2009,,68.2479599816693,87.72245737765,11.0799158086585,13.4,58.6599411220299,2518.05377845565
TMN,"Middle East, North Africa, Afghanistan & Pakistan (IDA & IBRD)",2010,,68.4594967501144,89.718636418982,11.1975121431898,15.3,56.8962811424056,2823.25407911922
TMN,"Middle East, North Africa, Afghanistan & Pakistan (IDA & IBRD)",2011,,68.6299635824863,89.9389892888994,11.0593308918401,16.7,55.1226592914287,3240.2024082126
TMN,"Middle East, North Africa, Afghanistan & Pakistan (IDA & IBRD)",2012,,68.6578262057094,91.0963754860192,11.0384456368474,18.6,53.6353878519067,3420.25908562298
TMN,"Middle East, North Africa, Afghanistan & Pakistan (IDA & IBRD)",2013,,68.8786484698568,92.4917628816356,11.1424728929043,21.1,51.8315892558468,3152.86009912184
TMN,"Middle East, North Africa, Afghanistan & Pakistan (IDA & IBRD)",2014,,69.147274936726,93.4524577644192,11.0410170572294,24.5,50.0469399717172,3077.87148288398
TMN,"Middle East, North Africa, Afghanistan & Pakistan (IDA & IBRD)",2015,,69.2515348606398,92.7799106414588,11.2881808687104,27.4,48.6252139870489,2805.48695611112
TMN,"Middle East, North Africa, Afghanistan & Pakistan (IDA & IBRD)",2016,,69.4961826399098,94.6688585064836,11.1456851493979,30.6,47.1020419286366,2864.53445831005
TMN,"Middle East, North Africa, Afghanistan & Pakistan (IDA & IBRD)",2017,,69.7772409464567,95.593813647771,10.943060961286,34.6,46.0187377454325,2860.68231685818
TMN,"Middle East, North Africa, Afghanistan & Pakistan (IDA & IBRD)",2018,,70.0368444388331,94.4715748209862,10.9557039236004,37.4,45.2801998035535,2810.24942028442
TMN,"Middle East, North Africa, Afghanistan & Pakistan (IDA & IBRD)",2019,,70.3800917806817,95.6135456463624,11.4771071770715,41.3,44.2347877125154,2695.09130976796
TMN,"Middle East, North Africa, Afghanistan & Pakistan (IDA & IBRD)",2020,,69.0090964026373,95.8888561743117,11.2025085485546,46.2,42.9669015197404,2409.54729126605
TMN,"Middle East, North Africa, Afghanistan & Pakistan (IDA & IBRD)",2021,,68.8931032282321,96.0681260042218,,50.0,41.9458905749115,2754.03924421055
TMN,"Middle East, North Africa, Afghanistan & Pakistan (IDA & IBRD)",2022,,70.965432550888,95.4516981935493,,53.8,40.7524339713697,3017.03706401547
TMN,"Middle East, North Africa, Afghanistan & Pakistan (IDA & IBRD)",2023,,71.3194560888195,96.0574946837091,,55.7,39.6318090767822,2867.14499885351
TON,Tonga,2005,,70.56,89.0,2.1,4.907800198,14.8,2477.72620144825
TON,Tonga,2006,99.0199966430664,70.71,92.3,1.9,5.853899956,14.4,2750.34778600857
TON,Tonga,2007,,70.887,90.5,2.2,7.179900169,14.0,2797.06560109144
TON,Tonga,2008,,71.041,91.2,2.0,8.11076994380395,13.7,3218.45303993196
TON,Tonga,2009,,70.949,92.0,1.8,10.0,13.4,2914.23774004564
TON,Tonga,2010,,71.319,92.8,1.0,16.0,13.1,3416.08356601207
TON,Tonga,2011,99.3899993896484,71.437,92.2,1.1,25.0,12.8,3849.99375750134
TON,Tonga,2012,,71.546,92.8,1.1,30.0,12.6,4384.17058724217
TON,Tonga,2013,,71.65,95.1,1.6,32.75400162,12.3,4219.24670113014
TON,Tonga,2014,,71.721,95.9,1.7,35.95439911,12.1,4136.59010898445
TON,Tonga,2015,,71.851,100.0,1.9,38.65129852,11.9,4123.90347238813
TON,Tonga,2016,97.1500015258789,71.951,97.0,2.0,39.95000076,11.6,3987.98618837043
TON,Tonga,2017,,72.066,98.2,2.0,46.20080185,11.4,4365.92929788648
TON,Tonga,2018,,72.169,99.0,1.8,48.80789948,11.1,4675.04776047973
TON,Tonga,2019,91.0500030517578,72.292,98.4,1.8,51.56299973,10.9,4788.83350468584
TON,Tonga,2020,,72.379,99.9,1.9,54.47370148,10.6,4792.35872413906
TON,Tonga,2021,,72.13,100.0,1.8,57.549,10.4,4922.8015864044
TON,Tonga,2022,,72.635,100.0,2.3,61.60739899,10.1,5298.01942454298
TON,Tonga,2023,99.4800033569336,72.895,100.0,,64.13140106,9.8,5651.59357939286
TSA,South Asia (IDA & IBRD),2005,62.439998626709,65.131596636791,65.8536460162923,46.222419891066,2.1,72.0002867368244,686.338193475473
TSA,South Asia (IDA & IBRD),2006,62.5299987792969,65.5691020177667,65.9235565867572,45.2453053396588,2.6,68.7185869960036,769.378704313512
TSA,South Asia (IDA & IBRD),2007,63.3800010681152,65.9890229742236,69.284881859242,43.5322600697748,3.7,65.5676010587084,967.697911561283
TSA,South Asia (IDA & IBRD),2008,64.2099990844727,66.4314116387286,71.778258866002,41.4480675621599,4.1,62.4016925335458,958.275511460297
TSA,South Asia (IDA & IBRD),2009,65.0400009155273,66.84109704634,72.9865860973521,39.4741030953443,4.9,59.4037799378435,1054.43555885745
TSA,South Asia (IDA & IBRD),2010,67.9400024414062,67.3525068406787,74.0765736340237,38.1566630116378,7.1,56.3382415270381,1294.02734415145
TSA,South Asia (IDA & IBRD),2011,68.6999969482422,67.8108394834024,77.3091651585732,36.8092713088936,9.4,53.3929226830985,1397.0068255002
TSA,South Asia (IDA & IBRD),2012,68.5299987792969,68.2629615309516,78.4195444509049,36.3851888844937,10.4,50.524216556331,1387.18205938261
TSA,South Asia (IDA & IBRD),2013,69.8399963378906,68.6853288301062,80.847453203069,36.6107558472827,11.7,47.7460345372687,1405.84072374278
TSA,South Asia (IDA & IBRD),2014,70.5599975585938,69.1208563538772,82.8480224291431,35.5096522398152,13.0,45.1433866579388,1528.4920875126
TSA,South Asia (IDA & IBRD),2015,71.9599990844727,69.5110334122263,86.5327784624672,34.8834168535168,14.7,42.5754112311521,1570.54142452744
TSA,South Asia (IDA & IBRD),2016,73.3499984741211,69.9184707063298,88.3184480403398,34.2074772429003,16.7,40.284023817824,1722.90703396273
TSA,South Asia (IDA & IBRD),2017,74.0199966430664,70.2904723380061,91.3983728307397,33.5888874710393,18.8,38.066424155829,1956.06707563972
TSA,South Asia (IDA & IBRD),2018,74.7399978637695,70.6523573971364,94.8192024055978,33.8834998158718,20.9,36.0717212654035,1988.36633317988
TSA,South Asia (IDA & IBRD),2019,74.5100021362305,70.9975623145981,95.4698953988653,34.4293579877468,29.7,34.1788860217225,2067.05975680251
TSA,South Asia (IDA & IBRD),2020,75.2399978637695,70.3622206982499,96.4013617397441,36.8864659122341,42.5,32.4133413201353,1957.20343709781
TSA,South Asia (IDA & IBRD),2021,76.0599975585938,67.8215299767513,99.3693129133951,,48.0,30.8005662263949,2273.72055805692
TSA,South Asia (IDA & IBRD),2022,76.9000015258789,72.0115731308447,99.0895114731934,,54.2,29.3184600470079,2326.72890585805
TSA,South Asia (IDA & IBRD),2023,77.5699996948242,72.3247648783903,99.4087889697405,,58.3,28.0237503925087,2449.857142451
TSS,Sub-Saharan Africa (IDA & IBRD countries),2005,58.939998626709,53.8922539208949,29.3516433048232,70.5237330831511,2.0,119.714010800218,1074.12476310665
TSS,Sub-Saharan Africa (IDA & IBRD countries),2006,58.0299987792969,54.589354695264,31.2034877715293,70.6146202545352,2.5,113.978539820994,1234.75609892113
TSS,Sub-Saharan Africa (IDA & IBRD countries),2007,57.8300018310547,55.2628174960913,32.5193334285169,70.1100750427751,3.4,109.090045419842,1391.26803582887
TSS,Sub-Saharan Africa (IDA & IBRD countries),2008,58.1699981689453,55.8870079518376,32.4036605998828,69.9762964238958,3.8,104.381473735647,1537.38333094262
TSS,Sub-Saharan Africa (IDA & IBRD countries),2009,58.6500015258789,56.367784162949,32.6259292020567,70.0369831155563,4.5,102.310889811034,1427.57787495773
TSS,Sub-Saharan Africa (IDA & IBRD countries),2010,59.3199996948242,57.107097844285,33.3364008805919,70.5522525849335,6.1,97.1644504215407,1643.30753523371
TSS,Sub-Saharan Africa (IDA & IBRD countries),2011,61.0099983215332,57.4734640185534,35.8991006065751,69.9549214765695,7.6,96.6851412592745,1796.16109829226
TSS,Sub-Saharan Africa (IDA & IBRD countries),2012,62.2400016784668,58.2283469511484,36.7751781158828,68.9684304535012,9.2,90.7284635079696,1818.06125449252
TSS,Sub-Saharan Africa (IDA & IBRD countries),2013,63.1199989318848,58.7182244214244,38.0305164719493,67.8510971013982,11.1,87.5662468113281,1880.39980462364
TSS,Sub-Saharan Africa (IDA & IBRD countries),2014,63.6699981689453,58.985759679416,38.3505383635735,67.6303707658131,13.3,86.6610642084607,1907.73210907064
TSS,Sub-Saharan Africa (IDA & IBRD countries),2015,64.2600021362305,59.3988936826923,39.1964738206413,68.0255515815612,16.1,84.7782950529979,1647.32085826836
TSS,Sub-Saharan Africa (IDA & IBRD countries),2016,64.8899993896484,59.8122443592399,43.8283095558868,67.9625238161754,18.2,83.1926115111527,1456.65211115929
TSS,Sub-Saharan Africa (IDA & IBRD countries),2017,65.25,60.1584852136877,43.7599451875648,67.8175544668556,19.9,82.2279275355716,1549.18831908585
TSS,Sub-Saharan Africa (IDA & IBRD countries),2018,67.129997253418,60.7668941967258,46.4140889472825,67.6660713231228,22.1,78.775492858211,1622.59575329634
TSS,Sub-Saharan Africa (IDA & IBRD countries),2019,67.7300033569336,61.129417043288,47.1934897675941,68.1693850218034,24.4,77.7158849260533,1797.04121765415
TSS,Sub-Saharan Africa (IDA & IBRD countries),2020,67.8899993896484,61.1676740309985,48.5408462612868,70.2701133853785,26.8,75.7375422540307,1628.43873346869
TSS,Sub-Saharan Africa (IDA & IBRD countries),2021,67.8399963378906,60.7030048050853,50.6526785971142,,28.9,77.0257501994801,1785.98118191144
TSS,Sub-Saharan Africa (IDA & IBRD countries),2022,68.1500015258789,61.8569116778883,51.5078310982515,,31.1,77.9064871983318,1864.70686111924
TSS,Sub-Saharan Africa (IDA & IBRD countries),2023,68.4400024414062,62.6027406477464,53.2507689805499,,32.1,73.1393067892689,1682.2261488119
TTO,Trinidad and Tobago,2005,,70.185,95.0,0.5,28.97669983,26.9,12346.4373094075
TTO,Trinidad and Tobago,2006,,70.437,100.0,0.6,30.00370026,26.5,14152.6607422113
TTO,Trinidad and Tobago,2007,,70.797,100.0,0.4,32.3,26.1,16606.675360681
TTO,Trinidad and Tobago,2008,,71.117,100.0,0.5,34.8,25.7,21298.9945258063
TTO,Trinidad and Tobago,2009,,71.404,99.0,0.5,44.3,25.3,14634.0565003912
TTO,Trinidad and Tobago,2010,,71.809,100.0,0.4,48.5,24.8,16815.424737361
TTO,Trinidad and Tobago,2011,,72.232,97.5,0.4,55.2,24.4,19151.0870229722
TTO,Trinidad and Tobago,2012,,72.513,100.0,0.4,57.5,23.9,20332.1389531925
TTO,Trinidad and Tobago,2013,,72.785,100.0,0.4,59.90000153,23.5,21304.9777496628
TTO,Trinidad and Tobago,2014,,72.898,100.0,0.3,62.40000153,23.1,21908.3014555644
TTO,Trinidad and Tobago,2015,,72.882,100.0,0.4,65.09999847,22.7,19887.2327716498
TTO,Trinidad and Tobago,2016,,72.935,100.0,0.4,67.80000305,22.3,17449.1538801956
TTO,Trinidad and Tobago,2017,,72.984,100.0,0.4,70.59999847,22.0,17566.0999700656
TTO,Trinidad and Tobago,2018,,72.658,100.0,0.5,72.76029968,21.6,17571.498737278
TTO,Trinidad and Tobago,2019,,72.836,100.0,0.4,74.98670197,21.2,17212.6128892163
TTO,Trinidad and Tobago,2020,,72.645,100.0,0.5,77.28130341,20.8,15283.6270531554
TTO,Trinidad and Tobago,2021,,71.111,100.0,0.5,84.36576986,20.4,17712.5674104655
TTO,Trinidad and Tobago,2022,,73.331,100.0,,81.69760132,19.9,20750.5202434652
TTO,Trinidad and Tobago,2023,,73.49,98.7,,81.9681015,19.3,18308.4536298575
TUN,Tunisia,2005,,73.712,99.2,14.2,9.655099869,21.6,3146.8260743927
TUN,Tunisia,2006,,73.888,99.4,14.3,12.98639965,20.7,3322.56933570096
TUN,Tunisia,2007,77.1900024414062,74.039,99.4,14.3,17.1,20.0,3726.91672935667
TUN,Tunisia,2008,77.7099990844727,74.192,99.4,14.6,27.53,19.4,4255.05008019523
TUN,Tunisia,2009,,74.32,99.5,16.1,34.07,19.0,4080.09032448781
TUN,Tunisia,2010,79.129997253418,74.438,99.5,12.6,36.8,18.7,4291.86120891575
TUN,Tunisia,2011,79.6500015258789,74.471,99.5,13.2,39.1,18.5,4420.64772206537
TUN,Tunisia,2012,80.2200012207031,74.599,99.5,13.0,41.4416008,18.4,4297.26782454273
TUN,Tunisia,2013,,74.674,99.7,13.2,43.79999924,18.3,4369.79345826358
TUN,Tunisia,2014,79.0400009155273,74.784,99.8,12.9,46.15999985,18.3,4458.97895464547
TUN,Tunisia,2015,,74.875,99.9,12.5,46.4999943435776,18.2,4014.94773686432
TUN,Tunisia,2016,,75.007,100.0,12.4,49.5999948415756,18.1,3847.80354448809
TUN,Tunisia,2017,,75.177,100.0,11.8,55.5001550633671,17.9,3619.03247319953
TUN,Tunisia,2018,79.4800033569336,75.37,99.8,11.9,64.1908102327387,17.5,3628.10366464236
TUN,Tunisia,2019,80.5500030517578,75.599,100.0,12.2,66.6999983024144,16.9,3528.87213306798
TUN,Tunisia,2020,,75.004,99.9,12.9,68.55639648,16.0,3548.65363663803
TUN,Tunisia,2021,83.6800003051758,72.893,99.9,11.6,68.31552226,15.0,3906.93926319391
TUN,Tunisia,2022,,76.05,100.0,,,13.9,3707.29283414381
TUN,Tunisia,2023,86.25,76.508,100.0,,,12.9,3951.11683376921
TUR,Turkiye,2005,88.2300033569336,73.51,99.7,15.3,15.46,25.3,7331.85429430255
TUR,Turkiye,2006,88.120002746582,73.804,99.7,14.2,18.24,23.5,7990.08251407245
TUR,Turkiye,2007,88.6600036621094,74.129,99.7,12.5,28.63,21.8,9766.91734545294
TUR,Turkiye,2008,,74.38,99.7,12.5,34.37,20.3,10913.4079047769
TUR,Turkiye,2009,90.8199996948242,74.679,99.7,13.1,36.4,18.9,9076.92472236977
TUR,Turkiye,2010,92.6600036621094,74.964,100.0,14.2,39.82,17.6,10698.9699409757
TUR,Turkiye,2011,94.1100006103516,74.823,100.0,12.7,43.065710430925,16.6,11373.6355760885
TUR,Turkiye,2012,94.9199981689453,75.552,100.0,13.0,45.13,15.6,11776.7593362033
TUR,Turkiye,2013,95.2600021362305,76.171,100.0,13.8,46.25,14.7,12635.5570016068
TUR,Turkiye,2014,95.4400024414062,76.452,100.0,11.5,51.0373665521645,14.0,12209.3862327674
TUR,Turkiye,2015,95.5999984741211,76.539,100.0,13.3,53.7449791423583,13.3,11064.6494504662
TUR,Turkiye,2016,95.8600006103516,76.595,100.0,13.2,58.3477340145685,12.7,10984.3643169061
TUR,Turkiye,2017,96.1500015258789,77.037,100.0,11.4,64.6846176835371,12.2,10756.3877677883
TUR,Turkiye,2018,,77.454,100.0,11.8,71.0427608433809,11.7,9684.11819884721
TUR,Turkiye,2019,96.7399978637695,77.737,100.0,14.1,73.9767022871511,11.3,9395.23378001368
TUR,Turkiye,2020,,76.525,100.0,13.7,77.6695605,10.9,8798.11791709313
TUR,Turkiye,2021,97.2600021362305,75.722,100.0,12.0,81.40843745,10.6,9981.76398411336
TUR,Turkiye,2022,,77.591,100.0,,83.43716576,10.2,10897.8397861365
TUR,Turkiye,2023,,77.156,100.0,,85.96074155,13.8,13375.0947282864
TUV,Tuvalu,2005,,64.096,95.5,0.0,8.300000191,38.1,2298.44257265761
TUV,Tuvalu,2006,,64.247,95.7,0.0,9.100000381,36.9,2413.97836453913
TUV,Tuvalu,2007,,64.402,96.7,0.0,10.0,35.6,2803.75365477849
TUV,Tuvalu,2008,,64.516,96.2,0.2,11.19999981,34.2,3062.00125965971
TUV,Tuvalu,2009,,64.693,96.5,0.2,12.80000019,32.8,2662.42865634448
TUV,Tuvalu,2010,,64.834,96.7,0.4,14.60000038,31.4,3054.96154183353
TUV,Tuvalu,2011,,64.96,97.0,0.2,16.5,30.2,3679.5325726267
TUV,Tuvalu,2012,,65.079,97.7,0.3,18.70000076,29.0,3558.89749224226
TUV,Tuvalu,2013,,65.171,97.6,0.7,21.20000076,28.0,3524.00277634143
TUV,Tuvalu,2014,,65.278,97.9,0.7,24.10000038,26.9,3518.13249227107
TUV,Tuvalu,2015,,65.365,98.1,3.0,27.29999924,26.0,3352.66722400181
TUV,Tuvalu,2016,,65.51,97.3,7.3,31.0,25.2,3779.15293916285
TUV,Tuvalu,2017,,65.683,98.7,7.0,35.20000076,24.3,4166.79162422818
TUV,Tuvalu,2018,,65.871,99.0,6.4,,23.5,4467.21144027065
TUV,Tuvalu,2019,,66.109,99.7,6.3,,22.7,5058.85266607659
TUV,Tuvalu,2020,,66.357,99.4,5.0,,21.9,5029.57159284173
TUV,Tuvalu,2021,,65.824,99.7,5.0,,21.2,6042.51983141155
TUV,Tuvalu,2022,100.0,66.852,100.0,5.2,,20.5,5414.74642912412
TUV,Tuvalu,2023,,67.105,100.0,,,19.8,5143.8397437226
TZA,Tanzania,2005,,57.675,13.8,90.3,1.100000024,92.2,483.334869384766
TZA,Tanzania,2006,,58.512,14.9,89.9,1.299999952,86.7,475.746734619141
TZA,Tanzania,2007,,59.26,15.9,90.6,1.6,81.3,543.198303222656
TZA,Tanzania,2008,,59.896,11.5,90.3,1.899999976,76.6,675.977233886719
TZA,Tanzania,2009,,60.494,11.2,91.0,2.400000095,72.0,693.823547363281
TZA,Tanzania,2010,,61.127,14.8,89.4,2.900000095,68.2,736.530151367188
TZA,Tanzania,2011,,61.618,14.2,87.6,3.200000048,64.6,775.392761230469
TZA,Tanzania,2012,78.0999984741211,62.286,15.3,85.2,3.950000048,61.7,861.969909667969
TZA,Tanzania,2013,,62.788,16.4,84.5,4.400000095,59.0,963.05712890625
TZA,Tanzania,2014,79.8949432291161,63.364,23.5,84.7,7.0,56.3,1022.74841308594
TZA,Tanzania,2015,77.8899993896484,63.928,26.2,82.8,10.0,54.3,939.127319335938
TZA,Tanzania,2016,,64.404,32.8,81.7,13.5042328468919,52.0,953.0107421875
TZA,Tanzania,2017,,64.963,32.1,82.0,14.46339989,49.8,986.674011230469
TZA,Tanzania,2018,,65.488,34.9,81.3,15.49069977,47.6,1023.10626220703
TZA,Tanzania,2019,,66.007,37.7,80.4,16.59090042,45.6,1063.32250976563
TZA,Tanzania,2020,82.2361019196766,66.771,39.9,80.8,19.48139954,43.8,1117.41528320313
TZA,Tanzania,2021,,66.131,42.7,78.3,22.87540054,41.7,1159.85656738281
TZA,Tanzania,2022,78.2099990844727,66.879,45.8,,26.86059952,40.1,1207.52062988281
TZA,Tanzania,2023,,66.995,48.3,,28.43190002,38.5,1224.00219726563
UGA,Uganda,2005,,54.926,8.9,94.5,1.742200017,106.5,330.405402707025
UGA,Uganda,2006,71.370002746582,56.118,9.0,94.2,2.52940011,99.2,346.518255310647
UGA,Uganda,2007,,57.248,14.8,94.1,3.67196535074744,92.5,401.389130865581
UGA,Uganda,2008,,58.253,15.9,94.1,3.880000114,86.4,472.842681495852
UGA,Uganda,2009,,59.157,10.0,94.3,4.099999905,81.2,798.947089938247
UGA,Uganda,2010,73.2099990844727,59.959,12.1,93.6,4.300000191,76.0,823.488144282
UGA,Uganda,2011,,60.791,14.6,93.3,4.599999905,70.9,835.620060555838
UGA,Uganda,2012,70.1999969482422,61.579,20.5,93.4,4.800000191,66.5,795.222867553127
UGA,Uganda,2013,,62.353,13.9,93.1,5.099999905,62.8,818.285427416713
UGA,Uganda,2014,68.5100021362305,63.057,20.4,92.4,5.400000095,60.2,896.054795546394
UGA,Uganda,2015,,63.831,18.5,91.7,5.699999809,57.9,862.934610355811
UGA,Uganda,2016,69.0999984741211,64.494,26.7,91.4,5.9,55.6,752.696571725656
UGA,Uganda,2017,,65.174,32.4,91.3,7.417900085,54.0,765.218332297361
UGA,Uganda,2018,,65.775,41.9,90.5,9.326299667,52.7,792.16570022814
UGA,Uganda,2019,,66.354,41.3,90.5,11.72579956,51.6,822.171150036357
UGA,Uganda,2020,,66.41,42.1,91.6,7.4,50.9,845.766463890124
UGA,Uganda,2021,79.0476540680567,66.45,45.2,91.0,10.0,50.2,882.791717542504
UGA,Uganda,2022,,67.675,47.1,90.9,9.636899948,50.0,963.067314117178
UGA,Uganda,2023,80.5100021362305,68.252,51.5,,9.286999702,49.4,1002.30913917142
UKR,Ukraine,2005,,67.517,99.9,1.3,3.749799967,14.5,1875.33508300781
UKR,Ukraine,2006,,67.49,99.5,1.8,4.50612456357379,14.0,2366.494140625
UKR,Ukraine,2007,,67.715,99.8,2.4,6.55,13.4,3160.32763671875
UKR,Ukraine,2008,,68.262,99.8,2.7,11.0,12.9,4017.806640625
UKR,Ukraine,2009,,69.159,99.9,3.0,17.9,12.3,2607.08764648438
UKR,Ukraine,2010,,70.188,100.0,2.9,23.3,11.7,3039.63232421875
UKR,Ukraine,2011,,70.711,100.0,2.7,28.7082628400713,11.2,3656.69799804688
UKR,Ukraine,2012,,71.09,99.9,2.9,35.27,10.7,3951.34228515625
UKR,Ukraine,2013,,71.474,100.0,3.5,40.954128997,10.2,4129.89697265625
UKR,Ukraine,2014,,71.803,100.0,3.5,46.2359754571651,9.8,3054.908203125
UKR,Ukraine,2015,,72.686,100.0,4.2,48.8846436813218,9.5,2094.47387695313
UKR,Ukraine,2016,,73.389,100.0,5.5,53.0009695981884,9.1,2158.46118164063
UKR,Ukraine,2017,,73.993,100.0,6.5,58.8894794459775,8.9,2604.28759765625
UKR,Ukraine,2018,,73.569,100.0,6.9,62.5531553933869,8.7,3059.0517578125
UKR,Ukraine,2019,,73.92,100.0,7.4,70.1248442995263,8.5,3619.86157226563
UKR,Ukraine,2020,,73.283,100.0,8.7,75.03790912,8.4,3709.76928710938
UKR,Ukraine,2021,,71.631,100.0,8.9,79.21829353,8.2,4775.94580078125
UKR,Ukraine,2022,,72.658,100.0,,80.47429657,8.5,4199.6708984375
UKR,Ukraine,2023,,73.422,100.0,,81.58059692,8.0,5139.59814453125
UMC,Upper middle income,2005,91.5400009155273,72.2010061107617,95.0821595977721,19.0669566077847,10.2,28.3,2659.85428273288
UMC,Upper middle income,2006,91.8399963378906,72.4525884801853,96.0089704311174,18.4133720116518,12.5,26.7,3110.01687964695
UMC,Upper middle income,2007,92.8499984741211,72.7823708143533,96.0944685837423,17.4113372514321,16.6,25.1,3790.61802604987
UMC,Upper middle income,2008,93.2799987792969,72.9550753875567,96.6142381029523,17.0472844154191,21.2,23.5,4548.12039834524
UMC,Upper middle income,2009,93.6600036621094,73.3132971210626,97.1256295305401,16.7449802944781,25.8,22.1,4481.74305807356
UMC,Upper middle income,2010,93.7699966430664,73.6577099377767,97.6431951581335,15.9607028363318,30.6,20.8,5435.75133241642
UMC,Upper middle income,2011,93.9899978637695,73.908118420453,97.9642268083969,15.0004347168825,34.5,19.7,6434.65448466732
UMC,Upper middle income,2012,94.2699966430664,74.2134955628203,98.133055889863,14.8921211502289,38.3,18.6,6813.15382418428
UMC,Upper middle income,2013,94.370002746582,74.4566962922526,98.3421560422168,14.8259845213021,41.4,17.8,7183.80264347723
UMC,Upper middle income,2014,94.75,74.6951643017581,98.5568206636916,14.9878569564675,44.3,16.9,7399.1550644732
UMC,Upper middle income,2015,94.8899993896484,74.934843438781,98.6185166326867,14.9421101553882,47.9,16.2,7083.47780015619
UMC,Upper middle income,2016,95.120002746582,75.0906548982392,98.7756878322756,15.3003881820305,53.3,15.5,7068.00587843387
UMC,Upper middle income,2017,95.1600036621094,75.2402306964393,98.9531126307269,15.539599266802,57.7,14.7,7676.40394987858
UMC,Upper middle income,2018,95.3199996948242,75.5511819443353,99.0283931905422,15.6712129165035,62.2,14.5,8149.60205746059
UMC,Upper middle income,2019,95.620002746582,75.7442027654668,99.1308662220903,16.1357826998964,67.5,14.1,8244.30681174043
UMC,Upper middle income,2020,95.7300033569336,75.0593316548277,99.1389999180209,16.8249228694968,74.9,14.1,7949.25683610967
UMC,Upper middle income,2021,95.7600021362305,74.4180568484505,99.3872057592045,,79.4,13.9,9409.61235165342
UMC,Upper middle income,2022,95.9100036621094,75.7285192648647,99.3537615814474,,82.7,13.8,9796.27244734764
UMC,Upper middle income,2023,96.0400009155273,75.9179864449912,99.392898640485,,85.3,13.7,10118.6217728148
URY,Uruguay,2005,,75.829,98.0,41.3,20.0881895579305,14.4,5284.25677987129
URY,Uruguay,2006,97.7900009155273,75.888,98.5,37.6,29.39999962,13.6,6001.33294783172
URY,Uruguay,2007,97.8600006103516,76.15,98.7,43.2,34.0,12.7,7222.05403645877
URY,Uruguay,2008,98.1600036621094,76.275,98.8,44.1,39.3,11.9,9423.96562595893
URY,Uruguay,2009,98.2600021362305,76.67,99.1,44.6,41.8,11.3,9881.39573127081
URY,Uruguay,2010,98.0699996948242,76.691,99.3,53.3,46.4,10.8,12641.0576849008
URY,Uruguay,2011,98.3399963378906,76.614,99.2,49.7,51.4046610563616,10.4,15132.2675725587
URY,Uruguay,2012,98.4000015258789,76.691,99.6,47.9,54.453768680746,10.0,16259.5940814256
URY,Uruguay,2013,98.3600006103516,76.953,99.6,51.9,57.69,9.7,18335.2594772322
URY,Uruguay,2014,98.4400024414062,77.194,99.7,56.7,61.4624951684405,9.3,18322.4276767157
URY,Uruguay,2015,98.5199966430664,77.285,99.7,59.4,64.5707870971624,8.9,17125.9016800298
URY,Uruguay,2016,98.5599975585938,77.351,99.7,60.3,66.40000153,8.4,17009.7584207276
URY,Uruguay,2017,98.620002746582,77.618,99.8,60.8,70.3223543994698,8.0,19184.6626114272
URY,Uruguay,2018,98.6999969482422,77.527,99.8,60.8,80.7268428795854,7.7,19249.9404677501
URY,Uruguay,2019,98.7699966430664,77.503,99.9,59.3,83.3515337667548,7.5,18315.7350377437
URY,Uruguay,2020,98.9596198051761,78.381,100.0,61.2,85.47100067,7.3,15757.5341990356
URY,Uruguay,2021,,75.434,100.0,57.8,87.64440155,7.3,17881.8119616753
URY,Uruguay,2022,98.8499984741211,76.468,100.0,,89.87304314,7.3,21009.2883798725
URY,Uruguay,2023,98.8254937778285,78.138,100.0,,90.92590332,7.4,23378.6399733516
USA,United States,2005,,77.4878048780488,100.0,5.8,67.9681015,8.0,44123.3996470026
USA,United States,2006,,77.6878048780488,100.0,6.4,68.93119812,7.9,46301.9876485519
USA,United States,2007,,77.9878048780488,100.0,6.3,75.0,7.7,48050.227412195
USA,United States,2008,,78.0390243902439,100.0,6.8,74.0,7.6,48570.0594269601
USA,United States,2009,,78.390243902439,100.0,7.3,71.0,7.5,47194.9500893872
USA,United States,2010,,78.5414634146342,100.0,7.4,71.69,7.3,48642.6312088213
USA,United States,2011,,78.6414634146341,100.0,8.4,69.7294607619268,7.2,50024.8812320773
USA,United States,2012,,78.7414634146342,100.0,8.5,74.7,7.0,51708.3940614082
USA,United States,2013,,78.7414634146342,100.0,8.9,71.4,6.9,53297.3862901595
USA,United States,2014,,78.8414634146341,100.0,9.0,73.0,6.8,55153.3940182967
USA,United States,2015,,78.690243902439,100.0,8.9,74.5542024462761,6.8,56849.4697923159
USA,United States,2016,,78.5390243902439,100.0,9.3,85.5444212887222,6.7,57976.628204291
USA,United States,2017,,78.5390243902439,100.0,9.7,87.2748891687657,6.6,60047.7190728307
USA,United States,2018,,78.6390243902439,100.0,9.9,88.498903165152,6.5,62875.6661382728
USA,United States,2019,,78.7878048780488,100.0,10.2,89.4302848575712,6.5,65227.9565911038
USA,United States,2020,,76.9804878048781,100.0,11.0,90.34470367,6.5,64465.2971415748
USA,United States,2021,,76.3292682926829,100.0,10.9,91.2684021,6.5,71441.2319805947
USA,United States,2022,,77.4341463414634,100.0,,92.72850037,6.5,78008.6895811877
USA,United States,2023,,78.3853658536585,100.0,,93.52559662,6.5,82586.7847707894
UZB,Uzbekistan,2005,,67.481,99.4,1.6,3.34350988825952,45.2,542.835808692209
UZB,Uzbekistan,2006,,67.905,99.5,0.8,6.38832196706805,41.9,649.118167003925
UZB,Uzbekistan,2007,,68.483,99.5,0.9,7.49060468138629,38.6,824.028192334768
UZB,Uzbekistan,2008,,69.035,99.5,0.8,9.0801145234501,35.5,1074.72928796701
UZB,Uzbekistan,2009,,69.517,99.5,1.2,11.9,32.6,1205.7993547038
UZB,Uzbekistan,2010,,69.836,99.6,1.3,15.89999962,29.8,1956.78127255673
UZB,Uzbekistan,2011,,70.143,99.7,0.9,18.6,27.3,2338.55462817306
UZB,Uzbekistan,2012,,70.411,99.7,1.3,23.60000038,25.0,2573.95586785056
UZB,Uzbekistan,2013,99.9899978637695,70.692,99.8,1.2,26.79999924,23.0,2781.38869470315
UZB,Uzbekistan,2014,99.9800033569336,70.973,99.8,1.4,35.5,21.3,3021.00331668049
UZB,Uzbekistan,2015,99.9800033569336,71.33,99.9,1.7,42.79999924,19.7,3172.89899391083
UZB,Uzbekistan,2016,99.9899978637695,71.58,99.9,1.6,46.79130173,18.4,3128.42307170099
UZB,Uzbekistan,2017,,71.737,100.0,1.7,48.6999988524556,17.3,2271.4730109511
UZB,Uzbekistan,2018,99.9899978637695,71.999,100.0,1.5,55.2000006732722,16.4,1894.09088741408
UZB,Uzbekistan,2019,100.0,72.093,100.0,1.6,70.3999986481458,15.7,2128.66067138334
UZB,Uzbekistan,2020,,71.461,100.0,1.0,71.09999824,15.1,2087.96374711792
UZB,Uzbekistan,2021,100.0,71.681,99.9,1.0,76.59043014,14.6,2370.36480555669
UZB,Uzbekistan,2022,100.0,72.147,100.0,,83.90000012,14.1,2698.60262953369
UZB,Uzbekistan,2023,,72.388,100.0,,89.01361047,13.7,3015.97705069457
VCT,St. Vincent and the Grenadines,2005,,70.454,86.2,5.8,9.19827808234299,22.8,5157.39373878102
VCT,St. Vincent and the Grenadines,2006,,70.434,87.5,5.3,12.0,22.8,5744.8278621257
VCT,St. Vincent and the Grenadines,2007,,70.446,88.8,4.7,16.0,22.7,6398.19123532172
VCT,St. Vincent and the Grenadines,2008,,70.611,90.1,5.3,21.0,22.4,6598.90531450859
VCT,St. Vincent and the Grenadines,2009,,70.712,91.4,4.1,31.0,22.0,6463.78777336717
VCT,St. Vincent and the Grenadines,2010,,70.66,92.7,5.1,33.70000076,21.4,6551.96835992405
VCT,St. Vincent and the Grenadines,2011,,70.609,94.1,6.1,36.70000076,20.7,6527.68996854448
VCT,St. Vincent and the Grenadines,2012,,70.539,95.4,5.0,40.0,19.9,6713.80768643865
VCT,St. Vincent and the Grenadines,2013,,70.091,96.8,5.4,43.5,19.1,7072.46737188939
VCT,St. Vincent and the Grenadines,2014,,70.355,98.1,3.3,47.4,18.2,7168.82875342911
VCT,St. Vincent and the Grenadines,2015,,70.463,99.4,4.3,49.40000153,17.4,7353.73556054184
VCT,St. Vincent and the Grenadines,2016,,70.7,99.7,4.1,51.5,16.6,7656.90042881178
VCT,St. Vincent and the Grenadines,2017,,71.013,100.0,5.3,53.70000076,15.8,7988.04445019298
VCT,St. Vincent and the Grenadines,2018,,71.017,100.0,4.9,56.0,15.0,8428.12677153069
VCT,St. Vincent and the Grenadines,2019,,70.994,100.0,5.4,59.57630157,14.3,8740.59425232061
VCT,St. Vincent and the Grenadines,2020,,69.605,100.0,5.2,63.38100052,13.6,8351.20324040982
VCT,St. Vincent and the Grenadines,2021,,69.132,100.0,5.0,68.83339691,12.9,8641.27904024443
VCT,St. Vincent and the Grenadines,2022,,71.191,100.0,5.1,74.75479889,12.3,9693.55867833025
VCT,St. Vincent and the Grenadines,2023,,71.23,100.0,,75.53679657,11.8,10582.3656725229
VEN,"Venezuela, RB",2005,94.3707013803128,73.075,98.8,14.2,12.5529979098299,18.5,5432.4854184654
VEN,"Venezuela, RB",2006,94.6620701964151,72.972,99.3,15.6,15.2247114771787,17.9,6739.38065342218
VEN,"Venezuela, RB",2007,95.1500015258789,73.348,98.9,16.6,20.83,17.4,8331.62096991844
VEN,"Venezuela, RB",2008,95.3116995541662,72.578,98.9,16.4,25.88,17.2,11262.4514256759
VEN,"Venezuela, RB",2009,95.5100021362305,72.785,99.0,16.2,32.7,17.1,11596.6021921731
VEN,"Venezuela, RB",2010,95.3924213233743,73.092,99.1,13.8,37.37,17.2,13646.3046622664
VEN,"Venezuela, RB",2011,94.7699966430664,73.09,98.8,14.8,40.22,17.4,10843.9229703167
VEN,"Venezuela, RB",2012,95.9871889937429,73.086,99.3,13.8,49.0500830729861,17.6,12582.0125686037
VEN,"Venezuela, RB",2013,,73.076,99.4,15.4,54.90000153,17.9,8642.37380007027
VEN,"Venezuela, RB",2014,,72.837,100.0,12.1,57.0,18.3,7101.15006382986
VEN,"Venezuela, RB",2015,96.6100006103516,73.004,100.0,15.4,58.0,19.1,4096.61989137473
VEN,"Venezuela, RB",2016,97.129997253418,72.002,99.4,14.6,60.0,24.2,3671.23004093383
VEN,"Venezuela, RB",2017,97.1837183128414,71.903,99.2,14.3,,24.2,3791.63262049576
VEN,"Venezuela, RB",2018,,72.641,99.9,14.6,,24.2,3421.51341607593
VEN,"Venezuela, RB",2019,,72.766,99.8,15.8,49.05009842,24.2,2523.11527549578
VEN,"Venezuela, RB",2020,,72.369,99.9,31.2,72.44110107,24.2,1506.04169391285
VEN,"Venezuela, RB",2021,,71.536,100.0,33.7,74.11219788,24.2,2004.93572921136
VEN,"Venezuela, RB",2022,,72.566,100.0,,75.82180023,24.2,3155.04190923584
VEN,"Venezuela, RB",2023,,72.514,100.0,,76.33190155,24.2,3617.47038396528
VGB,British Virgin Islands,2005,,75.569,97.6,0.8,,15.9,
VGB,British Virgin Islands,2006,,75.745,97.8,0.7,,15.8,
VGB,British Virgin Islands,2007,,75.893,97.9,0.7,,15.7,
VGB,British Virgin Islands,2008,,76.07,98.1,0.7,,15.7,
VGB,British Virgin Islands,2009,,76.205,98.3,0.7,36.0,15.6,
VGB,British Virgin Islands,2010,,76.289,98.3,0.7,37.0,15.6,
VGB,British Virgin Islands,2011,,76.363,98.7,0.9,37.4,15.6,
VGB,British Virgin Islands,2012,,76.433,98.9,0.9,37.6,15.6,
VGB,British Virgin Islands,2013,,76.472,99.1,1.0,,15.6,
VGB,British Virgin Islands,2014,,76.527,99.2,1.0,,15.6,
VGB,British Virgin Islands,2015,,76.558,100.0,1.0,,15.5,
VGB,British Virgin Islands,2016,,76.624,100.0,1.0,77.7014296797074,15.2,
VGB,British Virgin Islands,2017,,75.67,100.0,1.1,77.7042682926829,14.9,
VGB,British Virgin Islands,2018,,76.728,100.0,1.2,,14.6,
VGB,British Virgin Islands,2019,,76.845,100.0,1.2,,14.2,
VGB,British Virgin Islands,2020,,76.894,100.0,1.3,,13.8,
VGB,British Virgin Islands,2021,,75.297,100.0,1.3,,13.5,
VGB,British Virgin Islands,2022,,77.177,100.0,1.3,,13.1,
VGB,British Virgin Islands,2023,,77.276,100.0,,,12.7,
VIR,Virgin Islands (U.S.),2005,,77.4219512195122,100.0,0.7,27.3443196733265,,40828.7460927775
VIR,Virgin Islands (U.S.),2006,,78.3243902439024,100.0,0.7,27.3326105376325,,41377.1466009652
VIR,Virgin Islands (U.S.),2007,,76.8634146341463,100.0,0.7,27.3393358364014,,44158.5054044325
VIR,Virgin Islands (U.S.),2008,,77.1634146341463,100.0,0.7,27.3617774210613,,39152.3750657306
VIR,Virgin Islands (U.S.),2009,,77.5146341463415,100.0,0.8,27.3965096846662,,38753.1825393897
VIR,Virgin Islands (U.S.),2010,,77.8658536585366,100.0,0.7,31.22,,39905.1284180994
VIR,Virgin Islands (U.S.),2011,,78.3170731707317,100.0,1.2,35.6,,38997.1373164651
VIR,Virgin Islands (U.S.),2012,,78.5170731707317,100.0,2.0,40.5479,,37795.3192590675
VIR,Virgin Islands (U.S.),2013,,78.7170731707317,100.0,2.9,45.3,,34597.9766940328
VIR,Virgin Islands (U.S.),2014,,78.8682926829268,100.0,4.2,50.07,,33045.3643795999
VIR,Virgin Islands (U.S.),2015,,79.0170731707317,100.0,5.6,54.839137296,,34007.3529411765
VIR,Virgin Islands (U.S.),2016,,79.1682926829268,100.0,5.7,59.60831579895,,35324.9748874586
VIR,Virgin Islands (U.S.),2017,,79.3682926829268,100.0,5.3,64.3774942980087,,35365.0693039774
VIR,Virgin Islands (U.S.),2018,,79.5195121951219,100.0,5.8,,,36663.2087550584
VIR,Virgin Islands (U.S.),2019,,79.6682926829268,100.0,6.2,,,38633.5298915336
VIR,Virgin Islands (U.S.),2020,,79.819512195122,100.0,5.9,,,39787.3741650202
VIR,Virgin Islands (U.S.),2021,,80.0682926829268,100.0,5.9,,,42571.0777368471
VIR,Virgin Islands (U.S.),2022,,80.319512195122,100.0,5.9,,,44320.909185774
VIR,Virgin Islands (U.S.),2023,,80.519512195122,100.0,,,,
VNM,Viet Nam,2005,,73.198,96.1,44.1,12.7399292907031,25.4,710.746759994861
VNM,Viet Nam,2006,,73.293,96.0,44.2,17.2545617186662,24.8,807.756645117054
VNM,Viet Nam,2007,,73.385,93.1,41.9,20.7554447679753,24.3,925.640338348717
VNM,Viet Nam,2008,,73.455,93.8,39.3,23.92,23.8,1163.83195772873
VNM,Viet Nam,2009,93.5199966430664,73.525,96.1,37.0,26.55,23.4,1226.16976051536
VNM,Viet Nam,2010,,73.611,97.4,34.6,30.65,23.1,1683.16182443979
VNM,Viet Nam,2011,,73.713,99.0,36.3,35.07,22.8,1950.92504174913
VNM,Viet Nam,2012,,73.762,97.9,37.9,36.79999924,22.5,2185.11767654291
VNM,Viet Nam,2013,,73.821,98.5,37.4,38.5,22.3,2359.51736472828
VNM,Viet Nam,2014,,73.886,99.2,36.7,41.0,22.0,2546.38464459903
VNM,Viet Nam,2015,,73.955,99.3,27.8,45.0,21.6,2577.56885340113
VNM,Viet Nam,2016,,73.984,99.2,26.8,53.0,21.3,2735.0604380416
VNM,Viet Nam,2017,,74.026,100.0,28.3,58.1400000036297,20.9,2956.10992127753
VNM,Viet Nam,2018,,74.1,100.0,24.3,69.8479286837965,20.5,3222.31003125366
VNM,Viet Nam,2019,95.75,74.211,99.4,20.4,68.6615802057338,20.0,3440.90025375434
VNM,Viet Nam,2020,,75.383,99.8,18.9,70.30000012,19.5,3534.03953482647
VNM,Viet Nam,2021,,74.145,100.0,24.2,74.20999985,18.9,3704.1935590038
VNM,Viet Nam,2022,96.129997253418,74.502,100.0,,78.58999918,18.4,4147.69777213621
VNM,Viet Nam,2023,,74.588,99.8,,78.08,17.8,4322.82572261566
VUT,Vanuatu,2005,,69.166,31.0,54.9,5.082300186,24.5,1873.99142640619
VUT,Vanuatu,2006,,69.126,26.4,55.3,5.850599766,24.1,2034.79289624351
VUT,Vanuatu,2007,,69.144,33.6,51.6,6.800000191,23.5,2333.70506748914
VUT,Vanuatu,2008,,69.302,36.5,52.1,7.26911992337492,22.7,2603.60883136724
VUT,Vanuatu,2009,,69.422,33.3,38.7,7.5,21.9,2546.38324565986
VUT,Vanuatu,2010,,69.57,44.1,38.1,8.0,21.1,2815.18828985779
VUT,Vanuatu,2011,,69.729,42.0,35.8,9.199999809,20.3,3163.1861645138
VUT,Vanuatu,2012,,69.898,43.9,39.0,10.59799957,19.7,3004.78416664293
VUT,Vanuatu,2013,,69.986,31.7,40.9,11.30000019,19.2,3392.56675091682
VUT,Vanuatu,2014,,70.043,49.1,31.5,18.79999924,18.8,3378.36411965135
VUT,Vanuatu,2015,,70.163,52.3,35.6,22.35140038,18.6,3214.41948587141
VUT,Vanuatu,2016,,70.397,57.8,33.1,,18.4,3339.83436471043
VUT,Vanuatu,2017,,70.5,62.8,35.7,,18.3,3585.31798081216
VUT,Vanuatu,2018,,70.626,61.6,29.7,,18.2,3626.18862522473
VUT,Vanuatu,2019,92.4744486976738,70.783,64.5,31.6,,18.1,3635.62344878185
VUT,Vanuatu,2020,89.7930993872856,70.385,67.3,26.0,,18.1,3404.30359167624
VUT,Vanuatu,2021,,69.952,70.0,24.6,,18.0,3576.13770954363
VUT,Vanuatu,2022,,71.302,70.0,25.0,,17.8,3679.53524327491
VUT,Vanuatu,2023,87.9599990844727,71.477,61.6,,,17.5,3708.18942411253
WLD,World,2005,82.5699996948242,69.111445965915,80.7045758983383,16.6370993331808,15.6,62.3,7290.5661453297
WLD,World,2006,82.5299987792969,69.4690022328376,81.3567271905369,16.7290772224366,17.2,59.6,7803.19467222601
WLD,World,2007,83.120002746582,69.8049778312625,81.9745726621334,16.5374660334277,20.2,57.0,8685.33108680793
WLD,World,2008,83.4800033569336,70.0043236169628,82.6714183692273,16.6569817886533,22.8,54.7,9425.73781604823
WLD,World,2009,83.8000030517578,70.3803491247646,82.8688257633761,17.0654993607187,25.3,52.9,8827.04322994899
WLD,World,2010,84.370002746582,70.6826307784169,83.4501564252405,16.7414815095897,28.4,50.6,9555.06543969498
WLD,World,2011,84.7099990844727,70.9688028224075,84.5088722141776,16.6987205578704,30.9,49.5,10496.9310026996
WLD,World,2012,84.9100036621094,71.2645542969028,84.9391555731035,16.8962150785112,33.3,46.7,10597.8460782595
WLD,World,2013,85.2099990844727,71.5334887297047,85.7136907083818,17.1692464159295,35.3,45.1,10759.3457336689
WLD,World,2014,85.5599975585938,71.7763867362613,86.198537437738,17.3299951573821,37.4,43.9,10912.2447775638
WLD,World,2015,85.9599990844727,71.9656376386893,86.9273667608945,17.4035082673572,39.9,42.9,10191.9752512662
WLD,World,2016,86.2799987792969,72.1858228976022,88.1080967238499,17.6281084915531,43.6,41.7,10239.4656645738
WLD,World,2017,86.4700012207031,72.3662967648278,88.9357124003312,17.8541835016377,46.3,40.9,10784.3950896297
WLD,World,2018,86.7600021362305,72.6442408544831,89.8011777019155,18.1052270747944,49.4,40.0,11344.728168656
WLD,World,2019,86.7900009155273,72.869911203356,90.1089635853778,18.5751641385934,53.9,39.6,11417.5958587724
WLD,World,2020,86.9800033569336,72.1832040176208,90.3995467820191,19.7355641050053,60.1,39.2,10999.4917581781
WLD,World,2021,87.1699981689453,71.2160780260296,91.3385144099012,,63.8,39.6,12472.9074157191
WLD,World,2022,87.3899993896484,72.9689585478052,91.2817736699915,,67.0,40.0,12876.2377124072
WLD,World,2023,87.5800018310547,73.3302230276374,91.6034762480239,,69.2,38.3,13313.8575826001
WSM,Samoa,2005,,71.487,91.1,48.9,3.35259211246829,19.0,2550.04221437511
WSM,Samoa,2006,,71.62,96.4,46.0,4.46917387320954,19.0,2663.29135939532
WSM,Samoa,2007,,71.605,92.5,43.2,4.75,19.0,3038.61904093377
WSM,Samoa,2008,,71.531,98.1,45.0,5.031599998,19.0,3373.60639884263
WSM,Samoa,2009,,69.486,97.9,43.2,6.0,25.3,3279.18269477295
WSM,Samoa,2010,,71.451,96.4,41.9,7.0,19.1,3524.2479246203
WSM,Samoa,2011,98.9700012207031,71.393,96.7,40.6,11.0,19.0,3821.50678264479
WSM,Samoa,2012,,71.159,96.8,40.2,12.92249966,18.8,3934.60320799981
WSM,Samoa,2013,,71.229,97.0,42.6,15.30000019,18.7,4023.5254013825
WSM,Samoa,2014,,71.142,97.9,41.4,21.20000076,18.5,3982.68080202084
WSM,Samoa,2015,,71.06,98.2,37.1,,18.3,4084.36083819933
WSM,Samoa,2016,99.4000015258789,71.003,98.9,36.8,,18.1,4147.07097674888
WSM,Samoa,2017,99.7071903264793,70.991,96.8,35.8,,17.8,4307.59381964907
WSM,Samoa,2018,,71.052,99.8,36.6,,17.5,4231.81409469194
WSM,Samoa,2019,97.9899978637695,70.269,99.2,34.2,,20.0,4351.94234943706
WSM,Samoa,2020,,70.727,100.0,35.6,,16.7,4099.59660548583
WSM,Samoa,2021,,71.096,98.3,36.0,,16.2,4021.55934894283
WSM,Samoa,2022,,71.55,98.3,35.9,,15.8,4132.44717734444
WSM,Samoa,2023,,71.698,100.0,,,15.3,4822.74084650019
XKX,Kosovo,2005,,73.437,,,,30.6,
XKX,Kosovo,2006,,73.63,,,,28.0,
XKX,Kosovo,2007,,74.422,,,,25.7,
XKX,Kosovo,2008,,74.711,,,,23.6,2889.14677086951
XKX,Kosovo,2009,,74.79,,,,21.7,2805.94692985371
XKX,Kosovo,2010,,74.609,,,,20.1,2987.54523493128
XKX,Kosovo,2011,,75.323,,,,18.7,3538.94809762524
XKX,Kosovo,2012,,75.75,,,,17.4,3410.65497983011
XKX,Kosovo,2013,,76.336,,,,16.3,3704.55812411167
XKX,Kosovo,2014,,76.179,,,,15.2,3902.49322261901
XKX,Kosovo,2015,,76.024,,,,14.3,3520.62685324451
XKX,Kosovo,2016,,76.748,,,,13.4,3759.44777525332
XKX,Kosovo,2017,,77.105,,,83.8935968102791,12.6,4009.32022064732
XKX,Kosovo,2018,,77.117,,,89.4430319734879,11.9,4384.18796440547
XKX,Kosovo,2019,,77.249,,,,11.2,4415.6992744623
XKX,Kosovo,2020,,74.212,,,,10.5,4320.58382547288
XKX,Kosovo,2021,,74.981,,,,10.0,5269.69946181439
XKX,Kosovo,2022,,77.623,,,,9.5,5298.1473871027
XKX,Kosovo,2023,,78.033,,,,9.1,6220.33213919344
YEM,"Yemen, Rep.",2005,,65.356,54.8,0.7,1.048599958,70.6,734.159908450927
YEM,"Yemen, Rep.",2006,,65.8,55.8,0.8,1.24782404904485,66.9,809.713127624703
YEM,"Yemen, Rep.",2007,,66.23,57.2,0.8,5.01,63.4,890.305768114988
YEM,"Yemen, Rep.",2008,,66.609,58.4,0.7,6.89,60.2,1071.63583282105
YEM,"Yemen, Rep.",2009,,66.905,59.6,0.7,9.96,57.5,969.243509864478
YEM,"Yemen, Rep.",2010,,67.223,60.8,0.8,12.35,55.0,1155.20305261418
YEM,"Yemen, Rep.",2011,,67.412,62.0,0.9,14.90499973,53.1,1186.47500581215
YEM,"Yemen, Rep.",2012,,67.569,52.4,1.1,17.44650078,51.6,1245.05068272078
YEM,"Yemen, Rep.",2013,,67.961,75.6,0.8,20.0,49.6,1378.75002954928
YEM,"Yemen, Rep.",2014,,68.003,66.1,0.8,22.54999924,48.7,1430.16420964026
YEM,"Yemen, Rep.",2015,,66.761,67.4,2.0,24.08539963,49.3,1362.1738120601
YEM,"Yemen, Rep.",2016,,67.105,68.9,2.6,24.57920074,47.9,975.359417003225
YEM,"Yemen, Rep.",2017,,67.12,79.2,3.0,,47.5,811.165970405745
YEM,"Yemen, Rep.",2018,,65.915,62.0,2.9,,47.3,633.887202451545
YEM,"Yemen, Rep.",2019,,66.567,72.8,3.0,17.49099922,46.1,
YEM,"Yemen, Rep.",2020,,66.435,73.9,3.5,,43.4,
YEM,"Yemen, Rep.",2021,,66.019,74.9,3.7,,42.6,
YEM,"Yemen, Rep.",2022,,67.952,76.0,,,41.1,
YEM,"Yemen, Rep.",2023,,69.295,83.6,,,39.5,
ZAF,South Africa,2005,,53.914,80.8,9.7,7.48854252992921,79.8,5836.87663325127
ZAF,South Africa,2006,,54.22,80.7,9.3,7.60713967477381,76.9,6077.38293388876
ZAF,South Africa,2007,88.7200012207031,54.948,82.0,8.7,8.06537517355504,71.2,6591.85535960564
ZAF,South Africa,2008,,55.982,81.9,9.7,8.43,63.7,6184.75474328399
ZAF,South Africa,2009,92.8899993896484,57.413,82.6,9.2,10.0,56.9,6374.70560042992
ZAF,South Africa,2010,92.879997253418,58.886,82.8,9.4,24.0,50.3,7973.47195771517
ZAF,South Africa,2011,93.0999984741211,60.602,83.6,9.0,33.97,45.6,8646.05571071635
ZAF,South Africa,2012,93.7300033569336,61.737,85.2,8.3,41.0,43.1,8076.97678479741
ZAF,South Africa,2013,,62.388,85.2,7.8,46.5,41.4,7331.65467384919
ZAF,South Africa,2014,94.1399993896484,63.184,85.9,7.6,49.0,39.7,6856.73137092522
ZAF,South Africa,2015,94.370002746582,64.053,85.3,7.6,51.91910172,38.2,6112.27382485974
ZAF,South Africa,2016,91.7399978637695,64.749,83.9,7.8,54.0,36.8,5651.20585165749
ZAF,South Africa,2017,,65.422,84.4,7.9,56.16740036,35.7,6618.33508255701
ZAF,South Africa,2018,,65.726,84.7,8.0,62.40000153,34.9,6914.1780318076
ZAF,South Africa,2019,95.0199966430664,66.071,85.0,8.7,69.69689941,34.3,6533.71121032856
ZAF,South Africa,2020,,65.15,90.0,9.8,72.1128006,33.9,5580.60383075189
ZAF,South Africa,2021,90.0,62.01,89.3,9.7,74.96859741,34.0,6828.75624590017
ZAF,South Africa,2022,,65.454,86.5,,78.29319763,34.3,6534.24867783397
ZAF,South Africa,2023,,66.139,87.7,,78.33670044,34.8,6034.27208964673
ZMB,Zambia,2005,,51.615,23.3,88.9,1.299999952,102.7,710.982068171696
ZMB,Zambia,2006,,52.693,24.1,89.7,1.600000024,94.8,1051.71714895686
ZMB,Zambia,2007,,53.73,18.5,90.7,1.899999976,89.1,1118.73162626953
ZMB,Zambia,2008,,54.835,25.7,89.8,2.200000048,84.2,1375.50211006997
ZMB,Zambia,2009,,55.886,26.6,89.2,2.5,78.4,1136.24168316848
ZMB,Zambia,2010,83.1399993896484,56.896,22.0,89.2,3.0,74.3,1451.10616017155
ZMB,Zambia,2011,,57.843,28.3,87.9,3.5,71.8,1624.86817763443
ZMB,Zambia,2012,,58.704,29.2,85.4,4.099999905,69.2,1710.05061343728
ZMB,Zambia,2013,,59.445,30.1,85.3,4.8,66.0,1820.71854827391
ZMB,Zambia,2014,,60.109,27.9,84.6,6.5,62.6,1707.48573136694
ZMB,Zambia,2015,,60.728,31.1,84.0,8.8,60.2,1295.87788680068
ZMB,Zambia,2016,,61.129,35.4,84.0,10.30000019,57.1,1239.08527877713
ZMB,Zambia,2017,,61.564,40.3,83.5,12.19999981,55.2,1483.46577328065
ZMB,Zambia,2018,71.129997253418,62.138,40.2,83.8,14.2999970950012,54.7,1463.89997855593
ZMB,Zambia,2019,,62.914,43.0,86.1,14.47189999,53.5,1258.98619844462
ZMB,Zambia,2020,81.7530087399265,63.361,44.6,85.4,14.64579964,52.5,951.644316655957
ZMB,Zambia,2021,79.9494621864846,62.363,46.7,83.0,14.82190037,50.4,1127.16077872857
ZMB,Zambia,2022,79.9841479741156,65.279,47.8,,15.0,49.5,1447.12310138035
ZMB,Zambia,2023,,66.349,51.1,,16.45070076,49.1,1330.72780576709
ZWE,Zimbabwe,2005,,46.57,36.1,80.3,2.400000095,91.6,461.271387547912
ZWE,Zimbabwe,2006,,47.056,37.2,78.7,2.400000095,87.6,431.034994414964
ZWE,Zimbabwe,2007,,47.576,37.2,78.0,3.0,90.6,413.521244592925
ZWE,Zimbabwe,2008,,48.456,37.7,81.6,3.5,91.1,340.917447588572
ZWE,Zimbabwe,2009,,49.75,43.4,82.6,4.0,89.8,735.821693871697
ZWE,Zimbabwe,2010,,51.925,38.9,81.2,6.400000095,85.2,902.010759067388
ZWE,Zimbabwe,2011,,53.911,36.9,77.2,8.399999619,77.2,1037.77565157218
ZWE,Zimbabwe,2012,,55.386,44.0,77.0,12.0,68.0,1239.22709745709
ZWE,Zimbabwe,2013,,56.842,40.6,79.3,15.5,62.6,1362.99498323368
ZWE,Zimbabwe,2014,,58.106,32.3,80.8,16.3647399572904,59.8,1372.91526173161
ZWE,Zimbabwe,2015,,58.989,33.7,80.8,22.74279976,59.2,1387.12632595026
ZWE,Zimbabwe,2016,,59.76,42.5,81.7,23.12000084,57.5,1408.13945253431
ZWE,Zimbabwe,2017,,60.263,44.0,82.0,24.39999962,56.7,3445.44941020134
ZWE,Zimbabwe,2018,,60.906,45.4,79.7,25.0,56.3,2270.89531874302
ZWE,Zimbabwe,2019,93.2300033569336,61.06,46.7,81.0,26.5883007,58.6,2184.52155388801
ZWE,Zimbabwe,2020,,61.53,52.7,84.1,29.29856532,61.7,2059.63704025274
ZWE,Zimbabwe,2021,,60.135,49.0,82.4,32.5923996,62.4,2613.6167414057
ZWE,Zimbabwe,2022,,62.36,50.1,,36.25650024,64.0,2536.40197087505
ZWE,Zimbabwe,2023,,62.775,62.0,,38.67480087,64.2,2195.22502010174
